class	namespace	file	start	end	base	members
ACADExportOptions	Autodesk.Revit.DB	Autodesk/Revit/DB/__init__.py	3	28	BaseExportOptions	22
ACADVersion	Autodesk.Revit.DB	Autodesk/Revit/DB/__init__.py	29	33		0
ACAObjectPreference	Autodesk.Revit.DB	Autodesk/Revit/DB/__init__.py	34	38		0
ADPUtil	Autodesk.AutoCAD.Internal	Autodesk/AutoCAD/Internal/__init__.py	3	8		1
ADTDwgVersion	Autodesk.Aec.DatabaseServices	Autodesk/Aec/DatabaseServices.py	3	7		0
APIObject	Autodesk.Revit.DB	Autodesk/Revit/DB/__init__.py	39	44		2
AXMImportOptions	Autodesk.Revit.DB	Autodesk/Revit/DB/__init__.py	45	59	BaseImportOptions	11
AbbreviationAlignmentEnhancedType	Autodesk.Civil.Settings	Autodesk/Civil/Settings.py	3	7		0
AbbreviationAlignmentType	Autodesk.Civil.Settings	Autodesk/Civil/Settings.py	8	12		0
AbbreviationCantType	Autodesk.Civil.Settings	Autodesk/Civil/Settings.py	13	17		0
AbbreviationProfileType	Autodesk.Civil.Settings	Autodesk/Civil/Settings.py	18	22		0
AbbreviationSuperelevationType	Autodesk.Civil.Settings	Autodesk/Civil/Settings.py	23	27		0
AbortOnException	Autodesk.Navisworks.Api.Interop	Autodesk/Navisworks/Api/Interop/__init__.py	3	10		2
AboutToBeginBackgroundPublishingEventArgs	Autodesk.AutoCAD.Publishing	Autodesk/AutoCAD/Publishing.py	3	10	EventArgs	4
AboutToBeginBackgroundPublishingEventHandler	Autodesk.AutoCAD.Publishing	Autodesk/AutoCAD/Publishing.py	11	19		5
AboutToBeginPublishingEventArgs	Autodesk.AutoCAD.Publishing	Autodesk/AutoCAD/Publishing.py	20	28	EventArgs	5
AboutToBeginPublishingEventHandler	Autodesk.AutoCAD.Publishing	Autodesk/AutoCAD/Publishing.py	29	37		5
AboutToEndPublishingEventHandler	Autodesk.AutoCAD.Publishing	Autodesk/AutoCAD/Publishing.py	38	46		5
AboutToMoveFileEventHandler	Autodesk.AutoCAD.Publishing	Autodesk/AutoCAD/Publishing.py	47	55		5
AbstractViewTable	Autodesk.AutoCAD.DatabaseServices	Autodesk/AutoCAD/DatabaseServices/__init__.py	3	48	SymbolTable	42
AbstractViewTableRecord	Autodesk.AutoCAD.DatabaseServices	Autodesk/AutoCAD/DatabaseServices/__init__.py	49	126	SymbolTableRecord	74
AcAeUtilities	Autodesk.AutoCAD.Internal	Autodesk/AutoCAD/Internal/__init__.py	9	36		12
AcDownloadCallback	Autodesk.AutoCAD.Internal	Autodesk/AutoCAD/Internal/__init__.py	37	45		5
AcEdIPEReactorImpl	Autodesk.AutoCAD.Internal.Reactors	Autodesk/AutoCAD/Internal/Reactors.py	3	7		0
AcEdOPMObjectFilterReactorImpl	Autodesk.AutoCAD.Internal.Reactors	Autodesk/AutoCAD/Internal/Reactors.py	8	12		0
AcEdPropertyInspectorReactorImpl	Autodesk.AutoCAD.Internal.PropertyInspector	Autodesk/AutoCAD/Internal/PropertyInspector.py	3	7		0
AcEdUcsReactorImpl	Autodesk.AutoCAD.Internal.Reactors	Autodesk/AutoCAD/Internal/Reactors.py	13	17		0
AcEdViewFinalChangeReactorImpl	Autodesk.AutoCAD.Internal.Reactors	Autodesk/AutoCAD/Internal/Reactors.py	18	22		0
AcNavisworksProtocolAdapter	Autodesk.AutoCAD.Internal	Autodesk/AutoCAD/Internal/__init__.py	46	50		0
AcNavisworksService	Autodesk.AutoCAD.Internal	Autodesk/AutoCAD/Internal/__init__.py	51	56		2
AcPiMonitorReactorImpl	Autodesk.AutoCAD.Internal.PreviousInput	Autodesk/AutoCAD/Internal/PreviousInput.py	3	7		0
AcShareFileData	Autodesk.AutoCAD.Internal	Autodesk/AutoCAD/Internal/__init__.py	57	61		0
AcSmUtils	Autodesk.AutoCAD.Internal	Autodesk/AutoCAD/Internal/__init__.py	62	72		4
AcSunViewportMonitorReactorImpl	Autodesk.AutoCAD.Internal.Reactors	Autodesk/AutoCAD/Internal/Reactors.py	23	27		0
AcTcToolReactorImpl	Autodesk.AutoCAD.Windows.ToolPalette	Autodesk/AutoCAD/Windows/ToolPalette.py	3	7		0
AcVsESWDictionaryReactor	Autodesk.AutoCAD.Internal.Reactors	Autodesk/AutoCAD/Internal/Reactors.py	28	32		0
AcVsESWObjectReactor	Autodesk.AutoCAD.Internal.Reactors	Autodesk/AutoCAD/Internal/Reactors.py	33	37		0
AcWorkItemUtils	Autodesk.AutoCAD.Internal	Autodesk/AutoCAD/Internal/__init__.py	73	80		2
AcadTaskDialogs	Autodesk.AutoCAD.Internal	Autodesk/AutoCAD/Internal/__init__.py	81	106		11
AccelerationUnitType	Autodesk.Civil	Autodesk/Civil/__init__.py	3	7		0
AccessDeniedException	Autodesk.Revit.Exceptions	Autodesk/Revit/Exceptions.py	3	16	ApplicationException	10
AccessLevel	Autodesk.Revit.DB.ExtensibleStorage	Autodesk/Revit/DB/ExtensibleStorage.py	3	7		0
AccessViolationException	System	System/__init__.py	453	496	SystemException, ISerializable, _Exception	0
AccessibleEvents	System.Windows.Forms	System/Windows/Forms/__init__.py	11	96	Enum, IComparable, IFormattable, IConvertible	0
AccessibleNavigation	System.Windows.Forms	System/Windows/Forms/__init__.py	97	148	Enum, IComparable, IFormattable, IConvertible	0
AccessibleObject	System.Windows.Forms	System/Windows/Forms/__init__.py	149	478	StandardOleMarshalObject, IMarshal, IReflect, IAccessible, IEnumVariant, IOleWindow	0
AccessibleRole	System.Windows.Forms	System/Windows/Forms/__init__.py	479	588	Enum, IComparable, IFormattable, IConvertible	0
AccessibleSelection	System.Windows.Forms	System/Windows/Forms/__init__.py	589	638	Enum, IComparable, IFormattable, IConvertible	0
AccessibleStates	System.Windows.Forms	System/Windows/Forms/__init__.py	639	716	Enum, IComparable, IFormattable, IConvertible	0
ActionsToEvaluateCallback	Autodesk.AutoCAD.DatabaseServices	Autodesk/AutoCAD/DatabaseServices/__init__.py	127	132		2
ActivationContext	System	System/__init__.py	532	657	object, IDisposable, ISerializable	0
Activator	System	System/__init__.py	658	1648	object, _Activator	0
ActiveThemeColor	Autodesk.AutoCAD.Internal	Autodesk/AutoCAD/Internal/__init__.py	107	116		5
AdaptiveComponentFamilyUtils	Autodesk.Revit.DB	Autodesk/Revit/DB/__init__.py	60	91		14
AdaptiveComponentInstanceUtils	Autodesk.Revit.DB	Autodesk/Revit/DB/__init__.py	92	115		10
AdaptivePointConstraintType	Autodesk.Revit.DB	Autodesk/Revit/DB/__init__.py	116	120		0
AdaptivePointOrientationType	Autodesk.Revit.DB	Autodesk/Revit/DB/__init__.py	121	125		0
AdaptivePointType	Autodesk.Revit.DB	Autodesk/Revit/DB/__init__.py	126	130		0
AddInCommandBinding	Autodesk.Revit.UI	Autodesk/Revit/UI/__init__.py	3	7		1
AddInId	Autodesk.Revit.DB	Autodesk/Revit/DB/__init__.py	131	139		5
AddInIdAttribute	Autodesk.Revit.DB.Macros	Autodesk/Revit/DB/Macros.py	3	8	Attribute	2
AddInLocation	Autodesk.Navisworks.Api.Plugins	Autodesk/Navisworks/Api/Plugins.py	3	7		0
AddInPlugin	Autodesk.Navisworks.Api.Plugins	Autodesk/Navisworks/Api/Plugins.py	8	18	Plugin	7
AddInPluginAttribute	Autodesk.Navisworks.Api.Plugins	Autodesk/Navisworks/Api/Plugins.py	19	31	Attribute	9
AddInPluginRecord	Autodesk.Navisworks.Api.Plugins	Autodesk/Navisworks/Api/Plugins.py	32	61	PluginRecord	26
AddObjectSnapInfo	Autodesk.AutoCAD.DatabaseServices	Autodesk/AutoCAD/DatabaseServices/__init__.py	133	141		5
AddedKeywords	Autodesk.AutoCAD.EditorInput	Autodesk/AutoCAD/EditorInput.py	3	7		0
AdditionalAppliedAssemblyInfo	Autodesk.Civil.DatabaseServices	Autodesk/Civil/DatabaseServices/__init__.py	3	8		2
AdjustableArrowCap	System.Drawing.Drawing2D	System/Drawing/Drawing2D.py	188	332	CustomLineCap, ICloneable, IDisposable	0
AdvancedGlazing	Autodesk.Revit.DB.Visual	Autodesk/Revit/DB/Visual.py	3	17		11
AdvancedLayered	Autodesk.Revit.DB.Visual	Autodesk/Revit/DB/Visual.py	18	37		16
AdvancedLossFactor	Autodesk.Revit.DB.Lighting	Autodesk/Revit/DB/Lighting.py	3	15	LossFactor	9
AdvancedMetal	Autodesk.Revit.DB.Visual	Autodesk/Revit/DB/Visual.py	38	49		8
AdvancedOpaque	Autodesk.Revit.DB.Visual	Autodesk/Revit/DB/Visual.py	50	68		15
AdvancedTransparent	Autodesk.Revit.DB.Visual	Autodesk/Revit/DB/Visual.py	69	82		10
AdvancedWood	Autodesk.Revit.DB.Visual	Autodesk/Revit/DB/Visual.py	83	133		47
AecApplicationVersion	Autodesk.Aec.ApplicationServices	Autodesk/Aec/ApplicationServices.py	3	19	DisposableWrapper	11
AecXReferenceSubcommandActivities	Autodesk.Aec.DatabaseServices	Autodesk/Aec/DatabaseServices.py	8	12		0
AggregateException	System	System/__init__.py	1649	1774	Exception, ISerializable, _Exception	0
AirCoolingCoilType	Autodesk.Revit.DB.Mechanical	Autodesk/Revit/DB/Mechanical.py	3	7		0
AirFanType	Autodesk.Revit.DB.Mechanical	Autodesk/Revit/DB/Mechanical.py	8	12		0
AirHeatExchangerType	Autodesk.Revit.DB.Mechanical	Autodesk/Revit/DB/Mechanical.py	13	17		0
AirHeatingCoilType	Autodesk.Revit.DB.Mechanical	Autodesk/Revit/DB/Mechanical.py	18	22		0
AirSystemData	Autodesk.Revit.DB.Mechanical	Autodesk/Revit/DB/Mechanical.py	23	36		10
AlignedDimension	Autodesk.AutoCAD.DatabaseServices	Autodesk/AutoCAD/DatabaseServices/__init__.py	142	339	Dimension	194
AlignedDistributionRebarHandles	Autodesk.Revit.DB.Structure	Autodesk/Revit/DB/Structure/__init__.py	3	7		0
AlignedFreeFormSetOrientationOptions	Autodesk.Revit.DB.Structure	Autodesk/Revit/DB/Structure/__init__.py	8	12		0
Alignment	Autodesk.Civil.DatabaseServices	Autodesk/Civil/DatabaseServices/__init__.py	9	191	Feature	175
AlignmentArc	Autodesk.Civil.DatabaseServices	Autodesk/Civil/DatabaseServices/__init__.py	192	235	AlignmentCurve	40
AlignmentArcConstraintType	Autodesk.Civil.DatabaseServices	Autodesk/Civil/DatabaseServices/__init__.py	236	240		0
AlignmentCCRC	Autodesk.Civil.DatabaseServices	Autodesk/Civil/DatabaseServices/__init__.py	241	264	AlignmentCurve	20
AlignmentCCRCConstraintType	Autodesk.Civil.DatabaseServices	Autodesk/Civil/DatabaseServices/__init__.py	265	269		0
AlignmentCRC	Autodesk.Civil.DatabaseServices	Autodesk/Civil/DatabaseServices/__init__.py	270	292	AlignmentCurve	19
AlignmentCRCConstraintType	Autodesk.Civil.DatabaseServices	Autodesk/Civil/DatabaseServices/__init__.py	293	297		0
AlignmentCTC	Autodesk.Civil.DatabaseServices	Autodesk/Civil/DatabaseServices/__init__.py	298	321	AlignmentCurve	20
AlignmentCTCConstraintType	Autodesk.Civil.DatabaseServices	Autodesk/Civil/DatabaseServices/__init__.py	322	326		0
AlignmentCantLabelGroup	Autodesk.Civil.DatabaseServices	Autodesk/Civil/DatabaseServices/__init__.py	327	469	AlignmentLabelGroup	137
AlignmentCreationType	Autodesk.Civil.DatabaseServices	Autodesk/Civil/DatabaseServices/__init__.py	470	474		0
AlignmentCurve	Autodesk.Civil.DatabaseServices	Autodesk/Civil/DatabaseServices/__init__.py	475	494	AlignmentEntity	16
AlignmentCurveLabel	Autodesk.Civil.DatabaseServices	Autodesk/Civil/DatabaseServices/__init__.py	495	644	FeatureLabel	145
AlignmentDesignCheck	Autodesk.Civil	Autodesk/Civil/__init__.py	8	15	DesignCheck	4
AlignmentDesignCheckCollection	Autodesk.Civil	Autodesk/Civil/__init__.py	16	26	DesignCheckCollection<Autodesk::Civil::AlignmentDesignCheck ^>	7
AlignmentDesignCheckRoot	Autodesk.Civil	Autodesk/Civil/__init__.py	27	35		5
AlignmentDesignCheckSet	Autodesk.Civil.DatabaseServices.Styles	Autodesk/Civil/DatabaseServices/Styles.py	3	59	StyleBase	53
AlignmentDesignCheckSetCollection	Autodesk.Civil.DatabaseServices.Styles	Autodesk/Civil/DatabaseServices/Styles.py	60	70	StyleCollectionBase	7
AlignmentDesignCheckType	Autodesk.Civil	Autodesk/Civil/__init__.py	36	40		0
AlignmentDesignSpeedLabelGroup	Autodesk.Civil.DatabaseServices	Autodesk/Civil/DatabaseServices/__init__.py	645	787	AlignmentLabelGroup	136
AlignmentDisplayStyleType	Autodesk.Civil.DatabaseServices.Styles	Autodesk/Civil/DatabaseServices/Styles.py	71	75		0
AlignmentDividedPivotType	Autodesk.Civil	Autodesk/Civil/__init__.py	41	45		0
AlignmentEntity	Autodesk.Civil.DatabaseServices	Autodesk/Civil/DatabaseServices/__init__.py	788	804	DisposableWrapper	13
AlignmentEntityCollection	Autodesk.Civil.DatabaseServices	Autodesk/Civil/DatabaseServices/__init__.py	805	842	CivilWrapper<AeccDbAlignment>	34
AlignmentEntityConstraintType	Autodesk.Civil.DatabaseServices	Autodesk/Civil/DatabaseServices/__init__.py	843	847		0
AlignmentEntityType	Autodesk.Civil.DatabaseServices	Autodesk/Civil/DatabaseServices/__init__.py	848	852		0
AlignmentGeometryPointLabelGroup	Autodesk.Civil.DatabaseServices	Autodesk/Civil/DatabaseServices/__init__.py	853	997	AlignmentLabelGroup	138
AlignmentGeometryPointStationType	Autodesk.Civil.DatabaseServices	Autodesk/Civil/DatabaseServices/__init__.py	998	1002		0
AlignmentIndexedPILabel	Autodesk.Civil.DatabaseServices	Autodesk/Civil/DatabaseServices/__init__.py	1003	1152	FeatureLabel	145
AlignmentLabelGroup	Autodesk.Civil.DatabaseServices	Autodesk/Civil/DatabaseServices/__init__.py	1153	1293	AutoFeatureLabelGroup	135
AlignmentLabelSetItem	Autodesk.Civil.DatabaseServices.Styles	Autodesk/Civil/DatabaseServices/Styles.py	76	89	BaseLabelSetItem	10
AlignmentLabelSetStyle	Autodesk.Civil.DatabaseServices.Styles	Autodesk/Civil/DatabaseServices/Styles.py	90	146	BaseLabelSetStyle	53
AlignmentLabelSetStyleCollection	Autodesk.Civil.DatabaseServices.Styles	Autodesk/Civil/DatabaseServices/Styles.py	147	157	StyleCollectionBase	7
AlignmentLine	Autodesk.Civil.DatabaseServices	Autodesk/Civil/DatabaseServices/__init__.py	1294	1320	AlignmentCurve	23
AlignmentLineConstraintType	Autodesk.Civil.DatabaseServices	Autodesk/Civil/DatabaseServices/__init__.py	1321	1325		0
AlignmentLockModeType	Autodesk.Civil	Autodesk/Civil/__init__.py	46	50		0
AlignmentMedianTreatmentType	Autodesk.Civil	Autodesk/Civil/__init__.py	51	55		0
AlignmentMinorStationLabelGroup	Autodesk.Civil.DatabaseServices	Autodesk/Civil/DatabaseServices/__init__.py	1326	1471	AlignmentStationLabelGroup	139
AlignmentMultipleSegments	Autodesk.Civil.DatabaseServices	Autodesk/Civil/DatabaseServices/__init__.py	1472	1492	AlignmentCurve	17
AlignmentMultipleSegmentsConstraintType	Autodesk.Civil.DatabaseServices	Autodesk/Civil/DatabaseServices/__init__.py	1493	1497		0
AlignmentPILabel	Autodesk.Civil.DatabaseServices	Autodesk/Civil/DatabaseServices/__init__.py	1498	1647	FeatureLabel	145
AlignmentPointType	Autodesk.Civil	Autodesk/Civil/__init__.py	56	60		0
AlignmentRegion	Autodesk.Civil.DatabaseServices	Autodesk/Civil/DatabaseServices/__init__.py	1648	1662	CivilWrapper<AeccDbAlignment>	11
AlignmentRegionCollection	Autodesk.Civil.DatabaseServices	Autodesk/Civil/DatabaseServices/__init__.py	1663	1672	CivilWrapper<AeccDbAlignment>	6
AlignmentRegionType	Autodesk.Civil.DatabaseServices	Autodesk/Civil/DatabaseServices/__init__.py	1673	1677		0
AlignmentSCS	Autodesk.Civil.DatabaseServices	Autodesk/Civil/DatabaseServices/__init__.py	1678	1702	AlignmentCurve	21
AlignmentSCSCS	Autodesk.Civil.DatabaseServices	Autodesk/Civil/DatabaseServices/__init__.py	1703	1728	AlignmentCurve	22
AlignmentSCSCSConstraintType	Autodesk.Civil.DatabaseServices	Autodesk/Civil/DatabaseServices/__init__.py	1729	1733		0
AlignmentSCSConstraintType	Autodesk.Civil.DatabaseServices	Autodesk/Civil/DatabaseServices/__init__.py	1734	1738		0
AlignmentSCSSCS	Autodesk.Civil.DatabaseServices	Autodesk/Civil/DatabaseServices/__init__.py	1739	1765	AlignmentCurve	23
AlignmentSCSSCSConstraintType	Autodesk.Civil.DatabaseServices	Autodesk/Civil/DatabaseServices/__init__.py	1766	1770		0
AlignmentSSCSS	Autodesk.Civil.DatabaseServices	Autodesk/Civil/DatabaseServices/__init__.py	1771	1797	AlignmentCurve	23
AlignmentSSCSSConstraintType	Autodesk.Civil.DatabaseServices	Autodesk/Civil/DatabaseServices/__init__.py	1798	1802		0
AlignmentSTS	Autodesk.Civil.DatabaseServices	Autodesk/Civil/DatabaseServices/__init__.py	1803	1826	AlignmentCurve	20
AlignmentSTSConstraintType	Autodesk.Civil.DatabaseServices	Autodesk/Civil/DatabaseServices/__init__.py	1827	1831		0
AlignmentSide	Autodesk.Civil.DatabaseServices	Autodesk/Civil/DatabaseServices/__init__.py	1832	1836		0
AlignmentSpiral	Autodesk.Civil.DatabaseServices	Autodesk/Civil/DatabaseServices/__init__.py	1837	1880	AlignmentCurve	40
AlignmentSpiralConstraintType	Autodesk.Civil.DatabaseServices	Autodesk/Civil/DatabaseServices/__init__.py	1881	1885		0
AlignmentSpiralLabel	Autodesk.Civil.DatabaseServices	Autodesk/Civil/DatabaseServices/__init__.py	1886	2035	FeatureLabel	145
AlignmentStationEquationLabelGroup	Autodesk.Civil.DatabaseServices	Autodesk/Civil/DatabaseServices/__init__.py	2036	2178	AlignmentLabelGroup	136
AlignmentStationLabelGroup	Autodesk.Civil.DatabaseServices	Autodesk/Civil/DatabaseServices/__init__.py	2179	2324	AlignmentLabelGroup	138
AlignmentStyle	Autodesk.Civil.DatabaseServices.Styles	Autodesk/Civil/DatabaseServices/Styles.py	158	234	StyleBase	73
AlignmentStyleCollection	Autodesk.Civil.DatabaseServices.Styles	Autodesk/Civil/DatabaseServices/Styles.py	235	245	StyleCollectionBase	7
AlignmentSubEntity	Autodesk.Civil.DatabaseServices	Autodesk/Civil/DatabaseServices/__init__.py	2325	2342	DisposableWrapper	14
AlignmentSubEntityArc	Autodesk.Civil.DatabaseServices	Autodesk/Civil/DatabaseServices/__init__.py	2343	2379	AlignmentSubEntity	33
AlignmentSubEntityLine	Autodesk.Civil.DatabaseServices	Autodesk/Civil/DatabaseServices/__init__.py	2380	2398	AlignmentSubEntity	15
AlignmentSubEntitySpiral	Autodesk.Civil.DatabaseServices	Autodesk/Civil/DatabaseServices/__init__.py	2399	2434	AlignmentSubEntity	32
AlignmentSubEntityType	Autodesk.Civil.DatabaseServices	Autodesk/Civil/DatabaseServices/__init__.py	2435	2439		0
AlignmentSuperelevationLabelGroup	Autodesk.Civil.DatabaseServices	Autodesk/Civil/DatabaseServices/__init__.py	2440	2584	AlignmentLabelGroup	138
AlignmentTable	Autodesk.Civil.DatabaseServices	Autodesk/Civil/DatabaseServices/__init__.py	2585	2699	Table	111
AlignmentTangentLabel	Autodesk.Civil.DatabaseServices	Autodesk/Civil/DatabaseServices/__init__.py	2700	2849	FeatureLabel	145
AlignmentTrackDistanceData	Autodesk.Civil.DatabaseServices	Autodesk/Civil/DatabaseServices/__init__.py	2850	2854		0
AlignmentTransition	Autodesk.Civil.DatabaseServices	Autodesk/Civil/DatabaseServices/__init__.py	2855	2863	CivilWrapper<AeccDbAlignment>	5
AlignmentTransitionCollection	Autodesk.Civil.DatabaseServices	Autodesk/Civil/DatabaseServices/__init__.py	2864	2871	CivilWrapper<AeccDbAlignment>	4
AlignmentTransitionSegmentType	Autodesk.Civil	Autodesk/Civil/__init__.py	61	65		0
AlignmentType	Autodesk.Civil.DatabaseServices	Autodesk/Civil/DatabaseServices/__init__.py	2872	2876		0
AlignmentUndividedPivotType	Autodesk.Civil	Autodesk/Civil/__init__.py	66	70		0
AlignmentUpdateModeType	Autodesk.Civil	Autodesk/Civil/__init__.py	71	75		0
AlignmentUpdateType	Autodesk.Civil.DatabaseServices	Autodesk/Civil/DatabaseServices/__init__.py	2877	2881		0
AlignmentVerticalGeometryPointLabelGroup	Autodesk.Civil.DatabaseServices	Autodesk/Civil/DatabaseServices/__init__.py	2882	3027	AlignmentLabelGroup	139
AllowLargeGeometry	Autodesk.Revit.DB.Analysis	Autodesk/Revit/DB/Analysis.py	3	7		0
AllowedValues	Autodesk.Revit.DB	Autodesk/Revit/DB/__init__.py	140	144		0
AlphanumericRevisionSettings	Autodesk.Revit.DB	Autodesk/Revit/DB/__init__.py	145	156		8
AlternateUnits	Autodesk.Revit.DB	Autodesk/Revit/DB/__init__.py	157	161		0
AmbientProperties	System.Windows.Forms	System/Windows/Forms/__init__.py	717	778	object	0
AnalysisDisplayColorEntry	Autodesk.Revit.DB.Analysis	Autodesk/Revit/DB/Analysis.py	8	17		6
AnalysisDisplayColorSettings	Autodesk.Revit.DB.Analysis	Autodesk/Revit/DB/Analysis.py	18	31		10
AnalysisDisplayColoredSurfaceSettings	Autodesk.Revit.DB.Analysis	Autodesk/Revit/DB/Analysis.py	32	43		8
AnalysisDisplayDeformedShapeSettings	Autodesk.Revit.DB.Analysis	Autodesk/Revit/DB/Analysis.py	44	58		11
AnalysisDisplayDiagramSettings	Autodesk.Revit.DB.Analysis	Autodesk/Revit/DB/Analysis.py	59	72		10
AnalysisDisplayLegend	Autodesk.Revit.DB.Analysis	Autodesk/Revit/DB/Analysis.py	73	104	Element	28
AnalysisDisplayLegendSettings	Autodesk.Revit.DB.Analysis	Autodesk/Revit/DB/Analysis.py	105	123		15
AnalysisDisplayMarkersAndTextSettings	Autodesk.Revit.DB.Analysis	Autodesk/Revit/DB/Analysis.py	124	135		8
AnalysisDisplayStyle	Autodesk.Revit.DB.Analysis	Autodesk/Revit/DB/Analysis.py	136	196	Element	52
AnalysisDisplayStyleColorSettingsType	Autodesk.Revit.DB.Analysis	Autodesk/Revit/DB/Analysis.py	197	201		0
AnalysisDisplayStyleDeformedShapeTextLabelType	Autodesk.Revit.DB.Analysis	Autodesk/Revit/DB/Analysis.py	202	206		0
AnalysisDisplayStyleDiagramFenceType	Autodesk.Revit.DB.Analysis	Autodesk/Revit/DB/Analysis.py	207	211		0
AnalysisDisplayStyleDiagramTextLabelType	Autodesk.Revit.DB.Analysis	Autodesk/Revit/DB/Analysis.py	212	216		0
AnalysisDisplayStyleMarkerTextLabelType	Autodesk.Revit.DB.Analysis	Autodesk/Revit/DB/Analysis.py	217	221		0
AnalysisDisplayStyleMarkerType	Autodesk.Revit.DB.Analysis	Autodesk/Revit/DB/Analysis.py	222	226		0
AnalysisDisplayStyleVectorArrowheadScale	Autodesk.Revit.DB.Analysis	Autodesk/Revit/DB/Analysis.py	227	231		0
AnalysisDisplayStyleVectorOrientation	Autodesk.Revit.DB.Analysis	Autodesk/Revit/DB/Analysis.py	232	236		0
AnalysisDisplayStyleVectorPosition	Autodesk.Revit.DB.Analysis	Autodesk/Revit/DB/Analysis.py	237	241		0
AnalysisDisplayStyleVectorTextType	Autodesk.Revit.DB.Analysis	Autodesk/Revit/DB/Analysis.py	242	246		0
AnalysisDisplayVectorSettings	Autodesk.Revit.DB.Analysis	Autodesk/Revit/DB/Analysis.py	247	260		10
AnalysisMode	Autodesk.Revit.DB.Analysis	Autodesk/Revit/DB/Analysis.py	261	265		0
AnalysisResultSchema	Autodesk.Revit.DB.Analysis	Autodesk/Revit/DB/Analysis.py	266	282		13
AnalyticalBusData	Autodesk.Revit.DB.Electrical	Autodesk/Revit/DB/Electrical.py	3	13	AnalyticalPowerDistributableNodeData	7
AnalyticalCurveSelector	Autodesk.Revit.DB.Structure	Autodesk/Revit/DB/Structure/__init__.py	13	17		0
AnalyticalDistributionNodePropertyData	Autodesk.Revit.DB.Electrical	Autodesk/Revit/DB/Electrical.py	14	20		3
AnalyticalElement	Autodesk.Revit.DB.Structure	Autodesk/Revit/DB/Structure/__init__.py	18	61	Element	40
AnalyticalElementSelector	Autodesk.Revit.DB.Structure	Autodesk/Revit/DB/Structure/__init__.py	62	66		0
AnalyticalEquipmentLoadData	Autodesk.Revit.DB.Electrical	Autodesk/Revit/DB/Electrical.py	21	36	AnalyticalDistributionNodePropertyData	12
AnalyticalFixityState	Autodesk.Revit.DB.Structure	Autodesk/Revit/DB/Structure/__init__.py	67	71		0
AnalyticalLink	Autodesk.Revit.DB.Structure	Autodesk/Revit/DB/Structure/__init__.py	72	112	Element	35
AnalyticalLinkType	Autodesk.Revit.DB.Structure	Autodesk/Revit/DB/Structure/__init__.py	113	155	ElementType	38
AnalyticalLoopType	Autodesk.Revit.DB.Structure	Autodesk/Revit/DB/Structure/__init__.py	156	160		0
AnalyticalMember	Autodesk.Revit.DB.Structure	Autodesk/Revit/DB/Structure/__init__.py	161	213	AnalyticalElement	47
AnalyticalModelSelector	Autodesk.Revit.DB.Structure	Autodesk/Revit/DB/Structure/__init__.py	214	220		3
AnalyticalNodeConnectionStatus	Autodesk.Revit.DB.Structure	Autodesk/Revit/DB/Structure/__init__.py	221	225		0
AnalyticalNodeData	Autodesk.Revit.DB.Structure	Autodesk/Revit/DB/Structure/__init__.py	226	234		4
AnalyticalOpening	Autodesk.Revit.DB.Structure	Autodesk/Revit/DB/Structure/__init__.py	235	275	AnalyticalSurfaceBase	35
AnalyticalPanel	Autodesk.Revit.DB.Structure	Autodesk/Revit/DB/Structure/__init__.py	276	315	AnalyticalSurfaceBase	35
AnalyticalPowerDistributableNodeData	Autodesk.Revit.DB.Electrical	Autodesk/Revit/DB/Electrical.py	37	50	AnalyticalDistributionNodePropertyData	10
AnalyticalPowerSourceData	Autodesk.Revit.DB.Electrical	Autodesk/Revit/DB/Electrical.py	51	61	AnalyticalPowerDistributableNodeData	7
AnalyticalRigidLinksOption	Autodesk.Revit.DB.Structure	Autodesk/Revit/DB/Structure/__init__.py	316	320		0
AnalyticalStructuralRole	Autodesk.Revit.DB.Structure	Autodesk/Revit/DB/Structure/__init__.py	321	325		0
AnalyticalSupportPriority	Autodesk.Revit.DB.Structure	Autodesk/Revit/DB/Structure/__init__.py	326	330		0
AnalyticalSupportType	Autodesk.Revit.DB.Structure	Autodesk/Revit/DB/Structure/__init__.py	331	335		0
AnalyticalSurfaceBase	Autodesk.Revit.DB.Structure	Autodesk/Revit/DB/Structure/__init__.py	336	374	AnalyticalElement	35
AnalyticalSystemDomain	Autodesk.Revit.DB.Mechanical	Autodesk/Revit/DB/Mechanical.py	37	41		0
AnalyticalToPhysicalAssociationManager	Autodesk.Revit.DB.Structure	Autodesk/Revit/DB/Structure/__init__.py	375	417	Element	36
AnalyticalTransferSwitchData	Autodesk.Revit.DB.Electrical	Autodesk/Revit/DB/Electrical.py	62	72	AnalyticalPowerDistributableNodeData	7
AnalyticalTransformerData	Autodesk.Revit.DB.Electrical	Autodesk/Revit/DB/Electrical.py	73	83	AnalyticalPowerDistributableNodeData	7
AnalyzeAs	Autodesk.Revit.DB.Structure	Autodesk/Revit/DB/Structure/__init__.py	418	422		0
AnalyzesAsType	Autodesk.Revit.DB	Autodesk/Revit/DB/__init__.py	162	166		0
Anchor	Autodesk.Aec.DatabaseServices	Autodesk/Aec/DatabaseServices.py	13	61	DBObject	45
AnchorContext	Autodesk.Aec.DatabaseServices	Autodesk/Aec/DatabaseServices.py	62	66		0
AnchorEntityToCurve	Autodesk.Aec.DatabaseServices	Autodesk/Aec/DatabaseServices.py	67	135	AnchorToReference	65
AnchorEntityToEntity	Autodesk.Aec.DatabaseServices	Autodesk/Aec/DatabaseServices.py	136	189	AnchorToReference	50
AnchorEntityToGridAssembly	Autodesk.Aec.DatabaseServices	Autodesk/Aec/DatabaseServices.py	190	252	AnchorToReference	59
AnchorEntityToLayoutCell	Autodesk.Aec.DatabaseServices	Autodesk/Aec/DatabaseServices.py	253	318	AnchorEntityToLayoutNode	62
AnchorEntityToLayoutNode	Autodesk.Aec.DatabaseServices	Autodesk/Aec/DatabaseServices.py	319	382	AnchorToReference	60
AnchorEntityToLayoutVolume	Autodesk.Aec.DatabaseServices	Autodesk/Aec/DatabaseServices.py	383	448	AnchorEntityToLayoutCell	62
AnchorInfo	Autodesk.Civil.DatabaseServices	Autodesk/Civil/DatabaseServices/__init__.py	3028	3032		0
AnchorLeaderToNode	Autodesk.Aec.DatabaseServices	Autodesk/Aec/DatabaseServices.py	449	516	AnchorEntityToLayoutNode	64
AnchorLeaderToNodeVectorCollection	Autodesk.Aec.DatabaseServices	Autodesk/Aec/DatabaseServices.py	517	531		11
AnchorLocationType	Autodesk.Civil	Autodesk/Civil/__init__.py	76	80		0
AnchorPointType	Autodesk.Civil	Autodesk/Civil/__init__.py	81	85		0
AnchorStyles	System.Windows.Forms	System/Windows/Forms/__init__.py	779	827	Enum, IComparable, IFormattable, IConvertible	0
AnchorToCurveX	Autodesk.Aec.DatabaseServices	Autodesk/Aec/DatabaseServices.py	532	545	ImpObject	10
AnchorToCurveY	Autodesk.Aec.DatabaseServices	Autodesk/Aec/DatabaseServices.py	546	558	ImpObject	9
AnchorToCurveZ	Autodesk.Aec.DatabaseServices	Autodesk/Aec/DatabaseServices.py	559	571	ImpObject	9
AnchorToReference	Autodesk.Aec.DatabaseServices	Autodesk/Aec/DatabaseServices.py	572	636	Anchor	61
AndExpression	Autodesk.AutoCAD.LayerManager	Autodesk/AutoCAD/LayerManager.py	3	7		1
AngleConstraint	Autodesk.AutoCAD.DatabaseServices	Autodesk/AutoCAD/DatabaseServices/__init__.py	340	344		0
AngleFormatType	Autodesk.Civil	Autodesk/Civil/__init__.py	86	90		0
AngleUnitType	Autodesk.Civil	Autodesk/Civil/__init__.py	91	95		0
AngleUnitsEnum	Autodesk.AutoCAD.Internal.Calculator	Autodesk/AutoCAD/Internal/Calculator.py	3	7		0
AngularConstraint	Autodesk.AutoCAD.DatabaseServices	Autodesk/AutoCAD/DatabaseServices/__init__.py	345	368	ExplicitConstraint	18
AngularDimension	Autodesk.Revit.DB	Autodesk/Revit/DB/__init__.py	167	223	Dimension	52
AngularUnit	Autodesk.Aec.DatabaseServices	Autodesk/Aec/DatabaseServices.py	637	641		0
AngularUnitFormat	Autodesk.AutoCAD.Runtime	Autodesk/AutoCAD/Runtime.py	3	7		0
AnimationBehavior	Autodesk.Navisworks.Api	Autodesk/Navisworks/Api/__init__.py	3	7		0
AnimationEditor	Autodesk.AutoCAD.Windows.Data	Autodesk/AutoCAD/Windows/Data/__init__.py	3	8		2
AnnotationFamilyUtils	Autodesk.Revit.DB	Autodesk/Revit/DB/__init__.py	224	239		6
AnnotationLabel	Autodesk.Revit.DB	Autodesk/Revit/DB/__init__.py	240	283	TextElement	40
AnnotationLabelParameterFormatting	Autodesk.Revit.DB	Autodesk/Revit/DB/__init__.py	284	295		8
AnnotationMultipleAlignmentUtils	Autodesk.Revit.DB	Autodesk/Revit/DB/__init__.py	296	309		6
AnnotationScale	Autodesk.AutoCAD.DatabaseServices	Autodesk/AutoCAD/DatabaseServices/__init__.py	369	382	ObjectContext	10
AnnotationSymbol	Autodesk.Revit.DB	Autodesk/Revit/DB/__init__.py	310	379	FamilyInstance	66
AnnotationSymbolType	Autodesk.Revit.DB	Autodesk/Revit/DB/__init__.py	380	418	FamilySymbol	35
AnnotationType	Autodesk.AutoCAD.DatabaseServices	Autodesk/AutoCAD/DatabaseServices/__init__.py	383	387		0
AnnotativeStates	Autodesk.AutoCAD.DatabaseServices	Autodesk/AutoCAD/DatabaseServices/__init__.py	388	392		0
ApiSecurity	Autodesk.Navisworks.Internal.ApiImplementation	Autodesk/Navisworks/Internal/ApiImplementation/__init__.py	3	10		2
AppContext	System	System/__init__.py	1775	1800	object	0
AppDomain	System	System/__init__.py	3099	5324	MarshalByRefObject, _AppDomain, IEvidenceFactory	0
AppDomainInitializer	System	System/__init__.py	6116	6220	MulticastDelegate, ICloneable, ISerializable	0
AppDomainManager	System	System/__init__.py	6221	6369	MarshalByRefObject	0
AppDomainManagerInitializationOptions	System	System/__init__.py	7325	7370	Enum, IComparable, IFormattable, IConvertible	0
AppDomainSetup	System	System/__init__.py	7371	7760	object, IAppDomainSetup	0
AppDomainUnloadedException	System	System/__init__.py	7761	7804	SystemException, ISerializable, _Exception	0
AppLoaderDownloadUtils	Autodesk.AutoCAD.Internal	Autodesk/AutoCAD/Internal/__init__.py	117	122		1
AppMenuUtil	Autodesk.AutoCAD.Internal	Autodesk/AutoCAD/Internal/__init__.py	123	134		4
AppPlotStatus	Autodesk.AutoCAD.PlottingServices	Autodesk/AutoCAD/PlottingServices.py	3	7		0
Appearance	System.Windows.Forms	System/Windows/Forms/__init__.py	828	873	Enum, IComparable, IFormattable, IConvertible	0
AppearanceAssetEditScope	Autodesk.Revit.DB.Visual	Autodesk/Revit/DB/Visual.py	134	143		6
AppearanceAssetElement	Autodesk.Revit.DB	Autodesk/Revit/DB/__init__.py	419	456	Element	32
AppearanceOverrides	Autodesk.Navisworks.Api	Autodesk/Navisworks/Api/__init__.py	8	12		1
Application	Autodesk.AutoCAD.ApplicationServices	Autodesk/AutoCAD/ApplicationServices/__init__.py	3	65	Application	35
Application	Autodesk.AutoCAD.ApplicationServices.Core	Autodesk/AutoCAD/ApplicationServices/Core.py	3	45		26
Application	Autodesk.Navisworks.Api	Autodesk/Navisworks/Api/__init__.py	13	47		22
Application	Autodesk.Revit.ApplicationServices	Autodesk/Revit/ApplicationServices.py	3	92		83
Application	Autodesk.Revit.Creation	Autodesk/Revit/Creation.py	3	45	APIObject	39
Application	System.Windows.Forms	System/Windows/Forms/__init__.py	874	1177	object	0
ApplicationAutomation	Autodesk.Navisworks.Api.ApplicationParts	Autodesk/Navisworks/Api/ApplicationParts.py	3	19		13
ApplicationAutomationImpl	Autodesk.Navisworks.Internal.ApiImplementation	Autodesk/Navisworks/Internal/ApiImplementation/__init__.py	11	42		14
ApplicationClosingEventArgs	Autodesk.Revit.UI.Events	Autodesk/Revit/UI/Events.py	3	8	RevitAPIPreEventArgs	2
ApplicationConfig	Autodesk.Navisworks.Internal.ApiImplementation	Autodesk/Navisworks/Internal/ApiImplementation/__init__.py	43	47		0
ApplicationContext	System.Windows.Forms	System/Windows/Forms/__init__.py	1178	1294	object, IDisposable	0
ApplicationDockLayoutChangedEventHandler	Autodesk.AutoCAD.Internal.Reactors	Autodesk/AutoCAD/Internal/Reactors.py	38	46		5
ApplicationDocumentFrameChangedEventHandler	Autodesk.AutoCAD.Internal.Reactors	Autodesk/AutoCAD/Internal/Reactors.py	47	55		5
ApplicationDragDrop	Autodesk.Navisworks.Api.ApplicationParts	Autodesk/Navisworks/Api/ApplicationParts.py	20	26		3
ApplicationEntryPoint	Autodesk.Revit.DB.Macros	Autodesk/Revit/DB/Macros.py	9	72	Application	60
ApplicationEntryPoint	Autodesk.Revit.UI.Macros	Autodesk/Revit/UI/Macros.py	3	23	UIApplication	17
ApplicationEventManager	Autodesk.AutoCAD.Internal.Reactors	Autodesk/AutoCAD/Internal/Reactors.py	56	61		1
ApplicationException	Autodesk.Revit.Exceptions	Autodesk/Revit/Exceptions.py	17	30	Exception	10
ApplicationException	System	System/__init__.py	7805	7848	Exception, ISerializable, _Exception	0
ApplicationId	System	System/__init__.py	7849	7983	object	0
ApplicationIdentity	System	System/__init__.py	7984	8046	object, ISerializable	0
ApplicationImpl	Autodesk.Navisworks.Internal.ApiImplementation	Autodesk/Navisworks/Internal/ApiImplementation/__init__.py	48	105		28
ApplicationInitializedEventArgs	Autodesk.Revit.DB.Events	Autodesk/Revit/DB/Events.py	3	8	RevitAPISingleEventArgs	2
ApplicationLoadReasons	Autodesk.AutoCAD.DatabaseServices	Autodesk/AutoCAD/DatabaseServices/__init__.py	393	397		0
ApplicationMainWindowMovedEventHandler	Autodesk.AutoCAD.Internal.Reactors	Autodesk/AutoCAD/Internal/Reactors.py	62	70		5
ApplicationMainWindowSizedEventHandler	Autodesk.AutoCAD.Internal.Reactors	Autodesk/AutoCAD/Internal/Reactors.py	71	79		5
ApplicationMainWindowStateChangedEventArgs	Autodesk.AutoCAD.Internal.Reactors	Autodesk/AutoCAD/Internal/Reactors.py	80	85	EventArgs	2
ApplicationMainWindowVisibleChangedEventHandler	Autodesk.AutoCAD.Internal.Reactors	Autodesk/AutoCAD/Internal/Reactors.py	86	94		5
ApplicationOptions	Autodesk.Navisworks.Api.ApplicationParts	Autodesk/Navisworks/Api/ApplicationParts.py	27	31		1
ApplicationPlugins	Autodesk.Navisworks.Api.ApplicationParts	Autodesk/Navisworks/Api/ApplicationParts.py	32	40		5
ApplicationResources	Autodesk.Navisworks.Api.ApplicationParts	Autodesk/Navisworks/Api/ApplicationParts.py	41	47		3
ApplicationTrace	Autodesk.Navisworks.Api.Interop	Autodesk/Navisworks/Api/Interop/__init__.py	11	20		3
ApplicationVersion	Autodesk.Navisworks.Api.ApplicationParts	Autodesk/Navisworks/Api/ApplicationParts.py	48	61		10
AppliedAssembly	Autodesk.Civil.DatabaseServices	Autodesk/Civil/DatabaseServices/__init__.py	3033	3049	CivilWrapper<AeccDbCorridor>	13
AppliedAssemblyCollection	Autodesk.Civil.DatabaseServices	Autodesk/Civil/DatabaseServices/__init__.py	3050	3060	CivilWrapper<AeccDbCorridor>	7
AppliedAssemblySetting	Autodesk.Civil.DatabaseServices	Autodesk/Civil/DatabaseServices/__init__.py	3061	3080		16
AppliedSubassembly	Autodesk.Civil.DatabaseServices	Autodesk/Civil/DatabaseServices/__init__.py	3081	3094	CivilWrapper<AeccDbCorridor>	10
AppliedSubassemblyCollection	Autodesk.Civil.DatabaseServices	Autodesk/Civil/DatabaseServices/__init__.py	3095	3104	CivilWrapper<AeccDbCorridor>	6
AppliedSubassemblyParam	Autodesk.Civil.DatabaseServices	Autodesk/Civil/DatabaseServices/__init__.py	3105	3118		10
ApplyToFlags	Autodesk.Aec.DatabaseServices	Autodesk/Aec/DatabaseServices.py	642	646		0
Arc	Autodesk.AutoCAD.DatabaseServices	Autodesk/AutoCAD/DatabaseServices/__init__.py	398	488	Curve	87
Arc	Autodesk.Revit.DB	Autodesk/Revit/DB/__init__.py	457	479	Curve	18
ArcDimension	Autodesk.AutoCAD.DatabaseServices	Autodesk/AutoCAD/DatabaseServices/__init__.py	489	693	Dimension	201
ArcLengthDimension	Autodesk.Revit.DB	Autodesk/Revit/DB/__init__.py	480	535	AngularDimension	51
ArcType	Autodesk.AutoCAD.GraphicsInterface	Autodesk/AutoCAD/GraphicsInterface.py	3	7		0
Area	Autodesk.Revit.DB	Autodesk/Revit/DB/__init__.py	536	573	SpatialElement	34
AreaBasedLoadBoundaryLineData	Autodesk.Revit.DB.Electrical	Autodesk/Revit/DB/Electrical.py	84	94		7
AreaBasedLoadData	Autodesk.Revit.DB.Electrical	Autodesk/Revit/DB/Electrical.py	95	120	ZoneElementDomainData	22
AreaBasedLoadType	Autodesk.Revit.DB.Electrical	Autodesk/Revit/DB/Electrical.py	121	158	Element	33
AreaCreationData	Autodesk.Revit.Creation	Autodesk/Revit/Creation.py	46	50		1
AreaElemType	Autodesk.Revit.DB	Autodesk/Revit/DB/__init__.py	574	578		0
AreaFilter	Autodesk.Revit.DB	Autodesk/Revit/DB/__init__.py	579	584	ElementSlowFilter	2
AreaLoad	Autodesk.Revit.DB.Structure	Autodesk/Revit/DB/Structure/__init__.py	423	482	LoadBase	52
AreaLoadType	Autodesk.Revit.DB.Structure	Autodesk/Revit/DB/Structure/__init__.py	483	517	LoadTypeBase	31
AreaReinforcement	Autodesk.Revit.DB.Structure	Autodesk/Revit/DB/Structure/__init__.py	518	573	Element	49
AreaReinforcementCurve	Autodesk.Revit.DB.Structure	Autodesk/Revit/DB/Structure/__init__.py	574	611	CurveElement	34
AreaReinforcementLayerType	Autodesk.Revit.DB.Structure	Autodesk/Revit/DB/Structure/__init__.py	612	616		0
AreaReinforcementType	Autodesk.Revit.DB.Structure	Autodesk/Revit/DB/Structure/__init__.py	617	653	ElementType	32
AreaScheme	Autodesk.Revit.DB	Autodesk/Revit/DB/__init__.py	585	616	Element	28
AreaTag	Autodesk.Revit.DB	Autodesk/Revit/DB/__init__.py	617	662	SpatialElementTag	42
AreaTagFilter	Autodesk.Revit.DB	Autodesk/Revit/DB/__init__.py	663	668	ElementSlowFilter	2
AreaTagType	Autodesk.Revit.DB	Autodesk/Revit/DB/__init__.py	669	707	FamilySymbol	35
AreaUnitType	Autodesk.Civil	Autodesk/Civil/__init__.py	96	100		0
AreaVolumeSettings	Autodesk.Revit.DB	Autodesk/Revit/DB/__init__.py	708	743	Element	31
ArgIterator	System	System/__init__.py	8047	8157	object	0
ArgumentException	Autodesk.Revit.Exceptions	Autodesk/Revit/Exceptions.py	31	45	ApplicationException	11
ArgumentException	System	System/__init__.py	8158	8250	SystemException, ISerializable, _Exception	0
ArgumentNullException	Autodesk.Revit.Exceptions	Autodesk/Revit/Exceptions.py	46	60	ArgumentException	11
ArgumentNullException	System	System/__init__.py	8251	8298	ArgumentException, ISerializable, _Exception	0
ArgumentOutOfRangeException	Autodesk.Revit.Exceptions	Autodesk/Revit/Exceptions.py	61	75	ArgumentException	11
ArgumentOutOfRangeException	System	System/__init__.py	8299	8391	ArgumentException, ISerializable, _Exception	0
ArgumentsInconsistentException	Autodesk.Revit.Exceptions	Autodesk/Revit/Exceptions.py	76	90	ArgumentException	11
ArithmeticException	System	System/__init__.py	8392	8435	SystemException, ISerializable, _Exception	0
ArrangeDirection	System.Windows.Forms	System/Windows/Forms/__init__.py	1295	1342	Enum, IComparable, IFormattable, IConvertible	0
ArrangeStartingPosition	System.Windows.Forms	System/Windows/Forms/__init__.py	1343	1391	Enum, IComparable, IFormattable, IConvertible	0
ArrangedElementCollection	System.Windows.Forms.Layout	System/Windows/Forms/Layout.py	11	143	object, IList, ICollection, IEnumerable	0
Array	System	System/__init__.py	8455	9945	object, ICloneable, IList, ICollection, IEnumerable, IStructuralComparable, IStructuralEquatable	0
ArrayAccess	Autodesk.Navisworks.Internal.ApiImplementation.Schema	Autodesk/Navisworks/Internal/ApiImplementation/Schema.py	3	10	FieldAccess	4
ArrayAnchorMember	Autodesk.Revit.DB	Autodesk/Revit/DB/__init__.py	744	748		0
ArrayList	System.Collections	System/Collections/__init__.py	11	907	object, IList, ICollection, IEnumerable, ICloneable	0
ArraySegment	System	System/__init__.py	9946	10088	object, IList[T], ICollection[T], IEnumerable[T], IEnumerable, IReadOnlyList[T], IReadOnlyCollection[T]	0
ArrayTypeMismatchException	System	System/__init__.py	10089	10132	SystemException, ISerializable, _Exception	0
ArrowDirection	System.Windows.Forms	System/Windows/Forms/__init__.py	1392	1439	Enum, IComparable, IFormattable, IConvertible	0
ArrowHeadFitType	Autodesk.Civil	Autodesk/Civil/__init__.py	101	105		0
ArrowHeadOption	Autodesk.Civil.DatabaseServices.Styles	Autodesk/Civil/DatabaseServices/Styles.py	246	257	CivilWrapper<AeccDbStyle>	8
ArrowHeadSizeType	Autodesk.Civil	Autodesk/Civil/__init__.py	106	110		0
ArrowHeadType	Autodesk.Civil	Autodesk/Civil/__init__.py	111	115		0
Assembly	Autodesk.Civil.DatabaseServices	Autodesk/Civil/DatabaseServices/__init__.py	3119	3246	GeoEntity	124
AssemblyCodeTable	Autodesk.Revit.DB	Autodesk/Revit/DB/__init__.py	749	781	KeyBasedTreeEntryTable	28
AssemblyCollection	Autodesk.Civil.DatabaseServices	Autodesk/Civil/DatabaseServices/__init__.py	3247	3257	CivilWrapper<AcDbDatabase>	7
AssemblyDetailViewOrientation	Autodesk.Revit.DB	Autodesk/Revit/DB/__init__.py	782	786		0
AssemblyDifference	Autodesk.Revit.DB	Autodesk/Revit/DB/__init__.py	787	792		2
AssemblyDifferenceConfiguration	Autodesk.Revit.DB	Autodesk/Revit/DB/__init__.py	793	797	AssemblyDifference	1
AssemblyDifferenceMemberCount	Autodesk.Revit.DB	Autodesk/Revit/DB/__init__.py	798	804	AssemblyDifference	3
AssemblyDifferenceMemberDifference	Autodesk.Revit.DB	Autodesk/Revit/DB/__init__.py	805	812	AssemblyDifference	4
AssemblyDifferenceNamingCategory	Autodesk.Revit.DB	Autodesk/Revit/DB/__init__.py	813	819	AssemblyDifference	3
AssemblyDifferenceNone	Autodesk.Revit.DB	Autodesk/Revit/DB/__init__.py	820	824	AssemblyDifference	1
AssemblyDisplayStyleType	Autodesk.Civil	Autodesk/Civil/__init__.py	116	120		0
AssemblyGroup	Autodesk.Civil.DatabaseServices	Autodesk/Civil/DatabaseServices/__init__.py	3258	3263		2
AssemblyGroupCollection	Autodesk.Civil.DatabaseServices	Autodesk/Civil/DatabaseServices/__init__.py	3264	3274		7
AssemblyGroupNameType	Autodesk.Civil	Autodesk/Civil/__init__.py	121	125		0
AssemblyInstance	Autodesk.Revit.DB	Autodesk/Revit/DB/__init__.py	825	879	Element	45
AssemblyLoadEventArgs	System	System/__init__.py	10144	10169	EventArgs	0
AssemblyLoadEventHandler	System	System/__init__.py	10170	10274	MulticastDelegate, ICloneable, ISerializable	0
AssemblyMemberDifference	Autodesk.Revit.DB	Autodesk/Revit/DB/__init__.py	880	885		2
AssemblyMemberDifferentCategory	Autodesk.Revit.DB	Autodesk/Revit/DB/__init__.py	886	892	AssemblyMemberDifference	3
AssemblyMemberDifferentGeometry	Autodesk.Revit.DB	Autodesk/Revit/DB/__init__.py	893	897	AssemblyMemberDifference	1
AssemblyMemberDifferentParameters	Autodesk.Revit.DB	Autodesk/Revit/DB/__init__.py	898	902	AssemblyMemberDifference	1
AssemblyMemberDifferentType	Autodesk.Revit.DB	Autodesk/Revit/DB/__init__.py	903	909	AssemblyMemberDifference	3
AssemblyStyle	Autodesk.Civil.DatabaseServices.Styles	Autodesk/Civil/DatabaseServices/Styles.py	258	317	StyleBase	56
AssemblyStyleCollection	Autodesk.Civil.DatabaseServices.Styles	Autodesk/Civil/DatabaseServices/Styles.py	318	328	StyleCollectionBase	7
AssemblySwigAttribute	Autodesk.Navisworks.Internal.ApiImplementation	Autodesk/Navisworks/Internal/ApiImplementation/__init__.py	106	110	Attribute	1
AssemblyType	Autodesk.Civil.DatabaseServices	Autodesk/Civil/DatabaseServices/__init__.py	3275	3279		0
AssemblyType	Autodesk.Revit.DB	Autodesk/Revit/DB/__init__.py	910	944	ElementType	31
AssemblyViewUtils	Autodesk.Revit.DB	Autodesk/Revit/DB/__init__.py	945	962		7
Asset	Autodesk.Revit.DB.Visual	Autodesk/Revit/DB/Visual.py	144	157	AssetProperties	10
AssetProperties	Autodesk.Revit.DB.Visual	Autodesk/Revit/DB/Visual.py	158	171	AssetProperty	10
AssetProperty	Autodesk.Revit.DB.Visual	Autodesk/Revit/DB/Visual.py	172	191		15
AssetPropertyBoolean	Autodesk.Revit.DB.Visual	Autodesk/Revit/DB/Visual.py	192	201	AssetProperty	6
AssetPropertyDistance	Autodesk.Revit.DB.Visual	Autodesk/Revit/DB/Visual.py	202	213	AssetProperty	8
AssetPropertyDouble	Autodesk.Revit.DB.Visual	Autodesk/Revit/DB/Visual.py	214	224	AssetProperty	7
AssetPropertyDoubleArray2d	Autodesk.Revit.DB.Visual	Autodesk/Revit/DB/Visual.py	225	234	AssetProperty	6
AssetPropertyDoubleArray3d	Autodesk.Revit.DB.Visual	Autodesk/Revit/DB/Visual.py	235	247	AssetProperty	9
AssetPropertyDoubleArray4d	Autodesk.Revit.DB.Visual	Autodesk/Revit/DB/Visual.py	248	261	AssetProperty	10
AssetPropertyDoubleMatrix44	Autodesk.Revit.DB.Visual	Autodesk/Revit/DB/Visual.py	262	271	AssetProperty	6
AssetPropertyEnum	Autodesk.Revit.DB.Visual	Autodesk/Revit/DB/Visual.py	272	282	AssetProperty	7
AssetPropertyFloat	Autodesk.Revit.DB.Visual	Autodesk/Revit/DB/Visual.py	283	293	AssetProperty	7
AssetPropertyFloatArray	Autodesk.Revit.DB.Visual	Autodesk/Revit/DB/Visual.py	294	303	AssetProperty	6
AssetPropertyInt64	Autodesk.Revit.DB.Visual	Autodesk/Revit/DB/Visual.py	304	313	AssetProperty	6
AssetPropertyInteger	Autodesk.Revit.DB.Visual	Autodesk/Revit/DB/Visual.py	314	324	AssetProperty	7
AssetPropertyList	Autodesk.Revit.DB.Visual	Autodesk/Revit/DB/Visual.py	325	343	AssetProperty	15
AssetPropertyReference	Autodesk.Revit.DB.Visual	Autodesk/Revit/DB/Visual.py	344	352	AssetProperty	5
AssetPropertyString	Autodesk.Revit.DB.Visual	Autodesk/Revit/DB/Visual.py	353	363	AssetProperty	7
AssetPropertyTime	Autodesk.Revit.DB.Visual	Autodesk/Revit/DB/Visual.py	364	373	AssetProperty	6
AssetPropertyType	Autodesk.Revit.DB.Visual	Autodesk/Revit/DB/Visual.py	374	378		0
AssetPropertyUInt64	Autodesk.Revit.DB.Visual	Autodesk/Revit/DB/Visual.py	379	388	AssetProperty	6
AssetSet	Autodesk.Revit.DB.Visual	Autodesk/Revit/DB/Visual.py	389	402	APIObject	10
AssetSetIterator	Autodesk.Revit.DB.Visual	Autodesk/Revit/DB/Visual.py	403	410	APIObject	4
AssetType	Autodesk.Revit.DB.Visual	Autodesk/Revit/DB/Visual.py	411	415		0
Assignee	Autodesk.Navisworks.Api	Autodesk/Navisworks/Api/__init__.py	48	64	NativeHandle	11
Assoc2dConstraintCallback	Autodesk.AutoCAD.DatabaseServices	Autodesk/AutoCAD/DatabaseServices/__init__.py	694	700		3
Assoc2dConstraintGroup	Autodesk.AutoCAD.DatabaseServices	Autodesk/AutoCAD/DatabaseServices/__init__.py	701	778	AssocAction	71
AssocAction	Autodesk.AutoCAD.DatabaseServices	Autodesk/AutoCAD/DatabaseServices/__init__.py	779	861	DBObject	76
AssocActionBody	Autodesk.AutoCAD.DatabaseServices	Autodesk/AutoCAD/DatabaseServices/__init__.py	862	965	DBObject	97
AssocActionParam	Autodesk.AutoCAD.DatabaseServices	Autodesk/AutoCAD/DatabaseServices/__init__.py	966	1016	DBObject	47
AssocArray	Autodesk.AutoCAD.DatabaseServices	Autodesk/AutoCAD/DatabaseServices/__init__.py	1017	1042		17
AssocArrayCommonParameters	Autodesk.AutoCAD.DatabaseServices	Autodesk/AutoCAD/DatabaseServices/__init__.py	1043	1068	AssocArrayParameters	22
AssocArrayParameters	Autodesk.AutoCAD.DatabaseServices	Autodesk/AutoCAD/DatabaseServices/__init__.py	1069	1077	RXObject	5
AssocArrayPathParameters	Autodesk.AutoCAD.DatabaseServices	Autodesk/AutoCAD/DatabaseServices/__init__.py	1078	1109	AssocArrayCommonParameters	28
AssocArrayPolarParameters	Autodesk.AutoCAD.DatabaseServices	Autodesk/AutoCAD/DatabaseServices/__init__.py	1110	1142	AssocArrayCommonParameters	29
AssocArrayRectangularParameters	Autodesk.AutoCAD.DatabaseServices	Autodesk/AutoCAD/DatabaseServices/__init__.py	1143	1169	AssocArrayCommonParameters	23
AssocAsmBodyActionParam	Autodesk.AutoCAD.DatabaseServices	Autodesk/AutoCAD/DatabaseServices/__init__.py	1170	1217	AssocActionParam	44
AssocBlendSurfaceActionBody	Autodesk.AutoCAD.DatabaseServices	Autodesk/AutoCAD/DatabaseServices/__init__.py	1218	1287	AssocPathBasedSurfaceActionBody	65
AssocCompoundActionParam	Autodesk.AutoCAD.DatabaseServices	Autodesk/AutoCAD/DatabaseServices/__init__.py	1288	1342	AssocActionParam	51
AssocConstraintType	Autodesk.AutoCAD.DatabaseServices	Autodesk/AutoCAD/DatabaseServices/__init__.py	1343	1347		0
AssocDependency	Autodesk.AutoCAD.DatabaseServices	Autodesk/AutoCAD/DatabaseServices/__init__.py	1348	1425	DBObject	71
AssocDependencyBody	Autodesk.AutoCAD.DatabaseServices	Autodesk/AutoCAD/DatabaseServices/__init__.py	1426	1490	DBObject	61
AssocDependencyPE	Autodesk.AutoCAD.DatabaseServices	Autodesk/AutoCAD/DatabaseServices/__init__.py	1491	1498	RXObject	4
AssocDimDependencyBody	Autodesk.AutoCAD.DatabaseServices	Autodesk/AutoCAD/DatabaseServices/__init__.py	1499	1563	AssocDimDependencyBodyBase	60
AssocDimDependencyBodyBase	Autodesk.AutoCAD.DatabaseServices	Autodesk/AutoCAD/DatabaseServices/__init__.py	1564	1658	AssocDependencyBody	86
AssocDraggingState	Autodesk.AutoCAD.DatabaseServices	Autodesk/AutoCAD/DatabaseServices/__init__.py	1659	1663		0
AssocEdgeActionParam	Autodesk.AutoCAD.DatabaseServices	Autodesk/AutoCAD/DatabaseServices/__init__.py	1664	1712	AssocActionParam	45
AssocEdgeChamferActionBody	Autodesk.AutoCAD.DatabaseServices	Autodesk/AutoCAD/DatabaseServices/__init__.py	1713	1773	AssocPathBasedSurfaceActionBody	56
AssocEdgeFilletActionBody	Autodesk.AutoCAD.DatabaseServices	Autodesk/AutoCAD/DatabaseServices/__init__.py	1774	1829	AssocSurfaceActionBody	51
AssocEvaluationCallback	Autodesk.AutoCAD.DatabaseServices	Autodesk/AutoCAD/DatabaseServices/__init__.py	1830	1843		10
AssocEvaluationMode	Autodesk.AutoCAD.DatabaseServices	Autodesk/AutoCAD/DatabaseServices/__init__.py	1844	1848		0
AssocEvaluationPriority	Autodesk.AutoCAD.DatabaseServices	Autodesk/AutoCAD/DatabaseServices/__init__.py	1849	1853		0
AssocExtendSurfaceActionBody	Autodesk.AutoCAD.DatabaseServices	Autodesk/AutoCAD/DatabaseServices/__init__.py	1854	1911	AssocPathBasedSurfaceActionBody	53
AssocExtrudedSurfaceActionBody	Autodesk.AutoCAD.DatabaseServices	Autodesk/AutoCAD/DatabaseServices/__init__.py	1912	1972	AssocPathBasedSurfaceActionBody	56
AssocFaceActionParam	Autodesk.AutoCAD.DatabaseServices	Autodesk/AutoCAD/DatabaseServices/__init__.py	1973	2021	AssocActionParam	45
AssocFilletSurfaceActionBody	Autodesk.AutoCAD.DatabaseServices	Autodesk/AutoCAD/DatabaseServices/__init__.py	2022	2081	AssocSurfaceActionBody	55
AssocGeomDependency	Autodesk.AutoCAD.DatabaseServices	Autodesk/AutoCAD/DatabaseServices/__init__.py	2082	2157	AssocDependency	71
AssocGlobalUtility	Autodesk.AutoCAD.DatabaseServices	Autodesk/AutoCAD/DatabaseServices/__init__.py	2158	2169		4
AssocLoftedSurfaceActionBody	Autodesk.AutoCAD.DatabaseServices	Autodesk/AutoCAD/DatabaseServices/__init__.py	2170	2228	AssocPathBasedSurfaceActionBody	54
AssocManager	Autodesk.AutoCAD.DatabaseServices	Autodesk/AutoCAD/DatabaseServices/__init__.py	2229	2288	DBObject	48
AssocNetwork	Autodesk.AutoCAD.DatabaseServices	Autodesk/AutoCAD/DatabaseServices/__init__.py	2289	2352	AssocAction	56
AssocNetworkSurfaceActionBody	Autodesk.AutoCAD.DatabaseServices	Autodesk/AutoCAD/DatabaseServices/__init__.py	2353	2411	AssocPathBasedSurfaceActionBody	54
AssocObjectTransaction	Autodesk.AutoCAD.DatabaseServices	Autodesk/AutoCAD/DatabaseServices/__init__.py	2412	2418		3
AssocOffsetSurfaceActionBody	Autodesk.AutoCAD.DatabaseServices	Autodesk/AutoCAD/DatabaseServices/__init__.py	2419	2474	AssocSurfaceActionBody	51
AssocParamBasedActionBody	Autodesk.AutoCAD.DatabaseServices	Autodesk/AutoCAD/DatabaseServices/__init__.py	2475	2523	AssocActionBody	45
AssocPatchSurfaceActionBody	Autodesk.AutoCAD.DatabaseServices	Autodesk/AutoCAD/DatabaseServices/__init__.py	2524	2587	AssocPathBasedSurfaceActionBody	59
AssocPathActionParam	Autodesk.AutoCAD.DatabaseServices	Autodesk/AutoCAD/DatabaseServices/__init__.py	2588	2639	AssocCompoundActionParam	48
AssocPathBasedSurfaceActionBody	Autodesk.AutoCAD.DatabaseServices	Autodesk/AutoCAD/DatabaseServices/__init__.py	2640	2700	AssocSurfaceActionBody	57
AssocPersSubentityId	Autodesk.AutoCAD.DatabaseServices	Autodesk/AutoCAD/DatabaseServices/__init__.py	2701	2722	RXObject	16
AssocPersSubentityIdPE	Autodesk.AutoCAD.DatabaseServices	Autodesk/AutoCAD/DatabaseServices/__init__.py	2723	2745	RXObject	19
AssocPlaneSurfaceActionBody	Autodesk.AutoCAD.DatabaseServices	Autodesk/AutoCAD/DatabaseServices/__init__.py	2746	2800	AssocPathBasedSurfaceActionBody	50
AssocRevolvedSurfaceActionBody	Autodesk.AutoCAD.DatabaseServices	Autodesk/AutoCAD/DatabaseServices/__init__.py	2801	2858	AssocPathBasedSurfaceActionBody	53
AssocSimplePersSubentId	Autodesk.AutoCAD.DatabaseServices	Autodesk/AutoCAD/DatabaseServices/__init__.py	2859	2875	AssocPersSubentityId	13
AssocSingleEdgePersSubentId	Autodesk.AutoCAD.DatabaseServices	Autodesk/AutoCAD/DatabaseServices/__init__.py	2876	2886	AssocPersSubentityId	7
AssocStatus	Autodesk.AutoCAD.DatabaseServices	Autodesk/AutoCAD/DatabaseServices/__init__.py	2887	2891		0
AssocSurfaceActionBody	Autodesk.AutoCAD.DatabaseServices	Autodesk/AutoCAD/DatabaseServices/__init__.py	2892	2947	AssocParamBasedActionBody	51
AssocSweptSurfaceActionBody	Autodesk.AutoCAD.DatabaseServices	Autodesk/AutoCAD/DatabaseServices/__init__.py	2948	3011	AssocPathBasedSurfaceActionBody	59
AssocTransformationType	Autodesk.AutoCAD.DatabaseServices	Autodesk/AutoCAD/DatabaseServices/__init__.py	3012	3016		0
AssocTrimSurfaceActionBody	Autodesk.AutoCAD.DatabaseServices	Autodesk/AutoCAD/DatabaseServices/__init__.py	3017	3075	AssocPathBasedSurfaceActionBody	54
AssocValueDependency	Autodesk.AutoCAD.DatabaseServices	Autodesk/AutoCAD/DatabaseServices/__init__.py	3076	3141	AssocDependency	62
AssocValueProviderPE	Autodesk.AutoCAD.DatabaseServices	Autodesk/AutoCAD/DatabaseServices/__init__.py	3142	3152	RXObject	7
AssocVariable	Autodesk.AutoCAD.DatabaseServices	Autodesk/AutoCAD/DatabaseServices/__init__.py	3153	3218	AssocAction	59
AssocVariableCallback	Autodesk.AutoCAD.DatabaseServices	Autodesk/AutoCAD/DatabaseServices/__init__.py	3219	3225		3
AssocVertexActionParam	Autodesk.AutoCAD.DatabaseServices	Autodesk/AutoCAD/DatabaseServices/__init__.py	3226	3274	AssocActionParam	45
AsyncCallback	System	System/__init__.py	10275	10379	MulticastDelegate, ICloneable, ISerializable	0
AttachUtil	Autodesk.AutoCAD.Internal	Autodesk/AutoCAD/Internal/__init__.py	135	189		26
AttachmentLocation	Autodesk.Revit.DB	Autodesk/Revit/DB/__init__.py	963	967		0
AttachmentPoint	Autodesk.AutoCAD.DatabaseServices	Autodesk/AutoCAD/DatabaseServices/__init__.py	3275	3279		0
AttachmentPointCommand	Autodesk.AutoCAD.Windows.Data	Autodesk/AutoCAD/Windows/Data/__init__.py	9	13	IPECommandBase	1
AttachmentType	Autodesk.Revit.DB	Autodesk/Revit/DB/__init__.py	968	972		0
AttenuationType	Autodesk.AutoCAD.GraphicsInterface	Autodesk/AutoCAD/GraphicsInterface.py	8	12		0
Attribute	Autodesk.Aec.DatabaseServices	Autodesk/Aec/DatabaseServices.py	647	656	ImpObject	6
Attribute	System	System/__init__.py	10380	11315	object, _Attribute	0
AttributeCollection	Autodesk.AutoCAD.DatabaseServices	Autodesk/AutoCAD/DatabaseServices/__init__.py	3280	3288		5
AttributeDefinition	Autodesk.AutoCAD.DatabaseServices	Autodesk/AutoCAD/DatabaseServices/__init__.py	3289	3391	DBText	99
AttributeId	Autodesk.Aec.DatabaseServices	Autodesk/Aec/DatabaseServices.py	657	666	Attribute	6
AttributeReference	Autodesk.AutoCAD.DatabaseServices	Autodesk/AutoCAD/DatabaseServices/__init__.py	3392	3494	DBText	99
AttributeTargets	System	System/__init__.py	11316	11375	Enum, IComparable, IFormattable, IConvertible	0
AttributeTypeInfo	Autodesk.Civil.DatabaseServices	Autodesk/Civil/DatabaseServices/__init__.py	3280	3290	DisposableWrapper	7
AttributeTypeInfoBool	Autodesk.Civil.DatabaseServices	Autodesk/Civil/DatabaseServices/__init__.py	3291	3302	AttributeTypeInfo	8
AttributeTypeInfoDouble	Autodesk.Civil.DatabaseServices	Autodesk/Civil/DatabaseServices/__init__.py	3303	3319	AttributeTypeInfo	13
AttributeTypeInfoDoubleDataType	Autodesk.Civil.DatabaseServices	Autodesk/Civil/DatabaseServices/__init__.py	3320	3324		0
AttributeTypeInfoEnum	Autodesk.Civil.DatabaseServices	Autodesk/Civil/DatabaseServices/__init__.py	3325	3337	AttributeTypeInfo	9
AttributeTypeInfoInt	Autodesk.Civil.DatabaseServices	Autodesk/Civil/DatabaseServices/__init__.py	3338	3353	AttributeTypeInfo	12
AttributeTypeInfoString	Autodesk.Civil.DatabaseServices	Autodesk/Civil/DatabaseServices/__init__.py	3354	3365	AttributeTypeInfo	8
AttributeUsageAttribute	System	System/__init__.py	11376	11434	Attribute, _Attribute	0
AuditInfo	Autodesk.AutoCAD.DatabaseServices	Autodesk/AutoCAD/DatabaseServices/__init__.py	3495	3513	DisposableWrapper	15
AuditPass	Autodesk.AutoCAD.DatabaseServices	Autodesk/AutoCAD/DatabaseServices/__init__.py	3514	3518		0
AugmentedPolylineCurve3d	Autodesk.AutoCAD.Geometry	Autodesk/AutoCAD/Geometry.py	3	37	PolylineCurve3d	30
AutoCompleteList	Autodesk.AutoCAD.Windows.Data	Autodesk/AutoCAD/Windows/Data/__init__.py	14	23	DisposableWrapper	6
AutoCompleteMode	System.Windows.Forms	System/Windows/Forms/__init__.py	1440	1487	Enum, IComparable, IFormattable, IConvertible	0
AutoCompleteSource	System.Windows.Forms	System/Windows/Forms/__init__.py	1488	1540	Enum, IComparable, IFormattable, IConvertible	0
AutoCompleteStringCollection	System.Windows.Forms	System/Windows/Forms/__init__.py	1541	1788	object, IList, ICollection, IEnumerable	0
AutoCompleteToolTipService	Autodesk.AutoCAD.Windows.Data	Autodesk/AutoCAD/Windows/Data/__init__.py	24	31		2
AutoConstrainEvaluationCallback	Autodesk.AutoCAD.DatabaseServices	Autodesk/AutoCAD/DatabaseServices/__init__.py	3519	3527		5
AutoCorrectList	Autodesk.AutoCAD.Windows.Data	Autodesk/AutoCAD/Windows/Data/__init__.py	32	42	DisposableWrapper	7
AutoCorrectType	Autodesk.AutoCAD.Windows.Data	Autodesk/AutoCAD/Windows/Data/__init__.py	43	47		0
AutoCorrectorService	Autodesk.AutoCAD.Windows.Data	Autodesk/AutoCAD/Windows/Data/__init__.py	48	57		3
AutoCorridorFeatureLine	Autodesk.Civil.DatabaseServices	Autodesk/Civil/DatabaseServices/__init__.py	3366	3504	FeatureLine	135
AutoFeatureLabelGroup	Autodesk.Civil.DatabaseServices	Autodesk/Civil/DatabaseServices/__init__.py	3505	3642	LabelGroup	134
AutoFeatureLine	Autodesk.Civil.DatabaseServices	Autodesk/Civil/DatabaseServices/__init__.py	3643	3779	FeatureLine	133
AutoJoinFailedException	Autodesk.Revit.Exceptions	Autodesk/Revit/Exceptions.py	91	104	InvalidOperationException	10
AutoScaleMode	System.Windows.Forms	System/Windows/Forms/__init__.py	1789	1836	Enum, IComparable, IFormattable, IConvertible	0
AutoSizeMode	System.Windows.Forms	System/Windows/Forms/__init__.py	1837	1882	Enum, IComparable, IFormattable, IConvertible	0
AutoTransform	Autodesk.AutoCAD.GraphicsInterface	Autodesk/AutoCAD/GraphicsInterface.py	13	17		0
AutoValidate	System.Windows.Forms	System/Windows/Forms/__init__.py	1883	1930	Enum, IComparable, IFormattable, IConvertible	0
AutoWideningCriteriaInfo	Autodesk.Civil.DatabaseServices	Autodesk/Civil/DatabaseServices/__init__.py	3780	3795		12
AutoWideningInfo	Autodesk.Civil.DatabaseServices	Autodesk/Civil/DatabaseServices/__init__.py	3796	3802		3
AutomaticConnectionBehaviorType	Autodesk.Revit.DB	Autodesk/Revit/DB/__init__.py	973	977		0
AutomaticManual	Autodesk.Civil.Settings	Autodesk/Civil/Settings.py	28	32		0
AutomaticSpaceBoundary	Autodesk.Aec.DatabaseServices	Autodesk/Aec/DatabaseServices.py	667	671		0
AutomationActionResult	Autodesk.Navisworks.Internal.ApiImplementation	Autodesk/Navisworks/Internal/ApiImplementation/__init__.py	111	115		0
AxHost	System.Windows.Forms	System/Windows/Forms/__init__.py	6020	8855	Control, IComponent, IDisposable, IOleControl, IOleObject, IOleInPlaceObject, IOleInPlaceActiveObject, IOleWindow, IViewObject, IViewObject2, IPersist, IPersistStreamInit, IPersistPropertyBag, IPersistStorage, IQuickActivate, ISupportOleDropSource, IDropTarget, ISynchronizeInvoke, IWin32Window, IArrangedElement, IBindableComponent, ISupportInitialize, ICustomTypeDescriptor	0
AxisAndAngleResult	Autodesk.Navisworks.Api	Autodesk/Navisworks/Api/__init__.py	65	70		2
AxisPosition	Autodesk.Civil.DatabaseServices.Styles	Autodesk/Civil/DatabaseServices/Styles.py	329	333		0
AxisReference	Autodesk.Aec.DatabaseServices	Autodesk/Aec/DatabaseServices.py	672	676		0
AxisStyle	Autodesk.Civil.DatabaseServices.Styles	Autodesk/Civil/DatabaseServices/Styles.py	334	342	CivilWrapper<AeccDbGraphStyle>	5
AxisTickJustificationType	Autodesk.Civil.DatabaseServices.Styles	Autodesk/Civil/DatabaseServices/Styles.py	343	347		0
AxisTickStyle	Autodesk.Civil.DatabaseServices.Styles	Autodesk/Civil/DatabaseServices/Styles.py	348	361	CivilWrapper<AeccDbGraphStyle>	10
AxisTickType	Autodesk.Civil.DatabaseServices.Styles	Autodesk/Civil/DatabaseServices/Styles.py	362	366		0
AxisTitleLocationType	Autodesk.Civil.DatabaseServices.Styles	Autodesk/Civil/DatabaseServices/Styles.py	367	371		0
AxisTitleStyle	Autodesk.Civil.DatabaseServices.Styles	Autodesk/Civil/DatabaseServices/Styles.py	372	382	CivilWrapper<AeccDbGraphStyle>	7
BIMExportOptions	Autodesk.Revit.DB	Autodesk/Revit/DB/__init__.py	978	984		3
BRepBuilder	Autodesk.Revit.DB	Autodesk/Revit/DB/__init__.py	985	1009	ShapeBuilder	20
BRepBuilderEdgeGeometry	Autodesk.Revit.DB	Autodesk/Revit/DB/__init__.py	1010	1017		3
BRepBuilderGeometryId	Autodesk.Revit.DB	Autodesk/Revit/DB/__init__.py	1018	1025		3
BRepBuilderOutcome	Autodesk.Revit.DB	Autodesk/Revit/DB/__init__.py	1026	1030		0
BRepBuilderPersistentIds	Autodesk.Revit.DB	Autodesk/Revit/DB/__init__.py	1031	1041		7
BRepBuilderState	Autodesk.Revit.DB	Autodesk/Revit/DB/__init__.py	1042	1046		0
BRepBuilderSurfaceGeometry	Autodesk.Revit.DB	Autodesk/Revit/DB/__init__.py	1047	1056		4
BRepType	Autodesk.Revit.DB	Autodesk/Revit/DB/__init__.py	1057	1061		0
BackClippingParam	Autodesk.Revit.DB	Autodesk/Revit/DB/__init__.py	1062	1066		0
Background	Autodesk.AutoCAD.DatabaseServices	Autodesk/AutoCAD/DatabaseServices/__init__.py	3528	3573	DBObject	41
BackgroundImageFit	Autodesk.Revit.DB	Autodesk/Revit/DB/__init__.py	1067	1071		0
BackgroundMaskCommand	Autodesk.AutoCAD.Windows.Data	Autodesk/AutoCAD/Windows/Data/__init__.py	58	62	IPECommandBase	1
BackgroundProcessTask	Autodesk.Revit.DB.BackgroundProcessTask	Autodesk/Revit/DB/BackgroundProcessTask.py	3	7		0
BackgroundProcessTaskType	Autodesk.Revit.DB.BackgroundProcessTask	Autodesk/Revit/DB/BackgroundProcessTask.py	8	12	GuidEnum	1
BackgroundSettings	Autodesk.Revit.DB	Autodesk/Revit/DB/__init__.py	1072	1077		2
BackgroundStyle	Autodesk.Revit.DB	Autodesk/Revit/DB/__init__.py	1078	1082		0
BackgroundTaskCancelledException	Autodesk.Revit.Exceptions	Autodesk/Revit/Exceptions.py	105	118	ApplicationException	10
BackgroundType	System.Windows.Forms.VisualStyles	System/Windows/Forms/VisualStyles.py	11	57	Enum, IComparable, IFormattable, IConvertible	0
BadImageFormatException	System	System/__init__.py	11435	11562	SystemException, ISerializable, _Exception	0
BalusterInfo	Autodesk.Revit.DB.Architecture	Autodesk/Revit/DB/Architecture.py	3	20		12
BalusterPattern	Autodesk.Revit.DB.Architecture	Autodesk/Revit/DB/Architecture.py	21	37		13
BalusterPlacement	Autodesk.Revit.DB.Architecture	Autodesk/Revit/DB/Architecture.py	38	48		7
BandLabelStyleType	Autodesk.Civil.DatabaseServices.Styles	Autodesk/Civil/DatabaseServices/Styles.py	383	387		0
BandLocationType	Autodesk.Civil	Autodesk/Civil/__init__.py	126	130		0
BandSetItem	Autodesk.Civil.DatabaseServices.Styles	Autodesk/Civil/DatabaseServices/Styles.py	388	401		10
BandSetItemCollection	Autodesk.Civil.DatabaseServices.Styles	Autodesk/Civil/DatabaseServices/Styles.py	402	412		7
BandSetStyle	Autodesk.Civil.DatabaseServices.Styles	Autodesk/Civil/DatabaseServices/Styles.py	413	466	StyleBase	50
BandStyle	Autodesk.Civil.DatabaseServices.Styles	Autodesk/Civil/DatabaseServices/Styles.py	467	532	StyleBase	61
BandStyleCollection	Autodesk.Civil.DatabaseServices.Styles	Autodesk/Civil/DatabaseServices/Styles.py	533	543	StyleCollectionBase	7
BandStylesRoot	Autodesk.Civil.DatabaseServices.Styles	Autodesk/Civil/DatabaseServices/Styles.py	544	558	TreeOidWrapper	11
BandTickStyle	Autodesk.Civil.DatabaseServices.Styles	Autodesk/Civil/DatabaseServices/Styles.py	559	569	CivilWrapper<AeccDbGraphStyleBands>	7
BandTitleBoxPosition	Autodesk.Civil.DatabaseServices.Styles	Autodesk/Civil/DatabaseServices/Styles.py	570	574		0
BandTitleTextLocation	Autodesk.Civil.DatabaseServices.Styles	Autodesk/Civil/DatabaseServices/Styles.py	575	579		0
BandType	Autodesk.Civil	Autodesk/Civil/__init__.py	131	135		0
BarTerminationsData	Autodesk.Revit.DB.Structure	Autodesk/Revit/DB/Structure/__init__.py	654	671		14
BarTypeDiameterOptions	Autodesk.Revit.DB	Autodesk/Revit/DB/__init__.py	1083	1094		8
Base64FormattingOptions	System	System/__init__.py	11563	11608	Enum, IComparable, IFormattable, IConvertible	0
BaseArray	Autodesk.Revit.DB	Autodesk/Revit/DB/__init__.py	1095	1129	Element	31
BaseBaseline	Autodesk.Civil.DatabaseServices	Autodesk/Civil/DatabaseServices/__init__.py	3803	3821	CivilWrapper<AeccDbCorridor>	15
BaseCollection	System.Windows.Forms	System/Windows/Forms/__init__.py	8856	8996	MarshalByRefObject, ICollection, IEnumerable	0
BaseExportOptions	Autodesk.Revit.DB	Autodesk/Revit/DB/__init__.py	1130	1153		19
BaseImportOptions	Autodesk.Revit.DB	Autodesk/Revit/DB/__init__.py	1154	1172		15
BaseLabelSetItem	Autodesk.Civil.DatabaseServices.Styles	Autodesk/Civil/DatabaseServices/Styles.py	580	586	CivilWrapper<AeccDbAlignStnLabelsDlgTemplate>	3
BaseLabelSetStyle	Autodesk.Civil.DatabaseServices.Styles	Autodesk/Civil/DatabaseServices/Styles.py	587	642	StyleBase	52
BaseLineRange	Autodesk.Civil.DatabaseServices	Autodesk/Civil/DatabaseServices/__init__.py	3822	3829		4
BaseLoadOn	Autodesk.Revit.DB	Autodesk/Revit/DB/__init__.py	1173	1177		0
BasePoint	Autodesk.Revit.DB	Autodesk/Revit/DB/__init__.py	1178	1216	Element	33
Baseline	Autodesk.Civil.DatabaseServices	Autodesk/Civil/DatabaseServices/__init__.py	3830	3864	BaseBaseline	31
BaselineCollection	Autodesk.Civil.DatabaseServices	Autodesk/Civil/DatabaseServices/__init__.py	3865	3879	CivilWrapper<AeccDbCorridor>	11
BaselineFeatureLines	Autodesk.Civil.DatabaseServices	Autodesk/Civil/DatabaseServices/__init__.py	3880	3889	CivilWrapper<AeccDbCorridor>	6
BaselineFeatureLinesCollection	Autodesk.Civil.DatabaseServices	Autodesk/Civil/DatabaseServices/__init__.py	3890	3899	CivilWrapper<AeccDbCorridor>	6
BaselineRegion	Autodesk.Civil.DatabaseServices	Autodesk/Civil/DatabaseServices/__init__.py	3900	3927	CivilWrapper<AeccDbCorridor>	24
BaselineRegionCollection	Autodesk.Civil.DatabaseServices	Autodesk/Civil/DatabaseServices/__init__.py	3928	3943	CivilWrapper<AeccDbCorridor>	12
BasicFileInfo	Autodesk.Revit.DB	Autodesk/Revit/DB/__init__.py	1217	1239		18
BasicLossFactor	Autodesk.Revit.DB.Lighting	Autodesk/Revit/DB/Lighting.py	16	22	LossFactor	3
BatteryChargeStatus	System.Windows.Forms	System/Windows/Forms/__init__.py	8997	9046	Enum, IComparable, IFormattable, IConvertible	0
BeamSystem	Autodesk.Revit.DB	Autodesk/Revit/DB/__init__.py	1240	1284	Element	38
BeamSystemJustifyType	Autodesk.Revit.DB	Autodesk/Revit/DB/__init__.py	1285	1289		0
BeamSystemType	Autodesk.Revit.DB	Autodesk/Revit/DB/__init__.py	1290	1324	ElementType	31
BearingQuadrantType	Autodesk.Civil	Autodesk/Civil/__init__.py	136	140		0
BeforeExecutedEventArgs	Autodesk.Revit.UI.Events	Autodesk/Revit/UI/Events.py	9	17	CommandEventArgs	5
BeginAggregationEventArgs	Autodesk.AutoCAD.Publishing	Autodesk/AutoCAD/Publishing.py	56	64	EventArgs	5
BeginAggregationEventHandler	Autodesk.AutoCAD.Publishing	Autodesk/AutoCAD/Publishing.py	65	73		5
BeginCloseAllEventArgs	Autodesk.AutoCAD.ApplicationServices	Autodesk/AutoCAD/ApplicationServices/__init__.py	66	70	EventArgs	1
BeginCloseAllEventHandler	Autodesk.AutoCAD.ApplicationServices	Autodesk/AutoCAD/ApplicationServices/__init__.py	71	79		5
BeginDocumentEventArgs	Autodesk.AutoCAD.PlottingServices	Autodesk/AutoCAD/PlottingServices.py	8	16	EventArgs	5
BeginDocumentEventHandler	Autodesk.AutoCAD.PlottingServices	Autodesk/AutoCAD/PlottingServices.py	17	25		5
BeginDoubleClickEventArgs	Autodesk.AutoCAD.ApplicationServices	Autodesk/AutoCAD/ApplicationServices/__init__.py	80	84	EventArgs	1
BeginDoubleClickEventHandler	Autodesk.AutoCAD.ApplicationServices	Autodesk/AutoCAD/ApplicationServices/__init__.py	85	93		5
BeginEntityEventHandler	Autodesk.AutoCAD.Publishing	Autodesk/AutoCAD/Publishing.py	74	82		5
BeginExtractionEventArgs	Autodesk.AutoCAD.ApplicationServices	Autodesk/AutoCAD/ApplicationServices/__init__.py	94	98	EventArgs	1
BeginExtractionEventHandler	Autodesk.AutoCAD.ApplicationServices	Autodesk/AutoCAD/ApplicationServices/__init__.py	99	107		5
BeginInsertEventArgs	Autodesk.AutoCAD.DatabaseServices	Autodesk/AutoCAD/DatabaseServices/__init__.py	3574	3578	EventArgs	1
BeginInsertEventHandler	Autodesk.AutoCAD.DatabaseServices	Autodesk/AutoCAD/DatabaseServices/__init__.py	3579	3587		5
BeginPageEventArgs	Autodesk.AutoCAD.PlottingServices	Autodesk/AutoCAD/PlottingServices.py	26	32	EventArgs	3
BeginPageEventHandler	Autodesk.AutoCAD.PlottingServices	Autodesk/AutoCAD/PlottingServices.py	33	41		5
BeginPlotEventArgs	Autodesk.AutoCAD.PlottingServices	Autodesk/AutoCAD/PlottingServices.py	42	47	EventArgs	2
BeginPlotEventHandler	Autodesk.AutoCAD.PlottingServices	Autodesk/AutoCAD/PlottingServices.py	48	56		5
BeginPublishingSheetEventArgs	Autodesk.AutoCAD.Publishing	Autodesk/AutoCAD/Publishing.py	83	89	EventArgs	3
BeginPublishingSheetEventHandler	Autodesk.AutoCAD.Publishing	Autodesk/AutoCAD/Publishing.py	90	98		5
BeginQuitEventArgs	Autodesk.AutoCAD.ApplicationServices	Autodesk/AutoCAD/ApplicationServices/__init__.py	108	112	EventArgs	1
BeginQuitEventHandler	Autodesk.AutoCAD.ApplicationServices	Autodesk/AutoCAD/ApplicationServices/__init__.py	113	121		5
BeginSheetEventHandler	Autodesk.AutoCAD.Publishing	Autodesk/AutoCAD/Publishing.py	99	107		5
BeginWblockBlockEventArgs	Autodesk.AutoCAD.DatabaseServices	Autodesk/AutoCAD/DatabaseServices/__init__.py	3588	3593	EventArgs	2
BeginWblockBlockEventHandler	Autodesk.AutoCAD.DatabaseServices	Autodesk/AutoCAD/DatabaseServices/__init__.py	3594	3602		5
BeginWblockEntireDatabaseEventArgs	Autodesk.AutoCAD.DatabaseServices	Autodesk/AutoCAD/DatabaseServices/__init__.py	3603	3607	EventArgs	1
BeginWblockEntireDatabaseEventHandler	Autodesk.AutoCAD.DatabaseServices	Autodesk/AutoCAD/DatabaseServices/__init__.py	3608	3616		5
BeginWblockObjectsEventArgs	Autodesk.AutoCAD.DatabaseServices	Autodesk/AutoCAD/DatabaseServices/__init__.py	3617	3622	EventArgs	2
BeginWblockObjectsEventHandler	Autodesk.AutoCAD.DatabaseServices	Autodesk/AutoCAD/DatabaseServices/__init__.py	3623	3631		5
BeginWblockSelectedObjectsEventArgs	Autodesk.AutoCAD.DatabaseServices	Autodesk/AutoCAD/DatabaseServices/__init__.py	3632	3637	EventArgs	2
BeginWblockSelectedObjectsEventHandler	Autodesk.AutoCAD.DatabaseServices	Autodesk/AutoCAD/DatabaseServices/__init__.py	3638	3646		5
BehaviorType	Autodesk.Revit.DB	Autodesk/Revit/DB/__init__.py	1325	1329		0
BendingDetailAngularDimensionsDisplayOptions	Autodesk.Revit.DB.Structure	Autodesk/Revit/DB/Structure/__init__.py	672	676		0
BendingDetailAngularDimensionsMeasurementOptions	Autodesk.Revit.DB.Structure	Autodesk/Revit/DB/Structure/__init__.py	677	681		0
BendingDetailBendDiameterDimensionType	Autodesk.Revit.DB.Structure	Autodesk/Revit/DB/Structure/__init__.py	682	686		0
BendingDetailCustomFieldMultipleValuesIndicatorOptions	Autodesk.Revit.DB.Structure	Autodesk/Revit/DB/Structure/__init__.py	687	691		0
BendingDetailCustomFieldProperties	Autodesk.Revit.DB.Structure	Autodesk/Revit/DB/Structure/__init__.py	692	725		30
BendingDetailDimensionTextPosition	Autodesk.Revit.DB.Structure	Autodesk/Revit/DB/Structure/__init__.py	726	730		0
BendingDetailDisplayMode	Autodesk.Revit.DB.Structure	Autodesk/Revit/DB/Structure/__init__.py	731	735		0
BendingDetailDisplayParametersOptions	Autodesk.Revit.DB.Structure	Autodesk/Revit/DB/Structure/__init__.py	736	740		0
BendingDetailFor3DShapesOptions	Autodesk.Revit.DB.Structure	Autodesk/Revit/DB/Structure/__init__.py	741	745		0
BendingDetailLevelOfDetail	Autodesk.Revit.DB.Structure	Autodesk/Revit/DB/Structure/__init__.py	746	750		0
BendingDetailPositionOptions	Autodesk.Revit.DB	Autodesk/Revit/DB/__init__.py	1330	1334		0
BendingDetailSegmentLengthsDisplayOptions	Autodesk.Revit.DB.Structure	Autodesk/Revit/DB/Structure/__init__.py	751	755		0
BendingDetailSegmentsRepresentation	Autodesk.Revit.DB.Structure	Autodesk/Revit/DB/Structure/__init__.py	756	760		0
BendingDetailTypeMultipleValuesIndicatorOptions	Autodesk.Revit.DB.Structure	Autodesk/Revit/DB/Structure/__init__.py	761	765		0
BentFabricBendDirection	Autodesk.Revit.DB.Structure	Autodesk/Revit/DB/Structure/__init__.py	766	770		0
BentFabricStraightWiresLocation	Autodesk.Revit.DB.Structure	Autodesk/Revit/DB/Structure/__init__.py	771	775		0
Binding	Autodesk.Revit.DB	Autodesk/Revit/DB/__init__.py	1335	1339	APIObject	1
Binding	System.Windows.Forms	System/Windows/Forms/__init__.py	9047	9307	object	0
BindingCompleteContext	System.Windows.Forms	System/Windows/Forms/__init__.py	9308	9353	Enum, IComparable, IFormattable, IConvertible	0
BindingCompleteEventArgs	System.Windows.Forms	System/Windows/Forms/__init__.py	9354	9437	CancelEventArgs	0
BindingCompleteEventHandler	System.Windows.Forms	System/Windows/Forms/__init__.py	9438	9542	MulticastDelegate, ICloneable, ISerializable	0
BindingCompleteState	System.Windows.Forms	System/Windows/Forms/__init__.py	9543	9589	Enum, IComparable, IFormattable, IConvertible	0
BindingContext	System.Windows.Forms	System/Windows/Forms/__init__.py	9590	9781	object, ICollection, IEnumerable	0
BindingManagerBase	System.Windows.Forms	System/Windows/Forms/__init__.py	9782	10016	object	0
BindingManagerDataErrorEventArgs	System.Windows.Forms	System/Windows/Forms/__init__.py	10017	10042	EventArgs	0
BindingManagerDataErrorEventHandler	System.Windows.Forms	System/Windows/Forms/__init__.py	10043	10147	MulticastDelegate, ICloneable, ISerializable	0
BindingMap	Autodesk.Revit.DB	Autodesk/Revit/DB/__init__.py	1340	1353	DefinitionBindingMap	10
BindingMemberInfo	System.Windows.Forms	System/Windows/Forms/__init__.py	10148	10236	object	0
BindingNavigator	System.Windows.Forms	System/Windows/Forms/__init__.py	15630	18225	ToolStrip, IComponent, IDisposable, IOleControl, IOleObject, IOleInPlaceObject, IOleInPlaceActiveObject, IOleWindow, IViewObject, IViewObject2, IPersist, IPersistStreamInit, IPersistPropertyBag, IPersistStorage, IQuickActivate, ISupportOleDropSource, IDropTarget, ISynchronizeInvoke, IWin32Window, IArrangedElement, IBindableComponent, ISupportToolStripPanel, ISupportInitialize	0
BindingSource	System.Windows.Forms	System/Windows/Forms/__init__.py	18458	19479	Component, IComponent, IDisposable, IBindingListView, IBindingList, IList, ICollection, IEnumerable, ITypedList, ICancelAddNew, ISupportInitializeNotification, ISupportInitialize, ICurrencyManagerProvider	0
BindingsCollection	System.Windows.Forms	System/Windows/Forms/__init__.py	18226	18412	BaseCollection, ICollection, IEnumerable	0
BitArray	System.Collections	System/Collections/__init__.py	908	1206	object, ICollection, IEnumerable, ICloneable	0
BitConverter	System	System/__init__.py	11609	12076	object	0
BitVector32	System.Collections.Specialized	System/Collections/Specialized.py	11	190	object	0
Bitmap	System.Drawing	System/Drawing/__init__.py	689	1085	Image, ISerializable, ICloneable, IDisposable	0
BitmapData	System.Drawing.Imaging	System/Drawing/Imaging.py	11	98	object	0
BitmapSuffixInSameAssemblyAttribute	System.Drawing	System/Drawing/__init__.py	1086	1092	Attribute, _Attribute	0
BitmapSuffixInSatelliteAssemblyAttribute	System.Drawing	System/Drawing/__init__.py	1093	1099	Attribute, _Attribute	0
Blend	Autodesk.Revit.DB	Autodesk/Revit/DB/__init__.py	1354	1396	GenericForm	39
Blend	System.Drawing.Drawing2D	System/Drawing/Drawing2D.py	333	379	object	0
BlendOptions	Autodesk.AutoCAD.DatabaseServices	Autodesk/AutoCAD/DatabaseServices/__init__.py	3647	3660	DisposableWrapper	10
BlendOptionsBuilder	Autodesk.AutoCAD.DatabaseServices	Autodesk/AutoCAD/DatabaseServices/__init__.py	3661	3671		7
Block1PointParameter	Autodesk.AutoCAD.Internal.DatabaseServices	Autodesk/AutoCAD/Internal/DatabaseServices.py	3	48	BlockParameter	42
Block2PointParameter	Autodesk.AutoCAD.Internal.DatabaseServices	Autodesk/AutoCAD/Internal/DatabaseServices.py	49	94	BlockParameter	42
BlockAction	Autodesk.AutoCAD.Internal.DatabaseServices	Autodesk/AutoCAD/Internal/DatabaseServices.py	95	139	BlockElement	41
BlockActionEntity	Autodesk.AutoCAD.Internal.DatabaseServices	Autodesk/AutoCAD/Internal/DatabaseServices.py	140	215	BlockElementEntity	72
BlockAttachmentType	Autodesk.Civil	Autodesk/Civil/__init__.py	141	145		0
BlockBegin	Autodesk.AutoCAD.DatabaseServices	Autodesk/AutoCAD/DatabaseServices/__init__.py	3672	3746	Entity	71
BlockConnectionType	Autodesk.AutoCAD.DatabaseServices	Autodesk/AutoCAD/DatabaseServices/__init__.py	3747	3751		0
BlockDialogModelBase	Autodesk.AutoCAD.Windows.Data	Autodesk/AutoCAD/Windows/Data/__init__.py	63	67		1
BlockDialogModelInsert	Autodesk.AutoCAD.Windows.Data	Autodesk/AutoCAD/Windows/Data/__init__.py	68	96	BlockDialogModelBase	25
BlockDialogModelInsertionPoint	Autodesk.AutoCAD.Windows.Data	Autodesk/AutoCAD/Windows/Data/__init__.py	97	104		4
BlockDialogModelRotation	Autodesk.AutoCAD.Windows.Data	Autodesk/AutoCAD/Windows/Data/__init__.py	105	110		2
BlockDialogModelScales	Autodesk.AutoCAD.Windows.Data	Autodesk/AutoCAD/Windows/Data/__init__.py	111	120		6
BlockDialogModelUnit	Autodesk.AutoCAD.Windows.Data	Autodesk/AutoCAD/Windows/Data/__init__.py	121	138		6
BlockDialogModelValueString	Autodesk.AutoCAD.Windows.Data	Autodesk/AutoCAD/Windows/Data/__init__.py	139	144		2
BlockDisplayItem	Autodesk.AutoCAD.Internal	Autodesk/AutoCAD/Internal/__init__.py	190	251	DependencyObject	55
BlockEditor	Autodesk.AutoCAD.Windows.Data	Autodesk/AutoCAD/Windows/Data/__init__.py	145	158		10
BlockElement	Autodesk.AutoCAD.Internal.DatabaseServices	Autodesk/AutoCAD/Internal/DatabaseServices.py	216	260	EvalConnectable	41
BlockElementEntity	Autodesk.AutoCAD.Internal.DatabaseServices	Autodesk/AutoCAD/Internal/DatabaseServices.py	261	336	Entity	72
BlockEnd	Autodesk.AutoCAD.DatabaseServices	Autodesk/AutoCAD/DatabaseServices/__init__.py	3752	3826	Entity	71
BlockFlipParameter	Autodesk.AutoCAD.Internal.DatabaseServices	Autodesk/AutoCAD/Internal/DatabaseServices.py	337	384	Block2PointParameter	44
BlockInsertionPointsEventArgs	Autodesk.AutoCAD.DatabaseServices	Autodesk/AutoCAD/DatabaseServices/__init__.py	3827	3833	EventArgs	3
BlockInsertionPointsEventHandler	Autodesk.AutoCAD.DatabaseServices	Autodesk/AutoCAD/DatabaseServices/__init__.py	3834	3842		5
BlockLibraryInterop	Autodesk.AutoCAD.Windows.Data	Autodesk/AutoCAD/Windows/Data/__init__.py	159	164		2
BlockLibraryPathChangedEventArgs	Autodesk.AutoCAD.Internal	Autodesk/AutoCAD/Internal/__init__.py	252	256	EventArgs	1
BlockLookupAction	Autodesk.AutoCAD.Internal.DatabaseServices	Autodesk/AutoCAD/Internal/DatabaseServices.py	385	442	BlockAction	50
BlockLookupActionEntity	Autodesk.AutoCAD.Internal.DatabaseServices	Autodesk/AutoCAD/Internal/DatabaseServices.py	443	518	BlockActionEntity	72
BlockLookupParameter	Autodesk.AutoCAD.Internal.DatabaseServices	Autodesk/AutoCAD/Internal/DatabaseServices.py	519	564	Block1PointParameter	42
BlockPaletteNeedUpdateEventArgs	Autodesk.AutoCAD.Internal	Autodesk/AutoCAD/Internal/__init__.py	257	261	EventArgs	1
BlockParameter	Autodesk.AutoCAD.Internal.DatabaseServices	Autodesk/AutoCAD/Internal/DatabaseServices.py	565	612	BlockElement	44
BlockParameterPropertyDescriptor	Autodesk.AutoCAD.Internal.DatabaseServices	Autodesk/AutoCAD/Internal/DatabaseServices.py	613	625		9
BlockParameterPropertyDescriptorCollection	Autodesk.AutoCAD.Internal.DatabaseServices	Autodesk/AutoCAD/Internal/DatabaseServices.py	626	639	DisposableWrapper	10
BlockPermissionMgr	Autodesk.AutoCAD.Internal	Autodesk/AutoCAD/Internal/__init__.py	262	268		3
BlockPropertiesTable	Autodesk.AutoCAD.DatabaseServices	Autodesk/AutoCAD/DatabaseServices/__init__.py	3843	3893	DBObject	47
BlockPropertiesTableColumn	Autodesk.AutoCAD.DatabaseServices	Autodesk/AutoCAD/DatabaseServices/__init__.py	3894	3906		9
BlockPropertiesTableColumnCollection	Autodesk.AutoCAD.DatabaseServices	Autodesk/AutoCAD/DatabaseServices/__init__.py	3907	3923		13
BlockPropertiesTableRow	Autodesk.AutoCAD.DatabaseServices	Autodesk/AutoCAD/DatabaseServices/__init__.py	3924	3935		8
BlockPropertiesTableRowCollection	Autodesk.AutoCAD.DatabaseServices	Autodesk/AutoCAD/DatabaseServices/__init__.py	3936	3952		13
BlockReference	Autodesk.Aec.DatabaseServices	Autodesk/Aec/DatabaseServices.py	677	788	Geo	108
BlockReference	Autodesk.AutoCAD.DatabaseServices	Autodesk/AutoCAD/DatabaseServices/__init__.py	3953	4046	Entity	90
BlockScaling	Autodesk.AutoCAD.DatabaseServices	Autodesk/AutoCAD/DatabaseServices/__init__.py	4047	4051		0
BlockSnapshotInfo	Autodesk.AutoCAD.Internal	Autodesk/AutoCAD/Internal/__init__.py	269	274		2
BlockSnapshotSerializeState	Autodesk.AutoCAD.Internal	Autodesk/AutoCAD/Internal/__init__.py	275	279		0
BlockSpotTools	Autodesk.AutoCAD.Internal	Autodesk/AutoCAD/Internal/__init__.py	280	285		1
BlockStreamCIPLog	Autodesk.AutoCAD.Internal	Autodesk/AutoCAD/Internal/__init__.py	286	389		50
BlockStreamLocalServer	Autodesk.AutoCAD.Internal	Autodesk/AutoCAD/Internal/__init__.py	390	411		9
BlockStreamLog	Autodesk.AutoCAD.Internal	Autodesk/AutoCAD/Internal/__init__.py	412	434		10
BlockStreamUtils	Autodesk.AutoCAD.Internal	Autodesk/AutoCAD/Internal/__init__.py	435	578		70
BlockTable	Autodesk.AutoCAD.DatabaseServices	Autodesk/AutoCAD/DatabaseServices/__init__.py	4052	4097	SymbolTable	42
BlockTableRecord	Autodesk.AutoCAD.DatabaseServices	Autodesk/AutoCAD/DatabaseServices/__init__.py	4098	4174	SymbolTableRecord	73
BlockTableRecordEnumerator	Autodesk.AutoCAD.DatabaseServices	Autodesk/AutoCAD/DatabaseServices/__init__.py	4175	4184	DisposableWrapper	6
BlockUserParameter	Autodesk.AutoCAD.Internal.DatabaseServices	Autodesk/AutoCAD/Internal/DatabaseServices.py	640	686	Block1PointParameter	43
BlockViewMode	Autodesk.AutoCAD.Internal	Autodesk/AutoCAD/Internal/__init__.py	579	583		0
BlockViewModeEnum	Autodesk.AutoCAD.Internal	Autodesk/AutoCAD/Internal/__init__.py	584	588		0
BlockingCollection	System.Collections.Concurrent	System/Collections/Concurrent.py	16	390	object, IEnumerable[T], IEnumerable, ICollection, IDisposable, IReadOnlyCollection[T]	0
Body	Autodesk.Aec.Modeler	Autodesk/Aec/Modeler.py	3	137	Entity	107
Body	Autodesk.AutoCAD.DatabaseServices	Autodesk/AutoCAD/DatabaseServices/__init__.py	4185	4266	Entity	76
BodyCollection	Autodesk.Aec.Modeler	Autodesk/Aec/Modeler.py	138	155	DisposableWrapper	14
Boolean	System	System/__init__.py	12294	12305	int	0
BooleanField	Autodesk.Navisworks.Api.Schema	Autodesk/Navisworks/Api/Schema.py	3	18	SimpleField	10
BooleanOperationType	Autodesk.AutoCAD.DatabaseServices	Autodesk/AutoCAD/DatabaseServices/__init__.py	4267	4271		0
BooleanOperationsType	Autodesk.Revit.DB	Autodesk/Revit/DB/__init__.py	1397	1401		0
BooleanOperationsUtils	Autodesk.Revit.DB	Autodesk/Revit/DB/__init__.py	1402	1415		6
BooleanOperatorType	Autodesk.Aec.Modeler	Autodesk/Aec/Modeler.py	156	160		0
BooleanProperty	System.Windows.Forms.VisualStyles	System/Windows/Forms/VisualStyles.py	58	114	Enum, IComparable, IFormattable, IConvertible	0
BootMode	System.Windows.Forms	System/Windows/Forms/__init__.py	19480	19526	Enum, IComparable, IFormattable, IConvertible	0
Border3DSide	System.Windows.Forms	System/Windows/Forms/__init__.py	19527	19576	Enum, IComparable, IFormattable, IConvertible	0
Border3DStyle	System.Windows.Forms	System/Windows/Forms/__init__.py	19577	19630	Enum, IComparable, IFormattable, IConvertible	0
BorderStyle	System.Windows.Forms	System/Windows/Forms/__init__.py	19631	19677	Enum, IComparable, IFormattable, IConvertible	0
BorderTile	Autodesk.Revit.DB	Autodesk/Revit/DB/__init__.py	1416	1420		0
BorderType	System.Windows.Forms.VisualStyles	System/Windows/Forms/VisualStyles.py	115	161	Enum, IComparable, IFormattable, IConvertible	0
BoundBlock2d	Autodesk.AutoCAD.Geometry	Autodesk/AutoCAD/Geometry.py	38	57	Entity2d	15
BoundBlock3d	Autodesk.AutoCAD.Geometry	Autodesk/AutoCAD/Geometry.py	58	78	Entity3d	16
BoundBox2d	Autodesk.Aec.Geometry	Autodesk/Aec/Geometry.py	3	25	DisposableWrapper	18
BoundBox3d	Autodesk.Aec.Geometry	Autodesk/Aec/Geometry.py	26	48	DisposableWrapper	18
BoundaryConditions	Autodesk.Revit.DB.Structure	Autodesk/Revit/DB/Structure/__init__.py	776	840	Element	52
BoundaryConditionsOrientTo	Autodesk.Revit.DB.Structure	Autodesk/Revit/DB/Structure/__init__.py	841	845		0
BoundaryConditionsPreset	Autodesk.Revit.DB.Structure	Autodesk/Revit/DB/Structure/__init__.py	846	850		0
BoundaryConditionsType	Autodesk.Revit.DB.Structure	Autodesk/Revit/DB/Structure/__init__.py	851	855		0
BoundaryFlags	Autodesk.Aec.DatabaseServices	Autodesk/Aec/DatabaseServices.py	789	793		0
BoundarySegment	Autodesk.Revit.DB	Autodesk/Revit/DB/__init__.py	1421	1429		5
BoundaryValidation	Autodesk.Revit.DB	Autodesk/Revit/DB/__init__.py	1430	1441		5
BoundedPlane	Autodesk.AutoCAD.Geometry	Autodesk/AutoCAD/Geometry.py	79	94	PlanarEntity	11
BoundingBox2D	Autodesk.Navisworks.Api	Autodesk/Navisworks/Api/__init__.py	71	95	NativeHandle	19
BoundingBox3D	Autodesk.Navisworks.Api	Autodesk/Navisworks/Api/__init__.py	96	124	NativeHandle	23
BoundingBoxContainsPointFilter	Autodesk.Revit.DB	Autodesk/Revit/DB/__init__.py	1442	1449	ElementQuickFilter	4
BoundingBoxIntersectsFilter	Autodesk.Revit.DB	Autodesk/Revit/DB/__init__.py	1450	1457	ElementQuickFilter	4
BoundingBoxIsInsideFilter	Autodesk.Revit.DB	Autodesk/Revit/DB/__init__.py	1458	1465	ElementQuickFilter	4
BoundingBoxUV	Autodesk.Revit.DB	Autodesk/Revit/DB/__init__.py	1466	1474		5
BoundingBoxXYZ	Autodesk.Revit.DB	Autodesk/Revit/DB/__init__.py	1475	1488	APIObject	10
BoundingShapeType	Autodesk.Civil.DatabaseServices	Autodesk/Civil/DatabaseServices/__init__.py	3944	3948		0
BoundsSpecified	System.Windows.Forms	System/Windows/Forms/__init__.py	19678	19729	Enum, IComparable, IFormattable, IConvertible	0
BoxPlacement	Autodesk.Revit.DB	Autodesk/Revit/DB/__init__.py	1489	1493		0
BracePlanRepresentation	Autodesk.Revit.DB.Structure	Autodesk/Revit/DB/Structure/__init__.py	856	860		0
BreakCornerCondition	Autodesk.Revit.DB.Architecture	Autodesk/Revit/DB/Architecture.py	49	53		0
BreakPatternCondition	Autodesk.Revit.DB.Architecture	Autodesk/Revit/DB/Architecture.py	54	58		0
Bridge	Autodesk.Civil.DatabaseServices	Autodesk/Civil/DatabaseServices/__init__.py	3949	4073	Entity	121
Bridge	Autodesk.Navisworks.Internal.ApiImplementation.ComApi	Autodesk/Navisworks/Internal/ApiImplementation/ComApi.py	3	7		1
BridgeAbutment	Autodesk.Civil.DatabaseServices	Autodesk/Civil/DatabaseServices/__init__.py	4074	4192	BridgeStructure	115
BridgeDeck	Autodesk.Civil.DatabaseServices	Autodesk/Civil/DatabaseServices/__init__.py	4193	4310	BridgeStructure	114
BridgeFoundation	Autodesk.Civil.DatabaseServices	Autodesk/Civil/DatabaseServices/__init__.py	4311	4430	BridgeStructure	116
BridgeGenericObject	Autodesk.Civil.DatabaseServices	Autodesk/Civil/DatabaseServices/__init__.py	4431	4549	BridgeStructure	115
BridgeGenericObjectType	Autodesk.Civil.DatabaseServices	Autodesk/Civil/DatabaseServices/__init__.py	4550	4554		0
BridgeGirder	Autodesk.Civil.DatabaseServices	Autodesk/Civil/DatabaseServices/__init__.py	4555	4673	BridgeStructure	115
BridgeGirderGroup	Autodesk.Civil.DatabaseServices	Autodesk/Civil/DatabaseServices/__init__.py	4674	4792	BridgeStructure	115
BridgePier	Autodesk.Civil.DatabaseServices	Autodesk/Civil/DatabaseServices/__init__.py	4793	4911	BridgeStructure	115
BridgeStructure	Autodesk.Civil.DatabaseServices	Autodesk/Civil/DatabaseServices/__init__.py	4912	5030	Entity	115
BridgeStructureType	Autodesk.Civil.DatabaseServices	Autodesk/Civil/DatabaseServices/__init__.py	5031	5035		0
BrowserOrganization	Autodesk.Revit.DB	Autodesk/Revit/DB/__init__.py	1494	1542	ElementType	41
BrowserOrganizationType	Autodesk.Revit.DB	Autodesk/Revit/DB/__init__.py	1543	1547		0
Brush	System.Drawing	System/Drawing/__init__.py	1100	1190	MarshalByRefObject, ICloneable, IDisposable	0
Brushes	System.Drawing	System/Drawing/__init__.py	1191	1335	object	0
Buffer	System	System/__init__.py	12306	12399	object	0
BufferedGraphics	System.Drawing	System/Drawing/__init__.py	1336	1416	object, IDisposable	0
BufferedGraphicsContext	System.Drawing	System/Drawing/__init__.py	1417	1529	object, IDisposable	0
BufferedGraphicsManager	System.Drawing	System/Drawing/__init__.py	1530	1534	object	0
BuildingEnvelopeAnalyzer	Autodesk.Revit.DB.Analysis	Autodesk/Revit/DB/Analysis.py	283	293		6
BuildingEnvelopeAnalyzerOptions	Autodesk.Revit.DB.Analysis	Autodesk/Revit/DB/Analysis.py	294	302		5
BuildingOperatingDaySchedule	Autodesk.Revit.DB.Analysis	Autodesk/Revit/DB/Analysis.py	303	338	Element	31
BuildingOperatingYearSchedule	Autodesk.Revit.DB.Analysis	Autodesk/Revit/DB/Analysis.py	339	374	Element	31
BuildingPad	Autodesk.Revit.DB.Architecture	Autodesk/Revit/DB/Architecture.py	59	95	CeilingAndFloor	32
BuildingPadType	Autodesk.Revit.DB	Autodesk/Revit/DB/__init__.py	1548	1585	HostObjAttributes	33
BuildingSiteDisplayStyleType	Autodesk.Civil.DatabaseServices.Styles	Autodesk/Civil/DatabaseServices/Styles.py	643	647		0
BuildingSiteStyle	Autodesk.Civil.DatabaseServices.Styles	Autodesk/Civil/DatabaseServices/Styles.py	648	704	StyleBase	53
BuildingSiteStyleCollection	Autodesk.Civil.DatabaseServices.Styles	Autodesk/Civil/DatabaseServices/Styles.py	705	715	StyleCollectionBase	7
BuildingType	Autodesk.Revit.DB	Autodesk/Revit/DB/__init__.py	1586	1590		0
BuiltInCategory	Autodesk.Revit.DB	Autodesk/Revit/DB/__init__.py	1591	1595		0
BuiltInFailures	Autodesk.Revit.DB	Autodesk/Revit/DB/__init__.py	1596	1600		0
BuiltInParameter	Autodesk.Revit.DB	Autodesk/Revit/DB/__init__.py	1601	1605		0
BuiltInType	Autodesk.Aec	Autodesk/Aec/__init__.py	3	7		0
BuiltInUnit	Autodesk.Aec	Autodesk/Aec/__init__.py	8	12		0
BulgeVertex	Autodesk.AutoCAD.DatabaseServices	Autodesk/AutoCAD/DatabaseServices/__init__.py	4272	4277		2
BulgeVertexCollection	Autodesk.AutoCAD.DatabaseServices	Autodesk/AutoCAD/DatabaseServices/__init__.py	4278	4290	CollectionBase	9
BumpMap	Autodesk.Revit.DB.Visual	Autodesk/Revit/DB/Visual.py	416	433		14
BumpmapType	Autodesk.Revit.DB.Visual	Autodesk/Revit/DB/Visual.py	434	438		0
Button	System.Windows.Forms	System/Windows/Forms/__init__.py	22072	24197	ButtonBase, IComponent, IDisposable, IOleControl, IOleObject, IOleInPlaceObject, IOleInPlaceActiveObject, IOleWindow, IViewObject, IViewObject2, IPersist, IPersistStreamInit, IPersistPropertyBag, IPersistStorage, IQuickActivate, ISupportOleDropSource, IDropTarget, ISynchronizeInvoke, IWin32Window, IArrangedElement, IBindableComponent, IButtonControl	0
ButtonBase	System.Windows.Forms	System/Windows/Forms/__init__.py	19730	22026	Control, IComponent, IDisposable, IOleControl, IOleObject, IOleInPlaceObject, IOleInPlaceActiveObject, IOleWindow, IViewObject, IViewObject2, IPersist, IPersistStreamInit, IPersistPropertyBag, IPersistStorage, IQuickActivate, ISupportOleDropSource, IDropTarget, ISynchronizeInvoke, IWin32Window, IArrangedElement, IBindableComponent	0
ButtonBorderStyle	System.Windows.Forms	System/Windows/Forms/__init__.py	24198	24247	Enum, IComparable, IFormattable, IConvertible	0
ButtonData	Autodesk.Revit.UI	Autodesk/Revit/UI/__init__.py	8	19	RibbonItemData	8
ButtonRenderer	System.Windows.Forms	System/Windows/Forms/__init__.py	24248	24473	object	0
ButtonState	System.Windows.Forms	System/Windows/Forms/__init__.py	24474	24523	Enum, IComparable, IFormattable, IConvertible	0
ByMaterialDisplayComponentType	Autodesk.Aec.DatabaseServices	Autodesk/Aec/DatabaseServices.py	794	798		0
Byte	System	System/__init__.py	12400	12984	object, IComparable, IFormattable, IConvertible, IComparable[Byte], IEquatable[Byte]	0
CADExportOptions	Autodesk.Revit.DB	Autodesk/Revit/DB/__init__.py	1606	1610		0
CADLinkOperations	Autodesk.Revit.DB	Autodesk/Revit/DB/__init__.py	1611	1615	LinkOperations	1
CADLinkOptions	Autodesk.Revit.DB	Autodesk/Revit/DB/__init__.py	1616	1623		4
CADLinkType	Autodesk.Revit.DB	Autodesk/Revit/DB/__init__.py	1624	1660	ElementType	33
CANTCriticalStation	Autodesk.Civil.DatabaseServices	Autodesk/Civil/DatabaseServices/__init__.py	5036	5062		23
CANTCriticalStationCollection	Autodesk.Civil.DatabaseServices	Autodesk/Civil/DatabaseServices/__init__.py	5063	5075		9
CANTCurve	Autodesk.Civil.DatabaseServices	Autodesk/Civil/DatabaseServices/__init__.py	5076	5086	SECurve	7
CANTCurveCollection	Autodesk.Civil.DatabaseServices	Autodesk/Civil/DatabaseServices/__init__.py	5087	5097		7
CLSCompliantAttribute	System	System/__init__.py	14187	14219	Attribute, _Attribute	0
CMLContentSearchPreviews	Autodesk.AutoCAD.Windows.Data	Autodesk/AutoCAD/Windows/Data/__init__.py	165	180		6
COwnerDrawComboBoxWrapper	Autodesk.AutoCAD.Internal	Autodesk/AutoCAD/Internal/__init__.py	589	697	ComboBox	105
CableSize	Autodesk.Revit.DB.Electrical	Autodesk/Revit/DB/Electrical.py	159	184		18
CableTray	Autodesk.Revit.DB.Electrical	Autodesk/Revit/DB/Electrical.py	185	231	CableTrayConduitBase	41
CableTrayConduitBase	Autodesk.Revit.DB.Electrical	Autodesk/Revit/DB/Electrical.py	232	275	MEPCurve	38
CableTrayConduitRunBase	Autodesk.Revit.DB.Electrical	Autodesk/Revit/DB/Electrical.py	276	307	Element	28
CableTrayRun	Autodesk.Revit.DB.Electrical	Autodesk/Revit/DB/Electrical.py	308	339	CableTrayConduitRunBase	28
CableTraySettings	Autodesk.Revit.DB.Electrical	Autodesk/Revit/DB/Electrical.py	340	378	Element	34
CableTrayShape	Autodesk.Revit.DB.Electrical	Autodesk/Revit/DB/Electrical.py	379	383		0
CableTraySizeIterator	Autodesk.Revit.DB.Electrical	Autodesk/Revit/DB/Electrical.py	384	395		8
CableTraySizes	Autodesk.Revit.DB.Electrical	Autodesk/Revit/DB/Electrical.py	396	435	Element	35
CableTrayType	Autodesk.Revit.DB.Electrical	Autodesk/Revit/DB/Electrical.py	436	485	MEPCurveType	46
CableType	Autodesk.Revit.DB.Electrical	Autodesk/Revit/DB/Electrical.py	486	534	ElementType	42
CacheVirtualItemsEventArgs	System.Windows.Forms	System/Windows/Forms/__init__.py	24524	24560	EventArgs	0
CacheVirtualItemsEventHandler	System.Windows.Forms	System/Windows/Forms/__init__.py	24561	24665	MulticastDelegate, ICloneable, ISerializable	0
CalcContext	Autodesk.AutoCAD.Internal.Calculator	Autodesk/AutoCAD/Internal/Calculator.py	8	16	DisposableWrapper	5
CalcEngine	Autodesk.AutoCAD.Internal.Calculator	Autodesk/AutoCAD/Internal/Calculator.py	17	31	DisposableWrapper	10
CalcGlobalVariableBag	Autodesk.AutoCAD.Internal.Calculator	Autodesk/AutoCAD/Internal/Calculator.py	32	42	DisposableWrapper	7
CalcGlobalVariableServices	Autodesk.AutoCAD.Internal.Calculator	Autodesk/AutoCAD/Internal/Calculator.py	43	50	DisposableWrapper	4
CalcHostServices	Autodesk.AutoCAD.Internal.Calculator	Autodesk/AutoCAD/Internal/Calculator.py	51	61	DisposableWrapper	7
CalcResult	Autodesk.AutoCAD.Internal.Calculator	Autodesk/AutoCAD/Internal/Calculator.py	62	72	DisposableWrapper	7
CalcValueType	Autodesk.AutoCAD.Internal.Calculator	Autodesk/AutoCAD/Internal/Calculator.py	73	86		9
CalculatedLink	Autodesk.Civil.DatabaseServices	Autodesk/Civil/DatabaseServices/__init__.py	5098	5106	CalculatedSubentity	5
CalculatedLinkCollection	Autodesk.Civil.DatabaseServices	Autodesk/Civil/DatabaseServices/__init__.py	5107	5118	CivilWrapper<AeccDbCorridor>	8
CalculatedPoint	Autodesk.Civil.DatabaseServices	Autodesk/Civil/DatabaseServices/__init__.py	5119	5130	CalculatedSubentity	8
CalculatedPointCollection	Autodesk.Civil.DatabaseServices	Autodesk/Civil/DatabaseServices/__init__.py	5131	5142	CivilWrapper<AeccDbCorridor>	8
CalculatedShape	Autodesk.Civil.DatabaseServices	Autodesk/Civil/DatabaseServices/__init__.py	5143	5151	CalculatedSubentity	5
CalculatedShapeCollection	Autodesk.Civil.DatabaseServices	Autodesk/Civil/DatabaseServices/__init__.py	5152	5160	CivilWrapper<AeccDbCorridor>	5
CalculatedSubentity	Autodesk.Civil.DatabaseServices	Autodesk/Civil/DatabaseServices/__init__.py	5161	5167	CivilWrapper<AeccDbCorridor>	3
CallCanExecute	Autodesk.Navisworks.Api.Plugins	Autodesk/Navisworks/Api/Plugins.py	62	66		0
CallerMustCloseAttribute	Autodesk.AutoCAD.DatabaseServices	Autodesk/AutoCAD/DatabaseServices/__init__.py	4291	4295	Attribute	1
Camera	Autodesk.AutoCAD.EditorInput	Autodesk/AutoCAD/EditorInput.py	8	93	Entity	82
Camera	Autodesk.Revit.DB.DirectContext3D	Autodesk/Revit/DB/DirectContext3D.py	3	20		14
CameraInfo	Autodesk.Revit.DB	Autodesk/Revit/DB/__init__.py	1661	1675		11
CameraMode	Autodesk.Navisworks.Api	Autodesk/Navisworks/Api/__init__.py	125	129		0
CanExecuteEventArgs	Autodesk.Revit.UI.Events	Autodesk/Revit/UI/Events.py	18	28	CommandEventArgs	7
CanceledOperationException	Autodesk.Navisworks.Api	Autodesk/Navisworks/Api/__init__.py	130	141	Exception	8
CancellationListener	Autodesk.Revit.DB	Autodesk/Revit/DB/__init__.py	1676	1682		3
CancelledOrFailedPublishingEventHandler	Autodesk.AutoCAD.Publishing	Autodesk/AutoCAD/Publishing.py	108	116		5
CannotOpenBothCentralAndLocalException	Autodesk.Revit.Exceptions	Autodesk/Revit/Exceptions.py	119	132	InvalidOperationException	10
CannotUnloadAppDomainException	System	System/__init__.py	12985	13028	SystemException, ISerializable, _Exception	0
CantPivotMethodType	Autodesk.Civil	Autodesk/Civil/__init__.py	146	150		0
CantPointType	Autodesk.Civil	Autodesk/Civil/__init__.py	151	155		0
CantStationRoundingType	Autodesk.Civil	Autodesk/Civil/__init__.py	156	160		0
CantViewDisplayStyleType	Autodesk.Civil	Autodesk/Civil/__init__.py	161	165		0
CantViewStyle	Autodesk.Civil.DatabaseServices.Styles	Autodesk/Civil/DatabaseServices/Styles.py	716	776	StyleBase	57
CantViewStyleCollection	Autodesk.Civil.DatabaseServices.Styles	Autodesk/Civil/DatabaseServices/Styles.py	777	787	StyleCollectionBase	7
CapitalizationForLoadNames	Autodesk.Revit.DB.Electrical	Autodesk/Revit/DB/Electrical.py	535	539		0
CapitalizationType	Autodesk.Civil	Autodesk/Civil/__init__.py	166	170		0
CaptionButton	System.Windows.Forms	System/Windows/Forms/__init__.py	24666	24714	Enum, IComparable, IFormattable, IConvertible	0
CaseInsensitiveComparer	System.Collections	System/Collections/__init__.py	1207	1270	object, IComparer	0
CaseInsensitiveHashCodeProvider	System.Collections	System/Collections/__init__.py	1271	1324	object, IHashCodeProvider	0
Catchment	Autodesk.Civil.DatabaseServices	Autodesk/Civil/DatabaseServices/__init__.py	5168	5354	Entity	181
CatchmentDisplayStylePlanType	Autodesk.Civil.DatabaseServices.Styles	Autodesk/Civil/DatabaseServices/Styles.py	788	792		0
CatchmentGroup	Autodesk.Civil.DatabaseServices	Autodesk/Civil/DatabaseServices/__init__.py	5355	5412	DBObject	52
CatchmentGroupCollection	Autodesk.Civil.DatabaseServices	Autodesk/Civil/DatabaseServices/__init__.py	5413	5427	TreeNodeCollectionBase	10
CatchmentLabel	Autodesk.Civil.DatabaseServices	Autodesk/Civil/DatabaseServices/__init__.py	5428	5579	FeatureLabel	146
CatchmentObjectType	Autodesk.Civil	Autodesk/Civil/__init__.py	171	175		0
CatchmentRainfallTravelTimeUnitType	Autodesk.Civil	Autodesk/Civil/__init__.py	176	180		0
CatchmentShallowConcentratedFlowSurfaceType	Autodesk.Civil	Autodesk/Civil/__init__.py	181	185		0
CatchmentStyle	Autodesk.Civil.DatabaseServices.Styles	Autodesk/Civil/DatabaseServices/Styles.py	793	849	StyleBase	53
CatchmentStyleCollection	Autodesk.Civil.DatabaseServices.Styles	Autodesk/Civil/DatabaseServices/Styles.py	850	860	StyleCollectionBase	7
CatchmentTimeOfConcentrationMethodType	Autodesk.Civil	Autodesk/Civil/__init__.py	186	190		0
CatchmentWatershedObjectType	Autodesk.Civil	Autodesk/Civil/__init__.py	191	195		0
Categories	Autodesk.Revit.DB	Autodesk/Revit/DB/__init__.py	1683	1697	CategoryNameMap	11
CategorisationForTracking	Autodesk.Navisworks.Api	Autodesk/Navisworks/Api/__init__.py	142	146		0
Category	Autodesk.Revit.DB	Autodesk/Revit/DB/__init__.py	1698	1737	APIObject	30
CategoryCollectable	Autodesk.AutoCAD.Internal.PropertyInspector	Autodesk/AutoCAD/Internal/PropertyInspector.py	8	26	CollectableObject	15
CategoryInequalityFlags	Autodesk.AutoCAD.Internal.PropertyInspector	Autodesk/AutoCAD/Internal/PropertyInspector.py	27	31		0
CategoryNameCollection	System.Drawing.Design	System/Drawing/Design.py	11	96	ReadOnlyCollectionBase, ICollection, IEnumerable	0
CategoryNameMap	Autodesk.Revit.DB	Autodesk/Revit/DB/__init__.py	1738	1752	APIObject	11
CategoryNameMapIterator	Autodesk.Revit.DB	Autodesk/Revit/DB/__init__.py	1753	1761	APIObject	5
CategorySet	Autodesk.Revit.DB	Autodesk/Revit/DB/__init__.py	1762	1775	APIObject	10
CategorySetIterator	Autodesk.Revit.DB	Autodesk/Revit/DB/__init__.py	1776	1783	APIObject	4
CategoryType	Autodesk.Revit.DB	Autodesk/Revit/DB/__init__.py	1784	1788		0
Ceiling	Autodesk.Revit.DB	Autodesk/Revit/DB/__init__.py	1789	1823	CeilingAndFloor	30
CeilingAndFloor	Autodesk.Revit.DB	Autodesk/Revit/DB/__init__.py	1824	1854	HostObject	27
CeilingType	Autodesk.Revit.DB	Autodesk/Revit/DB/__init__.py	1855	1890	HostObjAttributes	32
Cell	Autodesk.AutoCAD.DatabaseServices	Autodesk/AutoCAD/DatabaseServices/__init__.py	4296	4355	CellRange	56
CellAlignment	Autodesk.AutoCAD.DatabaseServices	Autodesk/AutoCAD/DatabaseServices/__init__.py	4356	4360		0
CellBorder	Autodesk.AutoCAD.DatabaseServices	Autodesk/AutoCAD/DatabaseServices/__init__.py	4361	4372		8
CellBorders	Autodesk.AutoCAD.DatabaseServices	Autodesk/AutoCAD/DatabaseServices/__init__.py	4373	4382		6
CellClass	Autodesk.AutoCAD.DatabaseServices	Autodesk/AutoCAD/DatabaseServices/__init__.py	4383	4387		0
CellContent	Autodesk.AutoCAD.DatabaseServices	Autodesk/AutoCAD/DatabaseServices/__init__.py	4388	4413		22
CellContentLayout	Autodesk.AutoCAD.DatabaseServices	Autodesk/AutoCAD/DatabaseServices/__init__.py	4414	4418		0
CellContentTypes	Autodesk.AutoCAD.DatabaseServices	Autodesk/AutoCAD/DatabaseServices/__init__.py	4419	4423		0
CellContentsCollection	Autodesk.AutoCAD.DatabaseServices	Autodesk/AutoCAD/DatabaseServices/__init__.py	4424	4435		8
CellEdgeMasks	Autodesk.AutoCAD.DatabaseServices	Autodesk/AutoCAD/DatabaseServices/__init__.py	4436	4440		0
CellLayoutTool	Autodesk.Aec.DatabaseServices	Autodesk/Aec/DatabaseServices.py	799	913	LayoutTool	111
CellMargins	Autodesk.AutoCAD.DatabaseServices	Autodesk/AutoCAD/DatabaseServices/__init__.py	4441	4445		0
CellOption	Autodesk.AutoCAD.DatabaseServices	Autodesk/AutoCAD/DatabaseServices/__init__.py	4446	4450		0
CellProperties	Autodesk.AutoCAD.DatabaseServices	Autodesk/AutoCAD/DatabaseServices/__init__.py	4451	4455		0
CellRange	Autodesk.AutoCAD.DatabaseServices	Autodesk/AutoCAD/DatabaseServices/__init__.py	4456	4505		45
CellReference	Autodesk.AutoCAD.DatabaseServices	Autodesk/AutoCAD/DatabaseServices/__init__.py	4506	4511		2
CellStates	Autodesk.AutoCAD.DatabaseServices	Autodesk/AutoCAD/DatabaseServices/__init__.py	4512	4516		0
CellStyleConverter	Autodesk.AutoCAD.Windows.Data	Autodesk/AutoCAD/Windows/Data/__init__.py	181	188		4
CellType	Autodesk.AutoCAD.DatabaseServices	Autodesk/AutoCAD/DatabaseServices/__init__.py	4517	4521		0
CellType	Autodesk.Revit.DB	Autodesk/Revit/DB/__init__.py	1891	1895		0
CenterMarkerSizeType	Autodesk.Civil.DatabaseServices.Styles	Autodesk/Civil/DatabaseServices/Styles.py	861	865		0
CenterPointConstraint	Autodesk.AutoCAD.DatabaseServices	Autodesk/AutoCAD/DatabaseServices/__init__.py	4522	4537	ConcentricConstraint	12
CentralFileCommunicationException	Autodesk.Revit.Exceptions	Autodesk/Revit/Exceptions.py	133	146	CentralModelException	10
CentralModelAccessDeniedException	Autodesk.Revit.Exceptions	Autodesk/Revit/Exceptions.py	147	160	CentralModelException	10
CentralModelAlreadyExistsException	Autodesk.Revit.Exceptions	Autodesk/Revit/Exceptions.py	161	174	CentralModelException	10
CentralModelContentionException	Autodesk.Revit.Exceptions	Autodesk/Revit/Exceptions.py	175	189	CentralModelException	11
CentralModelException	Autodesk.Revit.Exceptions	Autodesk/Revit/Exceptions.py	190	203	ApplicationException	10
CentralModelVersionArchivedException	Autodesk.Revit.Exceptions	Autodesk/Revit/Exceptions.py	204	217	CentralModelException	10
Ceramic	Autodesk.Revit.DB.Visual	Autodesk/Revit/DB/Visual.py	439	454		12
CeramicApplicationType	Autodesk.Revit.DB.Visual	Autodesk/Revit/DB/Visual.py	455	459		0
CeramicBumpType	Autodesk.Revit.DB.Visual	Autodesk/Revit/DB/Visual.py	460	464		0
CeramicPatternType	Autodesk.Revit.DB.Visual	Autodesk/Revit/DB/Visual.py	465	469		0
CeramicType	Autodesk.Revit.DB.Visual	Autodesk/Revit/DB/Visual.py	470	474		0
CertificationData	Autodesk.AutoCAD.GraphicsSystem	Autodesk/AutoCAD/GraphicsSystem.py	3	15		9
CertificationUtil	Autodesk.AutoCAD.Internal	Autodesk/AutoCAD/Internal/__init__.py	698	705		2
ChangePriority	Autodesk.Revit.DB	Autodesk/Revit/DB/__init__.py	1896	1900		0
ChangeType	Autodesk.Revit.DB	Autodesk/Revit/DB/__init__.py	1901	1910		5
ChannelFlags	Autodesk.AutoCAD.GraphicsInterface	Autodesk/AutoCAD/GraphicsInterface.py	18	22		0
Char	System	System/__init__.py	13029	14084	object, IComparable, IConvertible, IComparable[Char], IEquatable[Char]	0
CharEnumerator	System	System/__init__.py	14085	14186	object, IEnumerator, ICloneable, IEnumerator[Char], IDisposable	0
CharacterCasing	System.Windows.Forms	System/Windows/Forms/__init__.py	24715	24761	Enum, IComparable, IFormattable, IConvertible	0
CharacterRange	System.Drawing	System/Drawing/__init__.py	1535	1612	object	0
CharacterSetCommand	Autodesk.AutoCAD.Windows.Data	Autodesk/AutoCAD/Windows/Data/__init__.py	189	193	IPECommandBase	1
CheckBox	System.Windows.Forms	System/Windows/Forms/__init__.py	24762	26979	ButtonBase, IComponent, IDisposable, IOleControl, IOleObject, IOleInPlaceObject, IOleInPlaceActiveObject, IOleWindow, IViewObject, IViewObject2, IPersist, IPersistStreamInit, IPersistPropertyBag, IPersistStorage, IQuickActivate, ISupportOleDropSource, IDropTarget, ISynchronizeInvoke, IWin32Window, IArrangedElement, IBindableComponent	0
CheckBoxRenderer	System.Windows.Forms	System/Windows/Forms/__init__.py	26980	27192	object	0
CheckBoxState	System.Windows.Forms.VisualStyles	System/Windows/Forms/VisualStyles.py	162	217	Enum, IComparable, IFormattable, IConvertible	0
CheckState	System.Windows.Forms	System/Windows/Forms/__init__.py	35165	35211	Enum, IComparable, IFormattable, IConvertible	0
CheckedListBox	System.Windows.Forms	System/Windows/Forms/__init__.py	32582	35164	ListBox, IComponent, IDisposable, IOleControl, IOleObject, IOleInPlaceObject, IOleInPlaceActiveObject, IOleWindow, IViewObject, IViewObject2, IPersist, IPersistStreamInit, IPersistPropertyBag, IPersistStorage, IQuickActivate, ISupportOleDropSource, IDropTarget, ISynchronizeInvoke, IWin32Window, IArrangedElement, IBindableComponent	0
Checker	Autodesk.Revit.DB.Visual	Autodesk/Revit/DB/Visual.py	475	491		13
CheckingOutEventArgs	Autodesk.AutoCAD.ApplicationServices	Autodesk/AutoCAD/ApplicationServices/__init__.py	122	128	EventArgs	3
CheckingOutEventHandler	Autodesk.AutoCAD.ApplicationServices	Autodesk/AutoCAD/ApplicationServices/__init__.py	129	137		5
CheckoutElementsRequestTooLargeException	Autodesk.Revit.Exceptions	Autodesk/Revit/Exceptions.py	218	231	CentralModelException	10
CheckoutStatus	Autodesk.Revit.DB	Autodesk/Revit/DB/__init__.py	1911	1915		0
CipUtils	Autodesk.AutoCAD.Internal	Autodesk/AutoCAD/Internal/__init__.py	706	727		17
Circle	Autodesk.AutoCAD.DatabaseServices	Autodesk/AutoCAD/DatabaseServices/__init__.py	4538	4626	Curve	85
CircleCurve	Autodesk.Aec.Modeler	Autodesk/Aec/Modeler.py	161	176	Curve	12
CircleLightShape	Autodesk.Revit.DB.Lighting	Autodesk/Revit/DB/Lighting.py	23	28	LightShape	2
CircuitConnectionType	Autodesk.Revit.DB.Electrical	Autodesk/Revit/DB/Electrical.py	540	544		0
CircuitLoadCalculationMethod	Autodesk.Revit.DB.Electrical	Autodesk/Revit/DB/Electrical.py	545	549		0
CircuitNaming	Autodesk.Revit.DB.Electrical	Autodesk/Revit/DB/Electrical.py	550	554		0
CircuitNamingScheme	Autodesk.Revit.DB.Electrical	Autodesk/Revit/DB/Electrical.py	555	593	Element	32
CircuitNamingSchemeSettings	Autodesk.Revit.DB.Electrical	Autodesk/Revit/DB/Electrical.py	594	629	Element	30
CircuitNumberingOption	Autodesk.Revit.DB.Electrical	Autodesk/Revit/DB/Electrical.py	630	634		0
CircuitSequence	Autodesk.Revit.DB.Electrical	Autodesk/Revit/DB/Electrical.py	635	639		0
CircuitType	Autodesk.Revit.DB.Electrical	Autodesk/Revit/DB/Electrical.py	640	644		0
CircularArc2d	Autodesk.AutoCAD.Geometry	Autodesk/AutoCAD/Geometry.py	95	121	Curve2d	22
CircularArc3d	Autodesk.AutoCAD.Geometry	Autodesk/AutoCAD/Geometry.py	122	151	Curve3d	25
City	Autodesk.Revit.DB	Autodesk/Revit/DB/__init__.py	1916	1925	APIObject	6
CitySet	Autodesk.Revit.DB	Autodesk/Revit/DB/__init__.py	1926	1939	APIObject	10
CitySetIterator	Autodesk.Revit.DB	Autodesk/Revit/DB/__init__.py	1940	1947	APIObject	4
CivilAlignment	Autodesk.Navisworks.Api	Autodesk/Navisworks/Api/__init__.py	147	159		9
CivilApplication	Autodesk.Civil.ApplicationServices	Autodesk/Civil/ApplicationServices.py	3	9		3
CivilDocument	Autodesk.Civil.ApplicationServices	Autodesk/Civil/ApplicationServices.py	10	53	DisposableWrapper	39
CivilException	Autodesk.Civil	Autodesk/Civil/__init__.py	196	209	Exception	9
CivilVersion	Autodesk.Civil	Autodesk/Civil/__init__.py	210	404		38
ClashCurrentIssue	Autodesk.Navisworks.Api.Interop	Autodesk/Navisworks/Api/Interop/__init__.py	21	46		12
ClashImpl	Autodesk.Navisworks.Internal.ApiImplementation	Autodesk/Navisworks/Internal/ApiImplementation/__init__.py	116	123		2
ClashResult	Autodesk.Navisworks.Api.Clash	Autodesk/Navisworks/Api/Clash.py	3	58	SavedItem	50
ClashResultActionPlugin	Autodesk.Navisworks.Api.Plugins	Autodesk/Navisworks/Api/Plugins.py	67	79	Plugin	9
ClashResultActionPluginRecord	Autodesk.Navisworks.Api.Plugins	Autodesk/Navisworks/Api/Plugins.py	80	101	PluginRecord	18
ClashResultGroup	Autodesk.Navisworks.Api.Clash	Autodesk/Navisworks/Api/Clash.py	59	110	GroupItem	46
ClashResultParts	Autodesk.Navisworks.Api.Clash	Autodesk/Navisworks/Api/Clash.py	111	115		0
ClashResultSortMode	Autodesk.Navisworks.Api.Clash	Autodesk/Navisworks/Api/Clash.py	116	120		0
ClashResultStatus	Autodesk.Navisworks.Api.Clash	Autodesk/Navisworks/Api/Clash.py	121	125		0
ClashSelection	Autodesk.Navisworks.Api.Clash	Autodesk/Navisworks/Api/Clash.py	126	141	NativeHandle	9
ClashSortDirection	Autodesk.Navisworks.Api.Clash	Autodesk/Navisworks/Api/Clash.py	142	146		0
ClashTest	Autodesk.Navisworks.Api.Clash	Autodesk/Navisworks/Api/Clash.py	147	177	GroupItem	25
ClashTestFolder	Autodesk.Navisworks.Api.Clash	Autodesk/Navisworks/Api/Clash.py	178	193	FolderItem	10
ClashTestParts	Autodesk.Navisworks.Api.Clash	Autodesk/Navisworks/Api/Clash.py	194	198		0
ClashTestSortMode	Autodesk.Navisworks.Api.Clash	Autodesk/Navisworks/Api/Clash.py	199	203		0
ClashTestStatus	Autodesk.Navisworks.Api.Clash	Autodesk/Navisworks/Api/Clash.py	204	208		0
ClashTestType	Autodesk.Navisworks.Api.Clash	Autodesk/Navisworks/Api/Clash.py	209	213		0
ClashTestsData	Autodesk.Navisworks.Api.Clash	Autodesk/Navisworks/Api/Clash.py	214	223		6
Classification	Autodesk.Aec.DatabaseServices	Autodesk/Aec/DatabaseServices.py	914	974	DictionaryRecord	57
ClassificationCollection	Autodesk.Aec.DatabaseServices	Autodesk/Aec/DatabaseServices.py	975	998	ImpObject	19
ClassificationDefinition	Autodesk.Aec.DatabaseServices	Autodesk/Aec/DatabaseServices.py	999	1068	DictionaryRecord	62
ClassificationEntries	Autodesk.Revit.DB	Autodesk/Revit/DB/__init__.py	1948	1954	KeyBasedTreeEntries	2
ClassificationEntry	Autodesk.Revit.DB	Autodesk/Revit/DB/__init__.py	1955	1967	KeyBasedTreeEntry	9
ClassificationTree	Autodesk.Aec.DatabaseServices	Autodesk/Aec/DatabaseServices.py	1069	1100	ImpTree	28
ClearLineSpaceCommand	Autodesk.AutoCAD.Windows.Data	Autodesk/AutoCAD/Windows/Data/__init__.py	194	198	IPECommandBase	1
ClicFixedUi	Autodesk.AutoCAD.Internal.Windows	Autodesk/AutoCAD/Internal/Windows.py	3	14		8
ClicMenuUi	Autodesk.AutoCAD.Internal.Windows	Autodesk/AutoCAD/Internal/Windows.py	15	21		3
ClicTemporalUi	Autodesk.AutoCAD.Internal.Windows	Autodesk/AutoCAD/Internal/Windows.py	22	31		6
ClicUi	Autodesk.AutoCAD.Internal.Windows	Autodesk/AutoCAD/Internal/Windows.py	32	38		2
ClicUiDisplayEventHandler	Autodesk.AutoCAD.Internal.Windows	Autodesk/AutoCAD/Internal/Windows.py	39	47		5
ClicUiElementColors	Autodesk.AutoCAD.Internal.Windows	Autodesk/AutoCAD/Internal/Windows.py	48	54		3
ClicUiEventArgs	Autodesk.AutoCAD.Internal.Windows	Autodesk/AutoCAD/Internal/Windows.py	55	60	EventArgs	2
ClicUiStyle	Autodesk.AutoCAD.Internal.Windows	Autodesk/AutoCAD/Internal/Windows.py	61	70		6
ClientViewInfo	Autodesk.AutoCAD.GraphicsSystem	Autodesk/AutoCAD/GraphicsSystem.py	16	22		3
ClipBoundary	Autodesk.AutoCAD.GraphicsInterface	Autodesk/AutoCAD/GraphicsInterface.py	23	40	DisposableWrapper	14
ClipBoundary2d	Autodesk.AutoCAD.Geometry	Autodesk/AutoCAD/Geometry.py	152	163	Entity2d	7
ClipBoundary2dData	Autodesk.AutoCAD.Geometry	Autodesk/AutoCAD/Geometry.py	164	173		6
ClipBoundaryType	Autodesk.AutoCAD.DatabaseServices	Autodesk/AutoCAD/DatabaseServices/__init__.py	4627	4631		0
ClipCondition	Autodesk.AutoCAD.Geometry	Autodesk/AutoCAD/Geometry.py	174	178		0
ClipError	Autodesk.AutoCAD.Geometry	Autodesk/AutoCAD/Geometry.py	179	183		0
ClipPlane	Autodesk.Navisworks.Api	Autodesk/Navisworks/Api/__init__.py	160	187	NativeHandle	22
ClipPlane	Autodesk.Revit.DB.DirectContext3D	Autodesk/Revit/DB/DirectContext3D.py	21	28		4
ClipPlaneAlignment	Autodesk.Navisworks.Api	Autodesk/Navisworks/Api/__init__.py	188	192		0
ClipPlaneSet	Autodesk.Navisworks.Api	Autodesk/Navisworks/Api/__init__.py	193	224	NativeHandle	25
ClipPlaneSetMode	Autodesk.Navisworks.Api	Autodesk/Navisworks/Api/__init__.py	225	229		0
ClipPlaneState	Autodesk.Navisworks.Api	Autodesk/Navisworks/Api/__init__.py	230	234		0
ClipVolume	Autodesk.Aec.DatabaseServices	Autodesk/Aec/DatabaseServices.py	1101	1227	LayoutTool	123
ClipVolumeResult	Autodesk.Aec.DatabaseServices	Autodesk/Aec/DatabaseServices.py	1228	1338	Geo	107
Clipboard	System.Windows.Forms	System/Windows/Forms/__init__.py	35212	35610	object	0
ClippingRectangleInfo	Autodesk.Aec.DatabaseServices	Autodesk/Aec/DatabaseServices.py	1339	1343		0
CloseCommand	Autodesk.AutoCAD.Windows.Data	Autodesk/AutoCAD/Windows/Data/__init__.py	199	203	IPECommandBase	1
CloseReason	System.Windows.Forms	System/Windows/Forms/__init__.py	35611	35661	Enum, IComparable, IFormattable, IConvertible	0
ClosestPointsPairBetweenTwoCurves	Autodesk.Revit.DB	Autodesk/Revit/DB/__init__.py	1968	1978		7
CloudPoint	Autodesk.Revit.DB.PointClouds	Autodesk/Revit/DB/PointClouds.py	3	7		0
CloudPrintingServiceManager	Autodesk.AutoCAD.Internal	Autodesk/AutoCAD/Internal/__init__.py	728	732		1
CodeCheckingParameterServiceData	Autodesk.Revit.DB.Structure	Autodesk/Revit/DB/Structure/__init__.py	861	868		4
CodeCollection	Autodesk.Civil.DatabaseServices	Autodesk/Civil/DatabaseServices/__init__.py	5580	5590	CivilWrapper<AeccDbEntity>	7
CodeSetStyle	Autodesk.Civil.DatabaseServices.Styles	Autodesk/Civil/DatabaseServices/Styles.py	866	928	StyleBase	58
CodeSetStyleCollection	Autodesk.Civil.DatabaseServices.Styles	Autodesk/Civil/DatabaseServices/Styles.py	929	939	StyleCollectionBase	7
CodeSetStyleItem	Autodesk.Civil.DatabaseServices.Styles	Autodesk/Civil/DatabaseServices/Styles.py	940	959	CivilWrapper<AeccDbRoadwayStyleSet>	16
CodeSetStyleItemType	Autodesk.Civil.DatabaseServices.Styles	Autodesk/Civil/DatabaseServices/Styles.py	960	964		0
CogoPoint	Autodesk.Civil.DatabaseServices	Autodesk/Civil/DatabaseServices/__init__.py	5591	5721	Entity	127
CogoPointCollection	Autodesk.Civil.DatabaseServices	Autodesk/Civil/DatabaseServices/__init__.py	5722	5756		28
CogoPointEnumerator	Autodesk.Civil.DatabaseServices	Autodesk/Civil/DatabaseServices/__init__.py	5757	5765		5
ColinearConstraint	Autodesk.AutoCAD.DatabaseServices	Autodesk/AutoCAD/DatabaseServices/__init__.py	4632	4647	GeometricalConstraint	12
CollectableObject	Autodesk.AutoCAD.Internal.PropertyInspector	Autodesk/AutoCAD/Internal/PropertyInspector.py	32	41	DisposableWrapper	6
Collection	System.Collections.ObjectModel	System/Collections/ObjectModel.py	11	288	object, IList[T], ICollection[T], IEnumerable[T], IEnumerable, IList, ICollection, IReadOnlyList[T], IReadOnlyCollection[T]	0
CollectionBase	System.Collections	System/Collections/__init__.py	1557	1824	object, IList, ICollection, IEnumerable	0
CollectionImpl	Autodesk.Navisworks.Internal.ApiImplementation	Autodesk/Navisworks/Internal/ApiImplementation/__init__.py	124	139		6
CollectionIntImpl	Autodesk.Navisworks.Internal.ApiImplementation	Autodesk/Navisworks/Internal/ApiImplementation/__init__.py	140	147		2
CollectionVector	Autodesk.AutoCAD.Internal.PropertyInspector	Autodesk/AutoCAD/Internal/PropertyInspector.py	42	65	DisposableWrapper	20
CollectionsUtil	System.Collections.Specialized	System/Collections/Specialized.py	191	281	object	0
CollisionType	Autodesk.AutoCAD.DatabaseServices	Autodesk/AutoCAD/DatabaseServices/__init__.py	4648	4652		0
Color	Autodesk.AutoCAD.Colors	Autodesk/AutoCAD/Colors.py	3	59	DisposableWrapper	44
Color	Autodesk.Navisworks.Api	Autodesk/Navisworks/Api/__init__.py	235	264	NativeHandle	23
Color	Autodesk.Revit.DB	Autodesk/Revit/DB/__init__.py	1979	1988	APIObject	6
Color	System.Drawing	System/Drawing/__init__.py	1613	2120	object	0
ColorAdjustType	System.Drawing.Imaging	System/Drawing/Imaging.py	99	149	Enum, IComparable, IFormattable, IConvertible	0
ColorBackgroundSettings	Autodesk.Revit.DB	Autodesk/Revit/DB/__init__.py	1989	1994	BackgroundSettings	2
ColorBlend	System.Drawing.Drawing2D	System/Drawing/Drawing2D.py	380	426	object	0
ColorChannelFlag	System.Drawing.Imaging	System/Drawing/Imaging.py	150	198	Enum, IComparable, IFormattable, IConvertible	0
ColorCollection	Autodesk.AutoCAD.Windows.Data	Autodesk/AutoCAD/Windows/Data/__init__.py	204	214	DataItemCollection	7
ColorCommand	Autodesk.AutoCAD.Windows.Data	Autodesk/AutoCAD/Windows/Data/__init__.py	215	220		2
ColorConverter	Autodesk.AutoCAD.Colors	Autodesk/AutoCAD/Colors.py	60	66	TypeConverter	3
ColorConverter	System.Drawing	System/Drawing/__init__.py	2121	2279	TypeConverter	0
ColorDepth	System.Windows.Forms	System/Windows/Forms/__init__.py	35662	35710	Enum, IComparable, IFormattable, IConvertible	0
ColorDepthType	Autodesk.Revit.DB	Autodesk/Revit/DB/__init__.py	1995	1999		0
ColorDialog	Autodesk.AutoCAD.Windows	Autodesk/AutoCAD/Windows/__init__.py	3	11		5
ColorDialog	System.Windows.Forms	System/Windows/Forms/__init__.py	35980	36312	CommonDialog, IComponent, IDisposable	0
ColorFillLegend	Autodesk.Revit.DB	Autodesk/Revit/DB/__init__.py	2000	2037	Element	33
ColorFillScheme	Autodesk.Revit.DB	Autodesk/Revit/DB/__init__.py	2038	2092	Element	51
ColorFillSchemeEntry	Autodesk.Revit.DB	Autodesk/Revit/DB/__init__.py	2093	2113		17
ColorMap	System.Drawing.Imaging	System/Drawing/Imaging.py	199	234	object	0
ColorMapType	System.Drawing.Imaging	System/Drawing/Imaging.py	235	280	Enum, IComparable, IFormattable, IConvertible	0
ColorMatrix	System.Drawing.Imaging	System/Drawing/Imaging.py	281	634	object	0
ColorMatrixFlag	System.Drawing.Imaging	System/Drawing/Imaging.py	635	681	Enum, IComparable, IFormattable, IConvertible	0
ColorMethod	Autodesk.AutoCAD.Colors	Autodesk/AutoCAD/Colors.py	67	71		0
ColorMode	System.Drawing.Imaging	System/Drawing/Imaging.py	682	727	Enum, IComparable, IFormattable, IConvertible	0
ColorOptions	Autodesk.Revit.DB	Autodesk/Revit/DB/__init__.py	2114	2128		10
ColorPalette	System.Drawing.Imaging	System/Drawing/Imaging.py	728	753	object	0
ColorPreset	Autodesk.Revit.DB.Lighting	Autodesk/Revit/DB/Lighting.py	29	33		0
ColorProperty	System.Windows.Forms.VisualStyles	System/Windows/Forms/VisualStyles.py	218	284	Enum, IComparable, IFormattable, IConvertible	0
ColorRGB	Autodesk.AutoCAD.GraphicsInterface	Autodesk/AutoCAD/GraphicsInterface.py	41	47		3
ColorRGBA	Autodesk.AutoCAD.GraphicsInterface	Autodesk/AutoCAD/GraphicsInterface.py	48	55		4
ColorSchemeType	Autodesk.Civil.DatabaseServices.Styles	Autodesk/Civil/DatabaseServices/Styles.py	965	969		0
ColorSelectionDialog	Autodesk.Revit.UI	Autodesk/Revit/UI/__init__.py	20	28		5
ColorSetting	Autodesk.AutoCAD.Windows.Data	Autodesk/AutoCAD/Windows/Data/__init__.py	221	226		2
ColorThemeChangedEventHandler	Autodesk.AutoCAD.Internal	Autodesk/AutoCAD/Internal/__init__.py	733	741		5
ColorThemeEnum	Autodesk.AutoCAD.Internal	Autodesk/AutoCAD/Internal/__init__.py	742	746		0
ColorToNamedValueConverter	Autodesk.AutoCAD.Windows.Data	Autodesk/AutoCAD/Windows/Data/__init__.py	227	232		2
ColorTranslator	System.Drawing	System/Drawing/__init__.py	2280	2386	object	0
ColorType	Autodesk.Aec.Modeler	Autodesk/Aec/Modeler.py	177	181		0
ColorWithTransparency	Autodesk.Revit.DB	Autodesk/Revit/DB/__init__.py	2129	2144		12
Column	Autodesk.AutoCAD.DatabaseServices	Autodesk/AutoCAD/DatabaseServices/__init__.py	4653	4692	CellRange	36
ColumnAttachment	Autodesk.Revit.DB	Autodesk/Revit/DB/__init__.py	2145	2166		13
ColumnAttachmentCutStyle	Autodesk.Revit.DB	Autodesk/Revit/DB/__init__.py	2167	2171		0
ColumnAttachmentJustification	Autodesk.Revit.DB	Autodesk/Revit/DB/__init__.py	2172	2176		0
ColumnClickEventArgs	System.Windows.Forms	System/Windows/Forms/__init__.py	36313	36338	EventArgs	0
ColumnClickEventHandler	System.Windows.Forms	System/Windows/Forms/__init__.py	36339	36443	MulticastDelegate, ICloneable, ISerializable	0
ColumnHeader	System.Windows.Forms	System/Windows/Forms/__init__.py	36444	36761	Component, IComponent, IDisposable, ICloneable	0
ColumnHeaderAutoResizeStyle	System.Windows.Forms	System/Windows/Forms/__init__.py	36762	36808	Enum, IComparable, IFormattable, IConvertible	0
ColumnHeaderConverter	System.Windows.Forms	System/Windows/Forms/__init__.py	36809	36869	ExpandableObjectConverter	0
ColumnHeaderStyle	System.Windows.Forms	System/Windows/Forms/__init__.py	36870	36916	Enum, IComparable, IFormattable, IConvertible	0
ColumnReorderedEventArgs	System.Windows.Forms	System/Windows/Forms/__init__.py	36917	36964	CancelEventArgs	0
ColumnReorderedEventHandler	System.Windows.Forms	System/Windows/Forms/__init__.py	36965	37069	MulticastDelegate, ICloneable, ISerializable	0
ColumnStyle	Autodesk.Civil.DatabaseServices.Styles	Autodesk/Civil/DatabaseServices/Styles.py	970	980	CivilWrapper<AeccDbScheduleTableStyle>	7
ColumnStyle	System.Windows.Forms	System/Windows/Forms/__init__.py	37087	37124	TableLayoutStyle	0
ColumnStyleCollection	Autodesk.Civil.DatabaseServices.Styles	Autodesk/Civil/DatabaseServices/Styles.py	981	990	CivilWrapper<AeccDbScheduleTableStyle>	6
ColumnType	Autodesk.AutoCAD.DatabaseServices	Autodesk/AutoCAD/DatabaseServices/__init__.py	4693	4697		0
ColumnWidthChangedEventArgs	System.Windows.Forms	System/Windows/Forms/__init__.py	37125	37150	EventArgs	0
ColumnWidthChangedEventHandler	System.Windows.Forms	System/Windows/Forms/__init__.py	37151	37255	MulticastDelegate, ICloneable, ISerializable	0
ColumnWidthChangingEventArgs	System.Windows.Forms	System/Windows/Forms/__init__.py	37256	37300	CancelEventArgs	0
ColumnWidthChangingEventHandler	System.Windows.Forms	System/Windows/Forms/__init__.py	37301	37405	MulticastDelegate, ICloneable, ISerializable	0
ColumnsCollection	Autodesk.AutoCAD.DatabaseServices	Autodesk/AutoCAD/DatabaseServices/__init__.py	4698	4704		3
ColumnsSettingsDialogCommand	Autodesk.AutoCAD.Windows.Data	Autodesk/AutoCAD/Windows/Data/__init__.py	233	237	IPECommandBase	1
Com2Variant	System.Windows.Forms.ComponentModel.Com2Interop	System/Windows/Forms/ComponentModel/Com2Interop.py	11	19	object	0
ComApiBridge	Autodesk.Navisworks.Api.ComApi	Autodesk/Navisworks/Api/ComApi.py	3	19		7
CombinableElement	Autodesk.Revit.DB	Autodesk/Revit/DB/__init__.py	2177	2208	Element	28
CombinableElementArray	Autodesk.Revit.DB	Autodesk/Revit/DB/__init__.py	2209	2222	APIObject	10
CombinableElementArrayIterator	Autodesk.Revit.DB	Autodesk/Revit/DB/__init__.py	2223	2230	APIObject	4
CombineMode	System.Drawing.Drawing2D	System/Drawing/Drawing2D.py	427	476	Enum, IComparable, IFormattable, IConvertible	0
ComboBox	Autodesk.Revit.UI	Autodesk/Revit/UI/__init__.py	29	46	RibbonItem	14
ComboBox	System.Windows.Forms	System/Windows/Forms/__init__.py	37406	40308	ListControl, IComponent, IDisposable, IOleControl, IOleObject, IOleInPlaceObject, IOleInPlaceActiveObject, IOleWindow, IViewObject, IViewObject2, IPersist, IPersistStreamInit, IPersistPropertyBag, IPersistStorage, IQuickActivate, ISupportOleDropSource, IDropTarget, ISynchronizeInvoke, IWin32Window, IArrangedElement, IBindableComponent	0
ComboBoxCurrentChangedEventArgs	Autodesk.Revit.UI.Events	Autodesk/Revit/UI/Events.py	29	35	RibbonItemEventArgs	3
ComboBoxData	Autodesk.Revit.UI	Autodesk/Revit/UI/__init__.py	47	56	RibbonItemData	6
ComboBoxDropDownClosedEventArgs	Autodesk.Revit.UI.Events	Autodesk/Revit/UI/Events.py	36	40	RibbonItemEventArgs	1
ComboBoxDropDownOpenedEventArgs	Autodesk.Revit.UI.Events	Autodesk/Revit/UI/Events.py	41	45	RibbonItemEventArgs	1
ComboBoxMember	Autodesk.Revit.UI	Autodesk/Revit/UI/__init__.py	57	70	RibbonItem	10
ComboBoxMemberData	Autodesk.Revit.UI	Autodesk/Revit/UI/__init__.py	71	82	RibbonItemData	8
ComboBoxRenderer	System.Windows.Forms	System/Windows/Forms/__init__.py	40309	40443	object	0
ComboBoxState	System.Windows.Forms.VisualStyles	System/Windows/Forms/VisualStyles.py	285	332	Enum, IComparable, IFormattable, IConvertible	0
ComboBoxStyle	System.Windows.Forms	System/Windows/Forms/__init__.py	40444	40490	Enum, IComparable, IFormattable, IConvertible	0
ComboBoxWrapper	Autodesk.AutoCAD.Internal	Autodesk/AutoCAD/Internal/__init__.py	747	827	ControlWrapper	77
Command	Autodesk.AutoCAD.Windows.Data	Autodesk/AutoCAD/Windows/Data/__init__.py	238	247		6
CommandAttribute	Autodesk.Navisworks.Api.Plugins	Autodesk/Navisworks/Api/Plugins.py	102	117	Attribute	12
CommandCallback	Autodesk.AutoCAD.Internal	Autodesk/AutoCAD/Internal/__init__.py	828	836		5
CommandClassAttribute	Autodesk.AutoCAD.Runtime	Autodesk/AutoCAD/Runtime.py	8	13	Attribute	2
CommandCompletionType	Autodesk.AutoCAD.Windows.Data	Autodesk/AutoCAD/Windows/Data/__init__.py	248	252		0
CommandEditor	Autodesk.AutoCAD.Windows.Data	Autodesk/AutoCAD/Windows/Data/__init__.py	253	269		13
CommandEditorManager	Autodesk.AutoCAD.Windows.Data	Autodesk/AutoCAD/Windows/Data/__init__.py	270	275		2
CommandEventArgs	Autodesk.AutoCAD.ApplicationServices	Autodesk/AutoCAD/ApplicationServices/__init__.py	138	142	EventArgs	1
CommandEventArgs	Autodesk.Revit.UI.Events	Autodesk/Revit/UI/Events.py	46	53	RevitEventArgs	4
CommandEventHandler	Autodesk.AutoCAD.ApplicationServices	Autodesk/AutoCAD/ApplicationServices/__init__.py	143	151		5
CommandFlags	Autodesk.AutoCAD.Runtime	Autodesk/AutoCAD/Runtime.py	14	18		0
CommandHandlerPlugin	Autodesk.Navisworks.Api.Plugins	Autodesk/Navisworks/Api/Plugins.py	118	129	Plugin	8
CommandHandlerPluginRecord	Autodesk.Navisworks.Api.Plugins	Autodesk/Navisworks/Api/Plugins.py	130	162	PluginRecord	29
CommandHistory	Autodesk.AutoCAD.Windows.Data	Autodesk/AutoCAD/Windows/Data/__init__.py	276	280		1
CommandLineItem	Autodesk.AutoCAD.Windows.Data	Autodesk/AutoCAD/Windows/Data/__init__.py	281	297		12
CommandLineMonitor	Autodesk.AutoCAD.Internal.PreviousInput	Autodesk/AutoCAD/Internal/PreviousInput.py	8	38		27
CommandLineMonitorServices	Autodesk.AutoCAD.Internal.PreviousInput	Autodesk/AutoCAD/Internal/PreviousInput.py	39	50		7
CommandMenuItem	Autodesk.Revit.UI	Autodesk/Revit/UI/__init__.py	83	89	MenuItem	3
CommandMethodAttribute	Autodesk.AutoCAD.Runtime	Autodesk/AutoCAD/Runtime.py	19	30	Attribute	8
CommandPiper	Autodesk.AutoCAD.Internal	Autodesk/AutoCAD/Internal/__init__.py	837	897		49
CommandRecord	Autodesk.Navisworks.Api.Plugins	Autodesk/Navisworks/Api/Plugins.py	163	175		9
CommandStack	Autodesk.AutoCAD.Windows.Data	Autodesk/AutoCAD/Windows/Data/__init__.py	298	306		5
CommandState	Autodesk.Navisworks.Api.Plugins	Autodesk/Navisworks/Api/Plugins.py	176	183		4
CommandStatus	Autodesk.Aec.DatabaseServices	Autodesk/Aec/DatabaseServices.py	1344	1348		0
CommandThroat	Autodesk.AutoCAD.Internal.Windows	Autodesk/AutoCAD/Internal/Windows.py	71	75		0
CommandToolTipData	Autodesk.AutoCAD.Internal.Windows	Autodesk/AutoCAD/Internal/Windows.py	76	90		11
CommandTypeFlags	Autodesk.AutoCAD.Internal	Autodesk/AutoCAD/Internal/__init__.py	898	902		0
Commands3DPrint	Autodesk.AutoCAD.Windows.Data	Autodesk/AutoCAD/Windows/Data/__init__.py	307	311		1
Comment	Autodesk.Navisworks.Api	Autodesk/Navisworks/Api/__init__.py	265	283	NativeHandle	13
CommentCollection	Autodesk.Navisworks.Api	Autodesk/Navisworks/Api/__init__.py	284	306	NativeHandle	17
CommentStatus	Autodesk.Navisworks.Api	Autodesk/Navisworks/Api/__init__.py	307	311		0
CommonDialog	System.Windows.Forms	System/Windows/Forms/__init__.py	35711	35979	Component, IComponent, IDisposable	0
CommonDraw	Autodesk.AutoCAD.GraphicsInterface	Autodesk/AutoCAD/GraphicsInterface.py	56	70	RXObject	11
CommonProperties	Autodesk.AutoCAD.Windows.Data	Autodesk/AutoCAD/Windows/Data/__init__.py	312	323	WrapICustomTypeDescriptor	8
CommonProperty	Autodesk.AutoCAD.Windows.Data	Autodesk/AutoCAD/Windows/Data/__init__.py	324	349	PropertyDescriptor	22
CommonSharedAssetType	Autodesk.Revit.DB.Visual	Autodesk/Revit/DB/Visual.py	492	496		0
CompareReturnStatus	Autodesk.AutoCAD.DatabaseServices.Internal	Autodesk/AutoCAD/DatabaseServices/Internal.py	3	7		0
Comparer	System.Collections	System/Collections/__init__.py	1825	1900	object, IComparer, ISerializable	0
Comparer	System.Collections.Generic	System/Collections/Generic.py	11	59	object, IComparer, IComparer[T]	0
Comparison	System	System/__init__.py	14220	14318	MulticastDelegate, ICloneable, ISerializable	0
ComplexField	Autodesk.Navisworks.Api.Schema	Autodesk/Navisworks/Api/Schema.py	19	31	Field	7
ComponentClassification	Autodesk.Revit.DB.Mechanical	Autodesk/Revit/DB/Mechanical.py	42	46		0
ComponentEditorForm	System.Windows.Forms.Design	System/Windows/Forms/Design.py	11	2580	Form, IComponent, IDisposable, IOleControl, IOleObject, IOleInPlaceObject, IOleInPlaceActiveObject, IOleWindow, IViewObject, IViewObject2, IPersist, IPersistStreamInit, IPersistPropertyBag, IPersistStorage, IQuickActivate, ISupportOleDropSource, IDropTarget, ISynchronizeInvoke, IWin32Window, IArrangedElement, IBindableComponent, IContainerControl	0
ComponentEditorPage	System.Windows.Forms.Design	System/Windows/Forms/Design.py	2581	5023	Panel, IComponent, IDisposable, IOleControl, IOleObject, IOleInPlaceObject, IOleInPlaceActiveObject, IOleWindow, IViewObject, IViewObject2, IPersist, IPersistStreamInit, IPersistPropertyBag, IPersistStorage, IQuickActivate, ISupportOleDropSource, IDropTarget, ISynchronizeInvoke, IWin32Window, IArrangedElement, IBindableComponent	0
ComponentRepeater	Autodesk.Revit.DB	Autodesk/Revit/DB/__init__.py	2231	2271	Element	34
ComponentRepeaterIterator	Autodesk.Revit.DB	Autodesk/Revit/DB/__init__.py	2272	2282		7
ComponentRepeaterSlot	Autodesk.Revit.DB	Autodesk/Revit/DB/__init__.py	2283	2319	Element	33
ComponentRotation	Autodesk.Revit.DB	Autodesk/Revit/DB/__init__.py	2320	2324		0
ComponentType	Autodesk.Aec.DatabaseServices	Autodesk/Aec/DatabaseServices.py	1349	1353		0
CompositeConstraint	Autodesk.AutoCAD.DatabaseServices	Autodesk/AutoCAD/DatabaseServices/__init__.py	4705	4721	GeometricalConstraint	13
CompositeConverter	Autodesk.AutoCAD.Windows.Data	Autodesk/AutoCAD/Windows/Data/__init__.py	350	356		3
CompositeCurve2d	Autodesk.AutoCAD.Geometry	Autodesk/AutoCAD/Geometry.py	184	202	Curve2d	14
CompositeCurve3d	Autodesk.AutoCAD.Geometry	Autodesk/AutoCAD/Geometry.py	203	220	Curve3d	13
CompositeParameter	Autodesk.AutoCAD.Geometry	Autodesk/AutoCAD/Geometry.py	221	229		5
CompositingMode	System.Drawing.Drawing2D	System/Drawing/Drawing2D.py	477	522	Enum, IComparable, IFormattable, IConvertible	0
CompositingQuality	System.Drawing.Drawing2D	System/Drawing/Drawing2D.py	523	572	Enum, IComparable, IFormattable, IConvertible	0
CompoundCurve2d	Autodesk.Aec.Geometry	Autodesk/Aec/Geometry.py	49	103	ImpObject	51
CompoundCurve2dVertex	Autodesk.Aec.Geometry	Autodesk/Aec/Geometry.py	104	117	DisposableWrapper	9
CompoundCurve2dVertexCollection	Autodesk.Aec.Geometry	Autodesk/Aec/Geometry.py	118	128	DisposableWrapper	7
CompoundObjectId	Autodesk.AutoCAD.DatabaseServices	Autodesk/AutoCAD/DatabaseServices/__init__.py	4722	4748	RXObject	22
CompoundSegment2d	Autodesk.Aec.Geometry	Autodesk/Aec/Geometry.py	129	155	Segment2d	23
CompoundStructure	Autodesk.Revit.DB	Autodesk/Revit/DB/__init__.py	2325	2413		82
CompoundStructureError	Autodesk.Revit.DB	Autodesk/Revit/DB/__init__.py	2414	2418		0
CompoundStructureLayer	Autodesk.Revit.DB	Autodesk/Revit/DB/__init__.py	2419	2432		10
ComputationDataFor3DPathSet	Autodesk.Revit.DB.Structure	Autodesk/Revit/DB/Structure/__init__.py	869	885		11
ConcentricConstraint	Autodesk.AutoCAD.DatabaseServices	Autodesk/AutoCAD/DatabaseServices/__init__.py	4749	4764	GeometricalConstraint	12
ConceptCollection	Autodesk.Navisworks.Api.Schema	Autodesk/Navisworks/Api/Schema.py	32	54	NativeHandle	17
ConceptualConstructionFloorSlabType	Autodesk.Revit.DB.Analysis	Autodesk/Revit/DB/Analysis.py	375	379		0
ConceptualConstructionOpeningType	Autodesk.Revit.DB.Analysis	Autodesk/Revit/DB/Analysis.py	380	384		0
ConceptualConstructionRoofType	Autodesk.Revit.DB.Analysis	Autodesk/Revit/DB/Analysis.py	385	389		0
ConceptualConstructionShadeType	Autodesk.Revit.DB.Analysis	Autodesk/Revit/DB/Analysis.py	390	394		0
ConceptualConstructionType	Autodesk.Revit.DB.Analysis	Autodesk/Revit/DB/Analysis.py	395	453	ElementType	45
ConceptualConstructionWallType	Autodesk.Revit.DB.Analysis	Autodesk/Revit/DB/Analysis.py	454	458		0
ConceptualConstructionWindowSkylightType	Autodesk.Revit.DB.Analysis	Autodesk/Revit/DB/Analysis.py	459	463		0
ConceptualSurfaceType	Autodesk.Revit.DB.Analysis	Autodesk/Revit/DB/Analysis.py	464	501	Element	32
Concrete	Autodesk.Revit.DB.Visual	Autodesk/Revit/DB/Visual.py	497	509		9
ConcreteBrightmodeType	Autodesk.Revit.DB.Visual	Autodesk/Revit/DB/Visual.py	510	514		0
ConcreteFinishType	Autodesk.Revit.DB.Visual	Autodesk/Revit/DB/Visual.py	515	519		0
ConcreteSealantType	Autodesk.Revit.DB.Visual	Autodesk/Revit/DB/Visual.py	520	524		0
ConcurrentBag	System.Collections.Concurrent	System/Collections/Concurrent.py	391	508	object, IProducerConsumerCollection[T], IEnumerable[T], IEnumerable, ICollection, IReadOnlyCollection[T]	0
ConcurrentDictionary	System.Collections.Concurrent	System/Collections/Concurrent.py	509	838	object, IDictionary[TKey, TValue], ICollection[KeyValuePair[TKey, TValue]], IEnumerable[KeyValuePair[TKey, TValue]], IEnumerable, IDictionary, ICollection, IReadOnlyDictionary[TKey, TValue], IReadOnlyCollection[KeyValuePair[TKey, TValue]]	0
ConcurrentQueue	System.Collections.Concurrent	System/Collections/Concurrent.py	839	952	object, IProducerConsumerCollection[T], IEnumerable[T], IEnumerable, ICollection, IReadOnlyCollection[T]	0
ConcurrentStack	System.Collections.Concurrent	System/Collections/Concurrent.py	953	1086	object, IProducerConsumerCollection[T], IEnumerable[T], IEnumerable, ICollection, IReadOnlyCollection[T]	0
ConditionType	Autodesk.Revit.DB.Mechanical	Autodesk/Revit/DB/Mechanical.py	47	51		0
ConductorMaterial	Autodesk.Revit.DB.Electrical	Autodesk/Revit/DB/Electrical.py	645	660		8
ConductorSize	Autodesk.Revit.DB.Electrical	Autodesk/Revit/DB/Electrical.py	661	677		9
Conduit	Autodesk.Revit.DB.Electrical	Autodesk/Revit/DB/Electrical.py	678	720	CableTrayConduitBase	37
ConduitRun	Autodesk.Revit.DB.Electrical	Autodesk/Revit/DB/Electrical.py	721	752	CableTrayConduitRunBase	28
ConduitSettings	Autodesk.Revit.DB.Electrical	Autodesk/Revit/DB/Electrical.py	753	791	Element	34
ConduitSize	Autodesk.Revit.DB.Electrical	Autodesk/Revit/DB/Electrical.py	792	803		8
ConduitSizeIterator	Autodesk.Revit.DB.Electrical	Autodesk/Revit/DB/Electrical.py	804	815		8
ConduitSizeSettingIterator	Autodesk.Revit.DB.Electrical	Autodesk/Revit/DB/Electrical.py	816	826		7
ConduitSizeSettings	Autodesk.Revit.DB.Electrical	Autodesk/Revit/DB/Electrical.py	827	867	Element	36
ConduitSizes	Autodesk.Revit.DB.Electrical	Autodesk/Revit/DB/Electrical.py	868	877		6
ConduitType	Autodesk.Revit.DB.Electrical	Autodesk/Revit/DB/Electrical.py	878	924	MEPCurveType	43
Cone	Autodesk.AutoCAD.Geometry	Autodesk/AutoCAD/Geometry.py	230	255	Surface	21
ConeSurface	Autodesk.Aec.Modeler	Autodesk/Aec/Modeler.py	182	197	RevolutionSurface	12
ConfigWasModifiedEventHandler	Autodesk.AutoCAD.GraphicsSystem	Autodesk/AutoCAD/GraphicsSystem.py	23	31		5
Configuration	Autodesk.AutoCAD.GraphicsSystem	Autodesk/AutoCAD/GraphicsSystem.py	32	88	DisposableWrapper	52
ConfigurationReloadInfo	Autodesk.Revit.DB	Autodesk/Revit/DB/__init__.py	2433	2444		8
ConfigurationSectionNameAttribute	Autodesk.AutoCAD.ApplicationServices	Autodesk/AutoCAD/ApplicationServices/__init__.py	152	157	Attribute	2
ConicalFace	Autodesk.Revit.DB	Autodesk/Revit/DB/__init__.py	2445	2466	Face	18
ConicalSurface	Autodesk.Revit.DB	Autodesk/Revit/DB/__init__.py	2467	2482	Surface	10
ConnectedAlignmentArcInfo	Autodesk.Civil.DatabaseServices	Autodesk/Civil/DatabaseServices/__init__.py	5766	5779	ConnectedAlignmentInfo	10
ConnectedAlignmentCCCInfo	Autodesk.Civil.DatabaseServices	Autodesk/Civil/DatabaseServices/__init__.py	5780	5797	ConnectedAlignmentInfo	14
ConnectedAlignmentInfo	Autodesk.Civil.DatabaseServices	Autodesk/Civil/DatabaseServices/__init__.py	5798	5810		9
ConnectedAlignmentParams	Autodesk.Civil.DatabaseServices	Autodesk/Civil/DatabaseServices/__init__.py	5811	5835		21
ConnectedAlignmentSCSInfo	Autodesk.Civil.DatabaseServices	Autodesk/Civil/DatabaseServices/__init__.py	5836	5852	ConnectedAlignmentInfo	13
ConnectedAlignmentSCSSInfo	Autodesk.Civil.DatabaseServices	Autodesk/Civil/DatabaseServices/__init__.py	5853	5870	ConnectedAlignmentInfo	14
ConnectedAlignmentSSCSInfo	Autodesk.Civil.DatabaseServices	Autodesk/Civil/DatabaseServices/__init__.py	5871	5888	ConnectedAlignmentInfo	14
ConnectedAlignmentSSCSSInfo	Autodesk.Civil.DatabaseServices	Autodesk/Civil/DatabaseServices/__init__.py	5889	5907	ConnectedAlignmentInfo	15
ConnectionComponent	Autodesk.Aec.DatabaseServices	Autodesk/Aec/DatabaseServices.py	1354	1365	ImpObject	8
ConnectionInputPoint	Autodesk.Revit.DB.Structure	Autodesk/Revit/DB/Structure/__init__.py	886	893		4
ConnectionInputPointInfo	Autodesk.Revit.DB.Structure	Autodesk/Revit/DB/Structure/__init__.py	894	902		5
ConnectionResolution	Autodesk.Revit.DB	Autodesk/Revit/DB/__init__.py	2483	2487		0
ConnectionValidationInfo	Autodesk.Revit.DB	Autodesk/Revit/DB/__init__.py	2488	2496		5
ConnectionValidationWarning	Autodesk.Revit.DB	Autodesk/Revit/DB/__init__.py	2497	2505		5
ConnectionWarning	Autodesk.Revit.DB	Autodesk/Revit/DB/__init__.py	2506	2510		0
Connector	Autodesk.Revit.DB	Autodesk/Revit/DB/__init__.py	2511	2562		48
ConnectorDomainType	Autodesk.Revit.DB	Autodesk/Revit/DB/__init__.py	2563	2567		0
ConnectorElement	Autodesk.Revit.DB	Autodesk/Revit/DB/__init__.py	2568	2624	Element	48
ConnectorGenderType	Autodesk.Revit.DB	Autodesk/Revit/DB/__init__.py	2625	2629		0
ConnectorJointType	Autodesk.Revit.DB	Autodesk/Revit/DB/__init__.py	2630	2634		0
ConnectorManager	Autodesk.Revit.DB	Autodesk/Revit/DB/__init__.py	2635	2644		6
ConnectorPositionType	Autodesk.Civil.DatabaseServices	Autodesk/Civil/DatabaseServices/__init__.py	5908	5912		0
ConnectorProfileType	Autodesk.Revit.DB	Autodesk/Revit/DB/__init__.py	2645	2649		0
ConnectorSet	Autodesk.Revit.DB	Autodesk/Revit/DB/__init__.py	2650	2663	APIObject	10
ConnectorSetIterator	Autodesk.Revit.DB	Autodesk/Revit/DB/__init__.py	2664	2671	APIObject	4
ConnectorType	Autodesk.Revit.DB	Autodesk/Revit/DB/__init__.py	2672	2676		0
ConsentStateEnum	Autodesk.AutoCAD.Internal	Autodesk/AutoCAD/Internal/__init__.py	903	907		0
Console	System	System/__init__.py	14319	15185	object	0
ConsoleCancelEventArgs	System	System/__init__.py	15186	15213	EventArgs	0
ConsoleCancelEventHandler	System	System/__init__.py	15214	15318	MulticastDelegate, ICloneable, ISerializable	0
ConsoleColor	System	System/__init__.py	15319	15378	Enum, IComparable, IFormattable, IConvertible	0
ConsoleKey	System	System/__init__.py	15379	15566	Enum, IComparable, IFormattable, IConvertible	0
ConsoleKeyInfo	System	System/__init__.py	15567	15675	object	0
ConsoleModifiers	System	System/__init__.py	15676	15722	Enum, IComparable, IFormattable, IConvertible	0
ConsoleSpecialKey	System	System/__init__.py	15723	15768	Enum, IComparable, IFormattable, IConvertible	0
Constant	Autodesk.Civil	Autodesk/Civil/__init__.py	405	409		0
ConstrainType	Autodesk.AutoCAD.DatabaseServices	Autodesk/AutoCAD/DatabaseServices/__init__.py	4765	4769		0
Constrained2PointsConstructionLine	Autodesk.AutoCAD.DatabaseServices	Autodesk/AutoCAD/DatabaseServices/__init__.py	4770	4788	ConstrainedConstructionLine	15
ConstrainedArc	Autodesk.AutoCAD.DatabaseServices	Autodesk/AutoCAD/DatabaseServices/__init__.py	4789	4810	ConstrainedCircle	18
ConstrainedBoundedEllipse	Autodesk.AutoCAD.DatabaseServices	Autodesk/AutoCAD/DatabaseServices/__init__.py	4811	4833	ConstrainedEllipse	19
ConstrainedBoundedLine	Autodesk.AutoCAD.DatabaseServices	Autodesk/AutoCAD/DatabaseServices/__init__.py	4834	4856	ConstrainedLine	19
ConstrainedCircle	Autodesk.AutoCAD.DatabaseServices	Autodesk/AutoCAD/DatabaseServices/__init__.py	4857	4875	ConstrainedCurve	15
ConstrainedConstructionLine	Autodesk.AutoCAD.DatabaseServices	Autodesk/AutoCAD/DatabaseServices/__init__.py	4876	4894	ConstrainedLine	15
ConstrainedCurve	Autodesk.AutoCAD.DatabaseServices	Autodesk/AutoCAD/DatabaseServices/__init__.py	4895	4911	ConstrainedGeometry	13
ConstrainedDatumLine	Autodesk.AutoCAD.DatabaseServices	Autodesk/AutoCAD/DatabaseServices/__init__.py	4912	4930	ConstrainedConstructionLine	15
ConstrainedEllipse	Autodesk.AutoCAD.DatabaseServices	Autodesk/AutoCAD/DatabaseServices/__init__.py	4931	4951	ConstrainedCurve	17
ConstrainedGeometry	Autodesk.AutoCAD.DatabaseServices	Autodesk/AutoCAD/DatabaseServices/__init__.py	4952	4967	ConstraintGroupNode	12
ConstrainedImplicitPoint	Autodesk.AutoCAD.DatabaseServices	Autodesk/AutoCAD/DatabaseServices/__init__.py	4968	4986	ConstrainedPoint	15
ConstrainedLine	Autodesk.AutoCAD.DatabaseServices	Autodesk/AutoCAD/DatabaseServices/__init__.py	4987	5005	ConstrainedCurve	15
ConstrainedPoint	Autodesk.AutoCAD.DatabaseServices	Autodesk/AutoCAD/DatabaseServices/__init__.py	5006	5021	ConstrainedGeometry	12
ConstrainedRigidSet	Autodesk.AutoCAD.DatabaseServices	Autodesk/AutoCAD/DatabaseServices/__init__.py	5022	5039	ConstrainedGeometry	14
ConstrainedSpline	Autodesk.AutoCAD.DatabaseServices	Autodesk/AutoCAD/DatabaseServices/__init__.py	5040	5059	ConstrainedCurve	16
ConstraintGroupNode	Autodesk.AutoCAD.DatabaseServices	Autodesk/AutoCAD/DatabaseServices/__init__.py	5060	5068	RXObject	5
ConstraintToRebarEdgeProperties	Autodesk.Revit.DB.Structure	Autodesk/Revit/DB/Structure/__init__.py	903	911		5
ConstraintUtilities	Autodesk.AutoCAD.EditorInput	Autodesk/AutoCAD/EditorInput.py	94	99		1
ConstraintUtility	Autodesk.Aec.DatabaseServices	Autodesk/Aec/DatabaseServices.py	1366	1484		60
Construction	Autodesk.Revit.DB	Autodesk/Revit/DB/__init__.py	2677	2682		2
ConstructionType	Autodesk.Revit.DB.Analysis	Autodesk/Revit/DB/Analysis.py	502	506		0
ContainerControl	System.Windows.Forms	System/Windows/Forms/__init__.py	40528	42880	ScrollableControl, IComponent, IDisposable, IOleControl, IOleObject, IOleInPlaceObject, IOleInPlaceActiveObject, IOleWindow, IViewObject, IViewObject2, IPersist, IPersistStreamInit, IPersistPropertyBag, IPersistStorage, IQuickActivate, ISupportOleDropSource, IDropTarget, ISynchronizeInvoke, IWin32Window, IArrangedElement, IBindableComponent, IContainerControl	0
ContainerType	Autodesk.Revit.DB.ExtensibleStorage	Autodesk/Revit/DB/ExtensibleStorage.py	8	12		0
ContentAlignment	System.Drawing	System/Drawing/__init__.py	2387	2439	Enum, IComparable, IFormattable, IConvertible	0
ContentAlignment	System.Windows.Forms.VisualStyles	System/Windows/Forms/VisualStyles.py	333	379	Enum, IComparable, IFormattable, IConvertible	0
ContentNode	Autodesk.Revit.DB	Autodesk/Revit/DB/__init__.py	2683	2690	RenderNode	4
ContentType	Autodesk.AutoCAD.DatabaseServices	Autodesk/AutoCAD/DatabaseServices/__init__.py	5069	5073		0
ContentsResizedEventArgs	System.Windows.Forms	System/Windows/Forms/__init__.py	42881	42906	EventArgs	0
ContentsResizedEventHandler	System.Windows.Forms	System/Windows/Forms/__init__.py	42907	43011	MulticastDelegate, ICloneable, ISerializable	0
Context	Autodesk.AutoCAD.GraphicsInterface	Autodesk/AutoCAD/GraphicsInterface.py	71	87	RXObject	13
ContextBoundObject	System	System/__init__.py	15769	15771	MarshalByRefObject	0
ContextMarshalException	System	System/__init__.py	15772	15815	SystemException, ISerializable, _Exception	0
ContextMenu	Autodesk.Revit.UI	Autodesk/Revit/UI/__init__.py	90	96		3
ContextMenu	System.Windows.Forms	System/Windows/Forms/__init__.py	43343	43662	Menu, IComponent, IDisposable	0
ContextMenuExtension	Autodesk.AutoCAD.Windows	Autodesk/AutoCAD/Windows/__init__.py	12	18	Menu	3
ContextMenuMode	Autodesk.AutoCAD.Windows.ToolPalette	Autodesk/AutoCAD/Windows/ToolPalette.py	8	12		0
ContextMenuStrip	System.Windows.Forms	System/Windows/Forms/__init__.py	49124	51586	ToolStripDropDownMenu, IComponent, IDisposable, IOleControl, IOleObject, IOleInPlaceObject, IOleInPlaceActiveObject, IOleWindow, IViewObject, IViewObject2, IPersist, IPersistStreamInit, IPersistPropertyBag, IPersistStorage, IQuickActivate, ISupportOleDropSource, IDropTarget, ISynchronizeInvoke, IWin32Window, IArrangedElement, IBindableComponent, ISupportToolStripPanel	0
ContextStaticAttribute	System	System/__init__.py	15816	15831	Attribute, _Attribute	0
ContextualColors	Autodesk.AutoCAD.GraphicsInterface	Autodesk/AutoCAD/GraphicsInterface.py	88	114	RXObject	23
ContextualHelp	Autodesk.Revit.UI	Autodesk/Revit/UI/__init__.py	97	104		4
ContextualHelpType	Autodesk.Revit.UI	Autodesk/Revit/UI/__init__.py	105	109		0
ContinuousRail	Autodesk.Revit.DB.Architecture	Autodesk/Revit/DB/Architecture.py	96	132	Element	33
ContinuousRailType	Autodesk.Revit.DB.Architecture	Autodesk/Revit/DB/Architecture.py	133	179	ElementType	43
ContourSetting	Autodesk.Revit.DB	Autodesk/Revit/DB/__init__.py	2691	2704		10
ContourSettingItem	Autodesk.Revit.DB	Autodesk/Revit/DB/__init__.py	2705	2715		7
ContourSettingItemType	Autodesk.Revit.DB	Autodesk/Revit/DB/__init__.py	2716	2720		0
ContourSmoothingType	Autodesk.Civil.DatabaseServices.Styles	Autodesk/Civil/DatabaseServices/Styles.py	991	995		0
ContourValues	Autodesk.Civil.DatabaseServices.Styles	Autodesk/Civil/DatabaseServices/Styles.py	996	1005		6
Control	Autodesk.Revit.DB	Autodesk/Revit/DB/__init__.py	2721	2754	Element	30
Control	System.Windows.Forms	System/Windows/Forms/__init__.py	2055	6019	Component, IComponent, IDisposable, IOleControl, IOleObject, IOleInPlaceObject, IOleInPlaceActiveObject, IOleWindow, IViewObject, IViewObject2, IPersist, IPersistStreamInit, IPersistPropertyBag, IPersistStorage, IQuickActivate, ISupportOleDropSource, IDropTarget, ISynchronizeInvoke, IWin32Window, IArrangedElement, IBindableComponent	0
ControlBindingsCollection	System.Windows.Forms	System/Windows/Forms/__init__.py	51587	51985	BindingsCollection, ICollection, IEnumerable	0
ControlEventArgs	System.Windows.Forms	System/Windows/Forms/__init__.py	51986	52011	EventArgs	0
ControlEventHandler	System.Windows.Forms	System/Windows/Forms/__init__.py	52012	52116	MulticastDelegate, ICloneable, ISerializable	0
ControlPaint	System.Windows.Forms	System/Windows/Forms/__init__.py	52117	53289	object	0
ControlRenderer	Autodesk.AutoCAD.Internal.Forms	Autodesk/AutoCAD/Internal/Forms.py	3	10		2
ControlShape	Autodesk.Revit.DB	Autodesk/Revit/DB/__init__.py	2755	2759		0
ControlStyles	System.Windows.Forms	System/Windows/Forms/__init__.py	53290	53350	Enum, IComparable, IFormattable, IConvertible	0
ControlUpdateMode	System.Windows.Forms	System/Windows/Forms/__init__.py	53351	53396	Enum, IComparable, IFormattable, IConvertible	0
ControlledApplication	Autodesk.Revit.ApplicationServices	Autodesk/Revit/ApplicationServices.py	93	123		25
Convert	System	System/__init__.py	15832	20749	object	0
ConvertEventArgs	System.Windows.Forms	System/Windows/Forms/__init__.py	53397	53435	EventArgs	0
ConvertEventHandler	System.Windows.Forms	System/Windows/Forms/__init__.py	53436	53540	MulticastDelegate, ICloneable, ISerializable	0
Converter	Autodesk.AutoCAD.Runtime	Autodesk/AutoCAD/Runtime.py	31	46		6
Converter	System	System/__init__.py	20750	20848	MulticastDelegate, ICloneable, ISerializable	0
CoordinatePlaneVisibility	Autodesk.Revit.DB	Autodesk/Revit/DB/__init__.py	2760	2764		0
CoordinateSpace	System.Drawing.Drawing2D	System/Drawing/Drawing2D.py	573	619	Enum, IComparable, IFormattable, IConvertible	0
CoordinateSystem2d	Autodesk.AutoCAD.Geometry	Autodesk/AutoCAD/Geometry.py	256	266		7
CoordinateSystem3d	Autodesk.AutoCAD.Geometry	Autodesk/AutoCAD/Geometry.py	267	278		8
CoordinationModelElementProperty	Autodesk.Revit.DB.ExternalData	Autodesk/Revit/DB/ExternalData.py	3	11		5
CoordinationModelLinkData	Autodesk.Revit.DB.ExternalData	Autodesk/Revit/DB/ExternalData.py	12	27		12
CoordinationModelLinkOptions	Autodesk.Revit.DB.ExternalData	Autodesk/Revit/DB/ExternalData.py	28	34		3
CoordinationModelLinkPathType	Autodesk.Revit.DB.ExternalData	Autodesk/Revit/DB/ExternalData.py	35	39		0
CoordinationModelLinkUtils	Autodesk.Revit.DB.ExternalData	Autodesk/Revit/DB/ExternalData.py	40	95		26
CoordinationModelPositioning	Autodesk.Revit.DB.ExternalData	Autodesk/Revit/DB/ExternalData.py	96	100		0
CopyPasteOptions	Autodesk.Revit.DB	Autodesk/Revit/DB/__init__.py	2765	2772		4
CopyPixelOperation	System.Drawing	System/Drawing/__init__.py	2440	2500	Enum, IComparable, IFormattable, IConvertible	0
CoreLayerUtilities	Autodesk.AutoCAD.Internal	Autodesk/AutoCAD/Internal/__init__.py	908	916		3
CoreType	Autodesk.Revit.DB.Electrical	Autodesk/Revit/DB/Electrical.py	925	929		0
CoreUtils	Autodesk.AutoCAD.Internal	Autodesk/AutoCAD/Internal/__init__.py	917	932		6
CoreXRefUtils	Autodesk.AutoCAD.Internal	Autodesk/AutoCAD/Internal/__init__.py	933	944		4
Corridor	Autodesk.Civil.DatabaseServices	Autodesk/Civil/DatabaseServices/__init__.py	5913	6045	Entity	129
CorridorAlongCurveOption	Autodesk.Civil	Autodesk/Civil/__init__.py	410	414		0
CorridorAlongOffsetTargetCurveOption	Autodesk.Civil	Autodesk/Civil/__init__.py	415	419		0
CorridorBaselineType	Autodesk.Civil.DatabaseServices	Autodesk/Civil/DatabaseServices/__init__.py	6046	6050		0
CorridorCodeCollection	Autodesk.Civil.DatabaseServices	Autodesk/Civil/DatabaseServices/__init__.py	6051	6061	CivilWrapper<AeccDbCorridor>	7
CorridorCollection	Autodesk.Civil.DatabaseServices	Autodesk/Civil/DatabaseServices/__init__.py	6062	6072	CivilWrapper<AcDbDatabase>	7
CorridorDisplayStyleType	Autodesk.Civil.DatabaseServices.Styles	Autodesk/Civil/DatabaseServices/Styles.py	1006	1010		0
CorridorError	Autodesk.Civil.Runtime	Autodesk/Civil/Runtime.py	3	7		0
CorridorErrorLevel	Autodesk.Civil.Runtime	Autodesk/Civil/Runtime.py	8	12		0
CorridorFeatureLine	Autodesk.Civil.DatabaseServices	Autodesk/Civil/DatabaseServices/__init__.py	6073	6086	CivilWrapper<AeccDbCorridor>	10
CorridorLayoutModeDisplay	Autodesk.Civil.Runtime	Autodesk/Civil/Runtime.py	13	17		0
CorridorLinkDisplay	Autodesk.Civil.DatabaseServices	Autodesk/Civil/DatabaseServices/__init__.py	6087	6091		0
CorridorLinkDrawOverride	Autodesk.Civil.DatabaseServices	Autodesk/Civil/DatabaseServices/__init__.py	6092	6096		0
CorridorMode	Autodesk.Civil.Runtime	Autodesk/Civil/Runtime.py	18	22		0
CorridorPointCodeOption	Autodesk.Civil.DatabaseServices	Autodesk/Civil/DatabaseServices/__init__.py	6097	6102		2
CorridorPointCodeSelector	Autodesk.Civil.DatabaseServices	Autodesk/Civil/DatabaseServices/__init__.py	6103	6114		8
CorridorRegionLockType	Autodesk.Civil	Autodesk/Civil/__init__.py	420	424		0
CorridorSection	Autodesk.Civil.DatabaseServices	Autodesk/Civil/DatabaseServices/__init__.py	6115	6249	Section	131
CorridorSlopePattern	Autodesk.Civil.DatabaseServices	Autodesk/Civil/DatabaseServices/__init__.py	6250	6263	CivilWrapper<AeccDbCorridor>	10
CorridorSlopePatternCollection	Autodesk.Civil.DatabaseServices	Autodesk/Civil/DatabaseServices/__init__.py	6264	6275	CivilWrapper<AeccDbCorridor>	8
CorridorState	Autodesk.Civil.Runtime	Autodesk/Civil/Runtime.py	23	89	RuntimeState	63
CorridorStyle	Autodesk.Civil.DatabaseServices.Styles	Autodesk/Civil/DatabaseServices/Styles.py	1011	1065	StyleBase	51
CorridorStyleCollection	Autodesk.Civil.DatabaseServices.Styles	Autodesk/Civil/DatabaseServices/Styles.py	1066	1076	StyleCollectionBase	7
CorridorSurface	Autodesk.Civil.DatabaseServices	Autodesk/Civil/DatabaseServices/__init__.py	6276	6303	CivilWrapper<AeccDbCorridor>	24
CorridorSurfaceBaseMask	Autodesk.Civil.DatabaseServices	Autodesk/Civil/DatabaseServices/__init__.py	6304	6313	CivilWrapper<AeccDbCorridor>	6
CorridorSurfaceBoundary	Autodesk.Civil.DatabaseServices	Autodesk/Civil/DatabaseServices/__init__.py	6314	6325	CorridorSurfaceBaseMask	8
CorridorSurfaceBoundaryCollection	Autodesk.Civil.DatabaseServices	Autodesk/Civil/DatabaseServices/__init__.py	6326	6340	CivilWrapper<AeccDbCorridor>	11
CorridorSurfaceBoundaryType	Autodesk.Civil.DatabaseServices	Autodesk/Civil/DatabaseServices/__init__.py	6341	6345		0
CorridorSurfaceCollection	Autodesk.Civil.DatabaseServices	Autodesk/Civil/DatabaseServices/__init__.py	6346	6359	CivilWrapper<AeccDbCorridor>	10
CorridorSurfaceMask	Autodesk.Civil.DatabaseServices	Autodesk/Civil/DatabaseServices/__init__.py	6360	6369	CorridorSurfaceBaseMask	6
CorridorSurfaceMaskCollection	Autodesk.Civil.DatabaseServices	Autodesk/Civil/DatabaseServices/__init__.py	6370	6383	CivilWrapper<AeccDbCorridor>	10
CorridorTransition	Autodesk.Civil.DatabaseServices	Autodesk/Civil/DatabaseServices/__init__.py	6384	6397		10
CorridorTransitionNameType	Autodesk.Civil.DatabaseServices	Autodesk/Civil/DatabaseServices/__init__.py	6398	6402		0
CorridorTransitionSet	Autodesk.Civil.DatabaseServices	Autodesk/Civil/DatabaseServices/__init__.py	6403	6417	DisposableWrapper	11
CorridorTransitionType	Autodesk.Civil.DatabaseServices	Autodesk/Civil/DatabaseServices/__init__.py	6418	6422		0
CorruptModelException	Autodesk.Revit.Exceptions	Autodesk/Revit/Exceptions.py	232	245	ApplicationException	10
CreateContextMenuHandler	Autodesk.AutoCAD.ApplicationServices.Core	Autodesk/AutoCAD/ApplicationServices/Core.py	46	54		5
CreateParams	System.Windows.Forms	System/Windows/Forms/__init__.py	53541	53701	object	0
CreateRelatedFileProgressChangedEventArgs	Autodesk.Revit.DB.Events	Autodesk/Revit/DB/Events.py	9	23	DataTransferProgressChangedEventArgs	11
CriticalPathCollector	Autodesk.Revit.DB.Analysis	Autodesk/Revit/DB/Analysis.py	507	517		7
CriticalPathIterator	Autodesk.Revit.DB.Analysis	Autodesk/Revit/DB/Analysis.py	518	528		7
CrossAppDomainDelegate	System	System/__init__.py	20849	20953	MulticastDelegate, ICloneable, ISerializable	0
CrossSectionShapeType	Autodesk.Civil	Autodesk/Civil/__init__.py	425	429		0
CrossingBreaklinesElevationType	Autodesk.Civil	Autodesk/Civil/__init__.py	430	434		0
CrossingOrWindowSelectedObject	Autodesk.AutoCAD.EditorInput	Autodesk/AutoCAD/EditorInput.py	100	110	SelectedObject	7
CrossingOrWindowSelectedSubObject	Autodesk.AutoCAD.EditorInput	Autodesk/AutoCAD/EditorInput.py	111	121	SelectedSubObject	7
CrossingPipeProfileLabel	Autodesk.Civil.DatabaseServices	Autodesk/Civil/DatabaseServices/__init__.py	6423	6575	PartProfileLabel	147
CubicSplineCurve2d	Autodesk.AutoCAD.Geometry	Autodesk/AutoCAD/Geometry.py	279	307	SplineEntity2d	24
CubicSplineCurve3d	Autodesk.AutoCAD.Geometry	Autodesk/AutoCAD/Geometry.py	308	336	SplineEntity3d	24
CuiEventManager	Autodesk.AutoCAD.Internal.Reactors	Autodesk/AutoCAD/Internal/Reactors.py	95	102		3
CuiLoadEventArgs	Autodesk.AutoCAD.Internal.Reactors	Autodesk/AutoCAD/Internal/Reactors.py	103	108	EventArgs	2
CurbReturnCurveGroupType	Autodesk.Civil	Autodesk/Civil/__init__.py	435	439		0
CurbReturnJoiningType	Autodesk.Civil.DatabaseServices	Autodesk/Civil/DatabaseServices/__init__.py	6576	6580		0
CurbReturnType	Autodesk.Civil	Autodesk/Civil/__init__.py	440	444		0
CurrencyManager	System.Windows.Forms	System/Windows/Forms/__init__.py	53702	53875	BindingManagerBase	0
CurrentIssueChangedEventArgs	Autodesk.Navisworks.Api.Interop	Autodesk/Navisworks/Api/Interop/__init__.py	47	51	EventArgs	1
Cursor	Autodesk.Navisworks.Api	Autodesk/Navisworks/Api/__init__.py	312	316		0
Cursor	System.Windows.Forms	System/Windows/Forms/__init__.py	53876	54103	object, IDisposable, ISerializable	0
CursorBadgeUtilities	Autodesk.AutoCAD.EditorInput	Autodesk/AutoCAD/EditorInput.py	122	130		5
CursorConverter	System.Windows.Forms	System/Windows/Forms/__init__.py	54104	54242	TypeConverter	0
CursorType	Autodesk.AutoCAD.EditorInput	Autodesk/AutoCAD/EditorInput.py	131	135		0
Cursors	System.Windows.Forms	System/Windows/Forms/__init__.py	54243	54274	object	0
CurtainCell	Autodesk.Revit.DB	Autodesk/Revit/DB/__init__.py	2773	2779	APIObject	3
CurtainGrid	Autodesk.Revit.DB	Autodesk/Revit/DB/__init__.py	2780	2804	APIObject	21
CurtainGridAlignType	Autodesk.Revit.DB	Autodesk/Revit/DB/__init__.py	2805	2809		0
CurtainGridLine	Autodesk.Revit.DB	Autodesk/Revit/DB/__init__.py	2810	2850	HostObject	37
CurtainGridSet	Autodesk.Revit.DB	Autodesk/Revit/DB/__init__.py	2851	2864	APIObject	10
CurtainGridSetIterator	Autodesk.Revit.DB	Autodesk/Revit/DB/__init__.py	2865	2872	APIObject	4
CurtainSystem	Autodesk.Revit.DB	Autodesk/Revit/DB/__init__.py	2873	2907	CurtainSystemBase	31
CurtainSystemBase	Autodesk.Revit.DB	Autodesk/Revit/DB/__init__.py	2908	2938	HostObject	27
CurtainSystemType	Autodesk.Revit.DB	Autodesk/Revit/DB/__init__.py	2939	2973	HostObjAttributes	31
Curve	Autodesk.Aec.Modeler	Autodesk/Aec/Modeler.py	198	208	Entity	7
Curve	Autodesk.AutoCAD.DatabaseServices	Autodesk/AutoCAD/DatabaseServices/__init__.py	5074	5176	Entity	98
Curve	Autodesk.Revit.DB	Autodesk/Revit/DB/__init__.py	2974	3009	GeometryObject	32
Curve2d	Autodesk.AutoCAD.Geometry	Autodesk/AutoCAD/Geometry.py	337	373	Entity2d	32
Curve2dCollection	Autodesk.AutoCAD.Geometry	Autodesk/AutoCAD/Geometry.py	374	393	DisposableWrapper	16
Curve3d	Autodesk.AutoCAD.Geometry	Autodesk/AutoCAD/Geometry.py	394	436	Entity3d	38
Curve3dCollection	Autodesk.AutoCAD.Geometry	Autodesk/AutoCAD/Geometry.py	437	456	DisposableWrapper	16
CurveArrArray	Autodesk.Revit.DB	Autodesk/Revit/DB/__init__.py	3010	3023	APIObject	10
CurveArrArrayIterator	Autodesk.Revit.DB	Autodesk/Revit/DB/__init__.py	3024	3031	APIObject	4
CurveArray	Autodesk.Revit.DB	Autodesk/Revit/DB/__init__.py	3032	3045	APIObject	10
CurveArrayIterator	Autodesk.Revit.DB	Autodesk/Revit/DB/__init__.py	3046	3053	APIObject	4
CurveBoundary	Autodesk.AutoCAD.Geometry	Autodesk/AutoCAD/Geometry.py	457	472	DisposableWrapper	12
CurveBoundaryData	Autodesk.AutoCAD.Geometry	Autodesk/AutoCAD/Geometry.py	473	483		7
CurveByPoints	Autodesk.Revit.DB	Autodesk/Revit/DB/__init__.py	3054	3100	CurveElement	42
CurveByPointsArray	Autodesk.Revit.DB	Autodesk/Revit/DB/__init__.py	3101	3114	APIObject	10
CurveByPointsArrayIterator	Autodesk.Revit.DB	Autodesk/Revit/DB/__init__.py	3115	3122	APIObject	4
CurveByPointsUtils	Autodesk.Revit.DB	Autodesk/Revit/DB/__init__.py	3123	3148		12
CurveCollection	Autodesk.Aec.Modeler	Autodesk/Aec/Modeler.py	209	223		11
CurveCurveIntersector2d	Autodesk.AutoCAD.Geometry	Autodesk/AutoCAD/Geometry.py	484	511	Entity2d	23
CurveCurveIntersector3d	Autodesk.AutoCAD.Geometry	Autodesk/AutoCAD/Geometry.py	512	540	Entity3d	24
CurveCurveReverseCurveTransitionDescription	Autodesk.Civil.DatabaseServices	Autodesk/Civil/DatabaseServices/__init__.py	6581	6590	TransitionDescriptionBase	6
CurveElement	Autodesk.Revit.DB	Autodesk/Revit/DB/__init__.py	3149	3199	Element	45
CurveElementFilter	Autodesk.Revit.DB	Autodesk/Revit/DB/__init__.py	3200	3206	ElementSlowFilter	3
CurveElementType	Autodesk.Revit.DB	Autodesk/Revit/DB/__init__.py	3207	3211		0
CurveExtents	Autodesk.Revit.DB	Autodesk/Revit/DB/__init__.py	3212	3219		4
CurveIntersectResult	Autodesk.Revit.DB	Autodesk/Revit/DB/__init__.py	3220	3227		4
CurveIntersectResultOption	Autodesk.Revit.DB	Autodesk/Revit/DB/__init__.py	3228	3232		0
CurveLineCurveTransitionDescription	Autodesk.Civil.DatabaseServices	Autodesk/Civil/DatabaseServices/__init__.py	6591	6599	TransitionDescriptionBase	5
CurveLoop	Autodesk.Revit.DB	Autodesk/Revit/DB/__init__.py	3233	3262		21
CurveLoopIterator	Autodesk.Revit.DB	Autodesk/Revit/DB/__init__.py	3263	3271		5
CurveLoopsProfile	Autodesk.Revit.DB	Autodesk/Revit/DB/__init__.py	3272	3277	SweepProfile	2
CurveNode	Autodesk.Revit.DB	Autodesk/Revit/DB/__init__.py	3278	3285	ModelCurveNode	4
CurveOverlapPoint	Autodesk.Revit.DB	Autodesk/Revit/DB/__init__.py	3286	3295		6
CurveOverlapPointType	Autodesk.Revit.DB	Autodesk/Revit/DB/__init__.py	3296	3300		0
CurveParamType	Autodesk.Civil.DatabaseServices	Autodesk/Civil/DatabaseServices/__init__.py	6600	6604		0
CurveProjectionType	Autodesk.Revit.DB	Autodesk/Revit/DB/__init__.py	3301	3305		0
CurveReverseCurveTransitionDescription	Autodesk.Civil.DatabaseServices	Autodesk/Civil/DatabaseServices/__init__.py	6605	6613	TransitionDescriptionBase	5
CurveType	Autodesk.Aec.Modeler	Autodesk/Aec/Modeler.py	224	228		0
CurveType	Autodesk.Civil.DatabaseServices	Autodesk/Civil/DatabaseServices/__init__.py	6614	6618		0
CurveUV	Autodesk.Revit.DB	Autodesk/Revit/DB/__init__.py	3306	3319		9
CurveXMeasureToType	Autodesk.Aec.DatabaseServices	Autodesk/Aec/DatabaseServices.py	1485	1489		0
CurveXOffsetType	Autodesk.Aec.DatabaseServices	Autodesk/Aec/DatabaseServices.py	1490	1494		0
CurveYMeasureToType	Autodesk.Aec.DatabaseServices	Autodesk/Aec/DatabaseServices.py	1495	1499		0
CurveYOffsetType	Autodesk.Aec.DatabaseServices	Autodesk/Aec/DatabaseServices.py	1500	1504		0
CurveZOffsetFromType	Autodesk.Aec.DatabaseServices	Autodesk/Aec/DatabaseServices.py	1505	1509		0
CurveZOffsetToType	Autodesk.Aec.DatabaseServices	Autodesk/Aec/DatabaseServices.py	1510	1514		0
CurvedEdgeConditionParam	Autodesk.Revit.DB	Autodesk/Revit/DB/__init__.py	3320	3324		0
CustomExporter	Autodesk.Revit.DB	Autodesk/Revit/DB/__init__.py	3325	3338		9
CustomFieldData	Autodesk.Revit.DB	Autodesk/Revit/DB/__init__.py	3339	3351		9
CustomInitialColor	Autodesk.Revit.DB.Lighting	Autodesk/Revit/DB/Lighting.py	34	40	InitialColor	3
CustomLineCap	System.Drawing.Drawing2D	System/Drawing/Drawing2D.py	11	187	MarshalByRefObject, ICloneable, IDisposable	0
CustomMarkerSuperimposeType	Autodesk.Civil.DatabaseServices.Styles	Autodesk/Civil/DatabaseServices/Styles.py	1077	1081		0
CustomMarkerType	Autodesk.Civil.DatabaseServices.Styles	Autodesk/Civil/DatabaseServices/Styles.py	1082	1086		0
CustomObjectSnapMode	Autodesk.AutoCAD.DatabaseServices	Autodesk/AutoCAD/DatabaseServices/__init__.py	5177	5198	DisposableWrapper	15
CustomPlugin	Autodesk.Navisworks.Api.Plugins	Autodesk/Navisworks/Api/Plugins.py	184	191	Plugin	4
CustomPluginRecord	Autodesk.Navisworks.Api.Plugins	Autodesk/Navisworks/Api/Plugins.py	192	213	PluginRecord	18
CustomPointGroupQuery	Autodesk.Civil.DatabaseServices	Autodesk/Civil/DatabaseServices/__init__.py	6619	6624	PointGroupQuery	2
CustomScale	Autodesk.AutoCAD.DatabaseServices	Autodesk/AutoCAD/DatabaseServices/__init__.py	5199	5208		6
CustomSizeResults	Autodesk.AutoCAD.PlottingServices	Autodesk/AutoCAD/PlottingServices.py	57	61		0
CustomSubCategoryId	Autodesk.Revit.DB	Autodesk/Revit/DB/__init__.py	3352	3356		0
CustomToolBase	Autodesk.AutoCAD.Windows.ToolPalette	Autodesk/AutoCAD/Windows/ToolPalette.py	13	79		63
CustomizationUtilities	Autodesk.AutoCAD.Internal	Autodesk/AutoCAD/Internal/__init__.py	945	950		1
CutFailureReason	Autodesk.Revit.DB	Autodesk/Revit/DB/__init__.py	3357	3361		0
CutLineType	Autodesk.Revit.DB.Architecture	Autodesk/Revit/DB/Architecture.py	180	184		0
CutMarkSymbol	Autodesk.Revit.DB.Architecture	Autodesk/Revit/DB/Architecture.py	185	189		0
CutMarkType	Autodesk.Revit.DB.Architecture	Autodesk/Revit/DB/Architecture.py	190	230	ElementType	37
Cylinder	Autodesk.AutoCAD.Geometry	Autodesk/AutoCAD/Geometry.py	541	563	Surface	18
CylinderSurface	Autodesk.Aec.Modeler	Autodesk/Aec/Modeler.py	229	242	RevolutionSurface	10
CylindricalFace	Autodesk.Revit.DB	Autodesk/Revit/DB/__init__.py	3362	3382	Face	17
CylindricalHelix	Autodesk.Revit.DB	Autodesk/Revit/DB/__init__.py	3383	3408	Curve	21
CylindricalSurface	Autodesk.Revit.DB	Autodesk/Revit/DB/__init__.py	3409	3422	Surface	9
DBDictionary	Autodesk.AutoCAD.DatabaseServices	Autodesk/AutoCAD/DatabaseServices/__init__.py	5209	5264	DBObject	52
DBDictionaryEntry	Autodesk.AutoCAD.DatabaseServices	Autodesk/AutoCAD/DatabaseServices/__init__.py	5265	5271		3
DBNull	System	System/__init__.py	23627	23713	object, ISerializable, IConvertible	0
DBObject	Autodesk.Aec.DatabaseServices	Autodesk/Aec/DatabaseServices.py	1515	1567	DBObject	49
DBObject	Autodesk.AutoCAD.DatabaseServices	Autodesk/AutoCAD/DatabaseServices/__init__.py	5272	5365	Drawable	88
DBObject	Autodesk.Civil.DatabaseServices	Autodesk/Civil/DatabaseServices/__init__.py	6625	6673	DBObject	45
DBObjectCollection	Autodesk.AutoCAD.DatabaseServices	Autodesk/AutoCAD/DatabaseServices/__init__.py	5366	5383	DisposableWrapper	14
DBObjectReference	Autodesk.AutoCAD.DatabaseServices	Autodesk/AutoCAD/DatabaseServices/__init__.py	5384	5389		2
DBObjectReferenceCollection	Autodesk.AutoCAD.DatabaseServices	Autodesk/AutoCAD/DatabaseServices/__init__.py	5390	5402	CollectionBase	9
DBObjectRelationship	Autodesk.Aec.DatabaseServices	Autodesk/Aec/DatabaseServices.py	1568	1572		0
DBObjectRelationshipCollection	Autodesk.Aec.DatabaseServices	Autodesk/Aec/DatabaseServices.py	1573	1579	List	3
DBObjectRelationshipManager	Autodesk.Aec.DatabaseServices	Autodesk/Aec/DatabaseServices.py	1580	1603		20
DBPoint	Autodesk.AutoCAD.DatabaseServices	Autodesk/AutoCAD/DatabaseServices/__init__.py	5403	5481	Entity	75
DBText	Autodesk.AutoCAD.DatabaseServices	Autodesk/AutoCAD/DatabaseServices/__init__.py	5482	5577	Entity	92
DBVariables	Autodesk.Aec.ApplicationServices	Autodesk/Aec/ApplicationServices.py	20	77	DictionaryRecord	54
DBVisualStyle	Autodesk.AutoCAD.DatabaseServices	Autodesk/AutoCAD/DatabaseServices/__init__.py	5578	5631	DBObject	50
DGNExportOptions	Autodesk.Revit.DB	Autodesk/Revit/DB/__init__.py	3423	3445	BaseExportOptions	17
DGNFileFormat	Autodesk.Revit.DB	Autodesk/Revit/DB/__init__.py	3446	3450		0
DGNImportOptions	Autodesk.Revit.DB	Autodesk/Revit/DB/__init__.py	3451	3466	BaseImportOptions	12
DMFileData	Autodesk.AutoCAD.Internal	Autodesk/AutoCAD/Internal/__init__.py	951	955		0
DMFileUtil	Autodesk.AutoCAD.Internal	Autodesk/AutoCAD/Internal/__init__.py	956	960		1
DWFExportOptions	Autodesk.Revit.DB	Autodesk/Revit/DB/__init__.py	3467	3481	CADExportOptions	11
DWFImageFormat	Autodesk.Revit.DB	Autodesk/Revit/DB/__init__.py	3482	3486		0
DWFImageQuality	Autodesk.Revit.DB	Autodesk/Revit/DB/__init__.py	3487	3491		0
DWFImportOptions	Autodesk.Revit.DB	Autodesk/Revit/DB/__init__.py	3492	3499		4
DWFXExportOptions	Autodesk.Revit.DB	Autodesk/Revit/DB/__init__.py	3500	3514	DWFExportOptions	11
DWGExportOptions	Autodesk.Revit.DB	Autodesk/Revit/DB/__init__.py	3515	3543	ACADExportOptions	24
DWGImportOptions	Autodesk.Revit.DB	Autodesk/Revit/DB/__init__.py	3544	3559	BaseImportOptions	12
DXFExportOptions	Autodesk.Revit.DB	Autodesk/Revit/DB/__init__.py	3560	3587	ACADExportOptions	23
DashCap	System.Drawing.Drawing2D	System/Drawing/Drawing2D.py	620	666	Enum, IComparable, IFormattable, IConvertible	0
DashStyle	System.Drawing.Drawing2D	System/Drawing/Drawing2D.py	667	716	Enum, IComparable, IFormattable, IConvertible	0
DataAdapter	Autodesk.AutoCAD.DatabaseServices	Autodesk/AutoCAD/DatabaseServices/__init__.py	5632	5647	RXObject	12
DataAdapterManager	Autodesk.AutoCAD.DatabaseServices	Autodesk/AutoCAD/DatabaseServices/__init__.py	5648	5663	RXObject	8
DataAdapterProvider	Autodesk.AutoCAD.DatabaseServices	Autodesk/AutoCAD/DatabaseServices/__init__.py	5664	5671	RXObject	4
DataAdapterSourceFilesException	Autodesk.AutoCAD.DatabaseServices	Autodesk/AutoCAD/DatabaseServices/__init__.py	5672	5686	Exception	11
DataBandingType	Autodesk.Civil.DatabaseServices.Styles	Autodesk/Civil/DatabaseServices/Styles.py	1087	1091		0
DataBindings	Autodesk.AutoCAD.Windows.Data	Autodesk/AutoCAD/Windows/Data/__init__.py	357	391		31
DataCell	Autodesk.AutoCAD.DatabaseServices	Autodesk/AutoCAD/DatabaseServices/__init__.py	5687	5707	RXObject	17
DataCellCollection	Autodesk.AutoCAD.DatabaseServices	Autodesk/AutoCAD/DatabaseServices/__init__.py	5708	5725	DisposableWrapper	14
DataColumn	Autodesk.AutoCAD.DatabaseServices	Autodesk/AutoCAD/DatabaseServices/__init__.py	5726	5744	RXObject	15
DataConversionMonitorScope	Autodesk.Revit.DB	Autodesk/Revit/DB/__init__.py	3588	3593		2
DataExchangeMessageId	Autodesk.Revit.DB	Autodesk/Revit/DB/__init__.py	3594	3598		0
DataExchangeMessageSeverity	Autodesk.Revit.DB	Autodesk/Revit/DB/__init__.py	3599	3603		0
DataExchangeMessageVerbosity	Autodesk.Revit.DB	Autodesk/Revit/DB/__init__.py	3604	3608		0
DataFormats	System.Windows.Forms	System/Windows/Forms/__init__.py	54275	54343	object	0
DataGrid	System.Windows.Forms	System/Windows/Forms/__init__.py	54389	58009	Control, IComponent, IDisposable, IOleControl, IOleObject, IOleInPlaceObject, IOleInPlaceActiveObject, IOleWindow, IViewObject, IViewObject2, IPersist, IPersistStreamInit, IPersistPropertyBag, IPersistStorage, IQuickActivate, ISupportOleDropSource, IDropTarget, ISynchronizeInvoke, IWin32Window, IArrangedElement, IBindableComponent, ISupportInitialize, IDataGridEditingService	0
DataGridBoolColumn	System.Windows.Forms	System/Windows/Forms/__init__.py	58725	59310	DataGridColumnStyle, IComponent, IDisposable, IDataGridColumnStyleEditingNotificationService	0
DataGridCell	System.Windows.Forms	System/Windows/Forms/__init__.py	59311	59408	object	0
DataGridColumnStyle	System.Windows.Forms	System/Windows/Forms/__init__.py	58029	58724	Component, IComponent, IDisposable, IDataGridColumnStyleEditingNotificationService	0
DataGridLineStyle	System.Windows.Forms	System/Windows/Forms/__init__.py	59409	59454	Enum, IComparable, IFormattable, IConvertible	0
DataGridParentRowsLabelStyle	System.Windows.Forms	System/Windows/Forms/__init__.py	59455	59502	Enum, IComparable, IFormattable, IConvertible	0
DataGridPreferredColumnWidthTypeConverter	System.Windows.Forms	System/Windows/Forms/__init__.py	59503	59575	TypeConverter	0
DataGridTableStyle	System.Windows.Forms	System/Windows/Forms/__init__.py	59576	60614	Component, IComponent, IDisposable, IDataGridEditingService	0
DataGridTextBox	System.Windows.Forms	System/Windows/Forms/__init__.py	65518	67682	TextBox, IComponent, IDisposable, IOleControl, IOleObject, IOleInPlaceObject, IOleInPlaceActiveObject, IOleWindow, IViewObject, IViewObject2, IPersist, IPersistStreamInit, IPersistPropertyBag, IPersistStorage, IQuickActivate, ISupportOleDropSource, IDropTarget, ISynchronizeInvoke, IWin32Window, IArrangedElement, IBindableComponent	0
DataGridTextBoxColumn	System.Windows.Forms	System/Windows/Forms/__init__.py	67683	68379	DataGridColumnStyle, IComponent, IDisposable, IDataGridColumnStyleEditingNotificationService	0
DataGridView	System.Windows.Forms	System/Windows/Forms/__init__.py	68380	74143	Control, IComponent, IDisposable, IOleControl, IOleObject, IOleInPlaceObject, IOleInPlaceActiveObject, IOleWindow, IViewObject, IViewObject2, IPersist, IPersistStreamInit, IPersistPropertyBag, IPersistStorage, IQuickActivate, ISupportOleDropSource, IDropTarget, ISynchronizeInvoke, IWin32Window, IArrangedElement, IBindableComponent, ISupportInitialize	0
DataGridViewAdvancedBorderStyle	System.Windows.Forms	System/Windows/Forms/__init__.py	74144	74284	object, ICloneable	0
DataGridViewAdvancedCellBorderStyle	System.Windows.Forms	System/Windows/Forms/__init__.py	74285	74336	Enum, IComparable, IFormattable, IConvertible	0
DataGridViewAutoSizeColumnMode	System.Windows.Forms	System/Windows/Forms/__init__.py	74337	74388	Enum, IComparable, IFormattable, IConvertible	0
DataGridViewAutoSizeColumnModeEventArgs	System.Windows.Forms	System/Windows/Forms/__init__.py	74389	74425	EventArgs	0
DataGridViewAutoSizeColumnModeEventHandler	System.Windows.Forms	System/Windows/Forms/__init__.py	74426	74530	MulticastDelegate, ICloneable, ISerializable	0
DataGridViewAutoSizeColumnsMode	System.Windows.Forms	System/Windows/Forms/__init__.py	74531	74581	Enum, IComparable, IFormattable, IConvertible	0
DataGridViewAutoSizeColumnsModeEventArgs	System.Windows.Forms	System/Windows/Forms/__init__.py	74582	74607	EventArgs	0
DataGridViewAutoSizeColumnsModeEventHandler	System.Windows.Forms	System/Windows/Forms/__init__.py	74608	74712	MulticastDelegate, ICloneable, ISerializable	0
DataGridViewAutoSizeModeEventArgs	System.Windows.Forms	System/Windows/Forms/__init__.py	74713	74738	EventArgs	0
DataGridViewAutoSizeModeEventHandler	System.Windows.Forms	System/Windows/Forms/__init__.py	74739	74843	MulticastDelegate, ICloneable, ISerializable	0
DataGridViewAutoSizeRowMode	System.Windows.Forms	System/Windows/Forms/__init__.py	74844	74890	Enum, IComparable, IFormattable, IConvertible	0
DataGridViewAutoSizeRowsMode	System.Windows.Forms	System/Windows/Forms/__init__.py	74891	74941	Enum, IComparable, IFormattable, IConvertible	0
DataGridViewBand	System.Windows.Forms	System/Windows/Forms/__init__.py	75054	75369	DataGridViewElement, ICloneable, IDisposable	0
DataGridViewBindingCompleteEventArgs	System.Windows.Forms	System/Windows/Forms/__init__.py	75370	75395	EventArgs	0
DataGridViewBindingCompleteEventHandler	System.Windows.Forms	System/Windows/Forms/__init__.py	75396	75500	MulticastDelegate, ICloneable, ISerializable	0
DataGridViewButtonCell	System.Windows.Forms	System/Windows/Forms/__init__.py	77297	78384	DataGridViewCell, ICloneable, IDisposable	0
DataGridViewButtonColumn	System.Windows.Forms	System/Windows/Forms/__init__.py	78898	79119	DataGridViewColumn, ICloneable, IDisposable, IComponent	0
DataGridViewCell	System.Windows.Forms	System/Windows/Forms/__init__.py	75501	77296	DataGridViewElement, ICloneable, IDisposable	0
DataGridViewCellBorderStyle	System.Windows.Forms	System/Windows/Forms/__init__.py	79120	79174	Enum, IComparable, IFormattable, IConvertible	0
DataGridViewCellCancelEventArgs	System.Windows.Forms	System/Windows/Forms/__init__.py	79175	79211	CancelEventArgs	0
DataGridViewCellCancelEventHandler	System.Windows.Forms	System/Windows/Forms/__init__.py	79212	79316	MulticastDelegate, ICloneable, ISerializable	0
DataGridViewCellCollection	System.Windows.Forms	System/Windows/Forms/__init__.py	79317	79548	BaseCollection, ICollection, IEnumerable, IList	0
DataGridViewCellContextMenuStripNeededEventArgs	System.Windows.Forms	System/Windows/Forms/__init__.py	79586	79613	DataGridViewCellEventArgs	0
DataGridViewCellContextMenuStripNeededEventHandler	System.Windows.Forms	System/Windows/Forms/__init__.py	79614	79718	MulticastDelegate, ICloneable, ISerializable	0
DataGridViewCellErrorTextNeededEventArgs	System.Windows.Forms	System/Windows/Forms/__init__.py	79719	79735	DataGridViewCellEventArgs	0
DataGridViewCellErrorTextNeededEventHandler	System.Windows.Forms	System/Windows/Forms/__init__.py	79736	79840	MulticastDelegate, ICloneable, ISerializable	0
DataGridViewCellEventArgs	System.Windows.Forms	System/Windows/Forms/__init__.py	79549	79585	EventArgs	0
DataGridViewCellEventHandler	System.Windows.Forms	System/Windows/Forms/__init__.py	79841	79945	MulticastDelegate, ICloneable, ISerializable	0
DataGridViewCellFormattingEventArgs	System.Windows.Forms	System/Windows/Forms/__init__.py	79946	80008	ConvertEventArgs	0
DataGridViewCellFormattingEventHandler	System.Windows.Forms	System/Windows/Forms/__init__.py	80009	80113	MulticastDelegate, ICloneable, ISerializable	0
DataGridViewCellMouseEventArgs	System.Windows.Forms	System/Windows/Forms/__init__.py	80195	80231	MouseEventArgs	0
DataGridViewCellMouseEventHandler	System.Windows.Forms	System/Windows/Forms/__init__.py	80232	80336	MulticastDelegate, ICloneable, ISerializable	0
DataGridViewCellPaintingEventArgs	System.Windows.Forms	System/Windows/Forms/__init__.py	80337	80543	HandledEventArgs	0
DataGridViewCellPaintingEventHandler	System.Windows.Forms	System/Windows/Forms/__init__.py	80544	80648	MulticastDelegate, ICloneable, ISerializable	0
DataGridViewCellParsingEventArgs	System.Windows.Forms	System/Windows/Forms/__init__.py	80649	80711	ConvertEventArgs	0
DataGridViewCellParsingEventHandler	System.Windows.Forms	System/Windows/Forms/__init__.py	80712	80816	MulticastDelegate, ICloneable, ISerializable	0
DataGridViewCellStateChangedEventArgs	System.Windows.Forms	System/Windows/Forms/__init__.py	80817	80853	EventArgs	0
DataGridViewCellStateChangedEventHandler	System.Windows.Forms	System/Windows/Forms/__init__.py	80854	80958	MulticastDelegate, ICloneable, ISerializable	0
DataGridViewCellStyle	System.Windows.Forms	System/Windows/Forms/__init__.py	80959	81273	object, ICloneable	0
DataGridViewCellStyleContentChangedEventArgs	System.Windows.Forms	System/Windows/Forms/__init__.py	81274	81299	EventArgs	0
DataGridViewCellStyleContentChangedEventHandler	System.Windows.Forms	System/Windows/Forms/__init__.py	81300	81404	MulticastDelegate, ICloneable, ISerializable	0
DataGridViewCellStyleConverter	System.Windows.Forms	System/Windows/Forms/__init__.py	81405	81445	TypeConverter	0
DataGridViewCellStyleScopes	System.Windows.Forms	System/Windows/Forms/__init__.py	81446	81498	Enum, IComparable, IFormattable, IConvertible	0
DataGridViewCellToolTipTextNeededEventArgs	System.Windows.Forms	System/Windows/Forms/__init__.py	81499	81515	DataGridViewCellEventArgs	0
DataGridViewCellToolTipTextNeededEventHandler	System.Windows.Forms	System/Windows/Forms/__init__.py	81516	81620	MulticastDelegate, ICloneable, ISerializable	0
DataGridViewCellValidatingEventArgs	System.Windows.Forms	System/Windows/Forms/__init__.py	81621	81657	CancelEventArgs	0
DataGridViewCellValidatingEventHandler	System.Windows.Forms	System/Windows/Forms/__init__.py	81658	81762	MulticastDelegate, ICloneable, ISerializable	0
DataGridViewCellValueEventArgs	System.Windows.Forms	System/Windows/Forms/__init__.py	81763	81812	EventArgs	0
DataGridViewCellValueEventHandler	System.Windows.Forms	System/Windows/Forms/__init__.py	81813	81917	MulticastDelegate, ICloneable, ISerializable	0
DataGridViewCheckBoxCell	System.Windows.Forms	System/Windows/Forms/__init__.py	81918	83143	DataGridViewCell, ICloneable, IDisposable, IDataGridViewEditingCell	0
DataGridViewCheckBoxColumn	System.Windows.Forms	System/Windows/Forms/__init__.py	83144	83390	DataGridViewColumn, ICloneable, IDisposable, IComponent	0
DataGridViewClipboardCopyMode	System.Windows.Forms	System/Windows/Forms/__init__.py	83391	83438	Enum, IComparable, IFormattable, IConvertible	0
DataGridViewColumn	System.Windows.Forms	System/Windows/Forms/__init__.py	78385	78897	DataGridViewBand, ICloneable, IDisposable, IComponent	0
DataGridViewColumnCollection	System.Windows.Forms	System/Windows/Forms/__init__.py	83439	83894	BaseCollection, ICollection, IEnumerable, IList	0
DataGridViewColumnDesignTimeVisibleAttribute	System.Windows.Forms	System/Windows/Forms/__init__.py	83895	83991	Attribute, _Attribute	0
DataGridViewColumnDividerDoubleClickEventArgs	System.Windows.Forms	System/Windows/Forms/__init__.py	84026	84051	HandledMouseEventArgs	0
DataGridViewColumnDividerDoubleClickEventHandler	System.Windows.Forms	System/Windows/Forms/__init__.py	84052	84156	MulticastDelegate, ICloneable, ISerializable	0
DataGridViewColumnEventArgs	System.Windows.Forms	System/Windows/Forms/__init__.py	84157	84182	EventArgs	0
DataGridViewColumnEventHandler	System.Windows.Forms	System/Windows/Forms/__init__.py	84183	84287	MulticastDelegate, ICloneable, ISerializable	0
DataGridViewColumnHeaderCell	System.Windows.Forms	System/Windows/Forms/__init__.py	85502	86640	DataGridViewHeaderCell, ICloneable, IDisposable	0
DataGridViewColumnHeadersHeightSizeMode	System.Windows.Forms	System/Windows/Forms/__init__.py	86641	86687	Enum, IComparable, IFormattable, IConvertible	0
DataGridViewColumnSortMode	System.Windows.Forms	System/Windows/Forms/__init__.py	86688	86734	Enum, IComparable, IFormattable, IConvertible	0
DataGridViewColumnStateChangedEventArgs	System.Windows.Forms	System/Windows/Forms/__init__.py	86735	86771	EventArgs	0
DataGridViewColumnStateChangedEventHandler	System.Windows.Forms	System/Windows/Forms/__init__.py	86772	86876	MulticastDelegate, ICloneable, ISerializable	0
DataGridViewComboBoxCell	System.Windows.Forms	System/Windows/Forms/__init__.py	86877	88131	DataGridViewCell, ICloneable, IDisposable	0
DataGridViewComboBoxColumn	System.Windows.Forms	System/Windows/Forms/__init__.py	88132	88442	DataGridViewColumn, ICloneable, IDisposable, IComponent	0
DataGridViewComboBoxDisplayStyle	System.Windows.Forms	System/Windows/Forms/__init__.py	88443	88489	Enum, IComparable, IFormattable, IConvertible	0
DataGridViewComboBoxEditingControl	System.Windows.Forms	System/Windows/Forms/__init__.py	88644	91153	ComboBox, IComponent, IDisposable, IOleControl, IOleObject, IOleInPlaceObject, IOleInPlaceActiveObject, IOleWindow, IViewObject, IViewObject2, IPersist, IPersistStreamInit, IPersistPropertyBag, IPersistStorage, IQuickActivate, ISupportOleDropSource, IDropTarget, ISynchronizeInvoke, IWin32Window, IArrangedElement, IBindableComponent, IDataGridViewEditingControl	0
DataGridViewContentAlignment	System.Windows.Forms	System/Windows/Forms/__init__.py	91154	91207	Enum, IComparable, IFormattable, IConvertible	0
DataGridViewDataErrorContexts	System.Windows.Forms	System/Windows/Forms/__init__.py	91208	91262	Enum, IComparable, IFormattable, IConvertible	0
DataGridViewDataErrorEventArgs	System.Windows.Forms	System/Windows/Forms/__init__.py	91263	91312	DataGridViewCellCancelEventArgs	0
DataGridViewDataErrorEventHandler	System.Windows.Forms	System/Windows/Forms/__init__.py	91313	91417	MulticastDelegate, ICloneable, ISerializable	0
DataGridViewEditMode	System.Windows.Forms	System/Windows/Forms/__init__.py	91562	91610	Enum, IComparable, IFormattable, IConvertible	0
DataGridViewEditingControlShowingEventArgs	System.Windows.Forms	System/Windows/Forms/__init__.py	91418	91456	EventArgs	0
DataGridViewEditingControlShowingEventHandler	System.Windows.Forms	System/Windows/Forms/__init__.py	91457	91561	MulticastDelegate, ICloneable, ISerializable	0
DataGridViewElement	System.Windows.Forms	System/Windows/Forms/__init__.py	74942	75053	object	0
DataGridViewElementStates	System.Windows.Forms	System/Windows/Forms/__init__.py	91611	91662	Enum, IComparable, IFormattable, IConvertible	0
DataGridViewHeaderBorderStyle	System.Windows.Forms	System/Windows/Forms/__init__.py	91663	91711	Enum, IComparable, IFormattable, IConvertible	0
DataGridViewHeaderCell	System.Windows.Forms	System/Windows/Forms/__init__.py	84288	85501	DataGridViewCell, ICloneable, IDisposable	0
DataGridViewHitTestType	System.Windows.Forms	System/Windows/Forms/__init__.py	91712	91762	Enum, IComparable, IFormattable, IConvertible	0
DataGridViewImageCell	System.Windows.Forms	System/Windows/Forms/__init__.py	91763	92897	DataGridViewCell, ICloneable, IDisposable	0
DataGridViewImageCellLayout	System.Windows.Forms	System/Windows/Forms/__init__.py	92898	92945	Enum, IComparable, IFormattable, IConvertible	0
DataGridViewImageColumn	System.Windows.Forms	System/Windows/Forms/__init__.py	92946	93204	DataGridViewColumn, ICloneable, IDisposable, IComponent	0
DataGridViewLinkCell	System.Windows.Forms	System/Windows/Forms/__init__.py	93205	94351	DataGridViewCell, ICloneable, IDisposable	0
DataGridViewLinkColumn	System.Windows.Forms	System/Windows/Forms/__init__.py	94352	94612	DataGridViewColumn, ICloneable, IDisposable, IComponent	0
DataGridViewPaintParts	System.Windows.Forms	System/Windows/Forms/__init__.py	94613	94665	Enum, IComparable, IFormattable, IConvertible	0
DataGridViewRow	System.Windows.Forms	System/Windows/Forms/__init__.py	94666	95441	DataGridViewBand, ICloneable, IDisposable	0
DataGridViewRowCancelEventArgs	System.Windows.Forms	System/Windows/Forms/__init__.py	95442	95467	CancelEventArgs	0
DataGridViewRowCancelEventHandler	System.Windows.Forms	System/Windows/Forms/__init__.py	95468	95572	MulticastDelegate, ICloneable, ISerializable	0
DataGridViewRowCollection	System.Windows.Forms	System/Windows/Forms/__init__.py	95573	96232	object, ICollection, IEnumerable, IList	0
DataGridViewRowContextMenuStripNeededEventArgs	System.Windows.Forms	System/Windows/Forms/__init__.py	96233	96271	EventArgs	0
DataGridViewRowContextMenuStripNeededEventHandler	System.Windows.Forms	System/Windows/Forms/__init__.py	96272	96376	MulticastDelegate, ICloneable, ISerializable	0
DataGridViewRowDividerDoubleClickEventArgs	System.Windows.Forms	System/Windows/Forms/__init__.py	96377	96402	HandledMouseEventArgs	0
DataGridViewRowDividerDoubleClickEventHandler	System.Windows.Forms	System/Windows/Forms/__init__.py	96403	96507	MulticastDelegate, ICloneable, ISerializable	0
DataGridViewRowErrorTextNeededEventArgs	System.Windows.Forms	System/Windows/Forms/__init__.py	96508	96535	EventArgs	0
DataGridViewRowErrorTextNeededEventHandler	System.Windows.Forms	System/Windows/Forms/__init__.py	96536	96640	MulticastDelegate, ICloneable, ISerializable	0
DataGridViewRowEventArgs	System.Windows.Forms	System/Windows/Forms/__init__.py	96641	96666	EventArgs	0
DataGridViewRowEventHandler	System.Windows.Forms	System/Windows/Forms/__init__.py	96667	96771	MulticastDelegate, ICloneable, ISerializable	0
DataGridViewRowHeaderCell	System.Windows.Forms	System/Windows/Forms/__init__.py	96772	97873	DataGridViewHeaderCell, ICloneable, IDisposable	0
DataGridViewRowHeadersWidthSizeMode	System.Windows.Forms	System/Windows/Forms/__init__.py	97874	97922	Enum, IComparable, IFormattable, IConvertible	0
DataGridViewRowHeightInfoNeededEventArgs	System.Windows.Forms	System/Windows/Forms/__init__.py	97923	97963	EventArgs	0
DataGridViewRowHeightInfoNeededEventHandler	System.Windows.Forms	System/Windows/Forms/__init__.py	97964	98068	MulticastDelegate, ICloneable, ISerializable	0
DataGridViewRowHeightInfoPushedEventArgs	System.Windows.Forms	System/Windows/Forms/__init__.py	98069	98105	HandledEventArgs	0
DataGridViewRowHeightInfoPushedEventHandler	System.Windows.Forms	System/Windows/Forms/__init__.py	98106	98210	MulticastDelegate, ICloneable, ISerializable	0
DataGridViewRowPostPaintEventArgs	System.Windows.Forms	System/Windows/Forms/__init__.py	98211	98438	EventArgs	0
DataGridViewRowPostPaintEventHandler	System.Windows.Forms	System/Windows/Forms/__init__.py	98439	98543	MulticastDelegate, ICloneable, ISerializable	0
DataGridViewRowPrePaintEventArgs	System.Windows.Forms	System/Windows/Forms/__init__.py	98544	98784	HandledEventArgs	0
DataGridViewRowPrePaintEventHandler	System.Windows.Forms	System/Windows/Forms/__init__.py	98785	98889	MulticastDelegate, ICloneable, ISerializable	0
DataGridViewRowStateChangedEventArgs	System.Windows.Forms	System/Windows/Forms/__init__.py	99174	99210	EventArgs	0
DataGridViewRowStateChangedEventHandler	System.Windows.Forms	System/Windows/Forms/__init__.py	99211	99315	MulticastDelegate, ICloneable, ISerializable	0
DataGridViewRowsAddedEventArgs	System.Windows.Forms	System/Windows/Forms/__init__.py	98890	98926	EventArgs	0
DataGridViewRowsAddedEventHandler	System.Windows.Forms	System/Windows/Forms/__init__.py	98927	99031	MulticastDelegate, ICloneable, ISerializable	0
DataGridViewRowsRemovedEventArgs	System.Windows.Forms	System/Windows/Forms/__init__.py	99032	99068	EventArgs	0
DataGridViewRowsRemovedEventHandler	System.Windows.Forms	System/Windows/Forms/__init__.py	99069	99173	MulticastDelegate, ICloneable, ISerializable	0
DataGridViewSelectedCellCollection	System.Windows.Forms	System/Windows/Forms/__init__.py	99316	99458	BaseCollection, ICollection, IEnumerable, IList	0
DataGridViewSelectedColumnCollection	System.Windows.Forms	System/Windows/Forms/__init__.py	99459	99592	BaseCollection, ICollection, IEnumerable, IList	0
DataGridViewSelectedRowCollection	System.Windows.Forms	System/Windows/Forms/__init__.py	99593	99726	BaseCollection, ICollection, IEnumerable, IList	0
DataGridViewSelectionMode	System.Windows.Forms	System/Windows/Forms/__init__.py	99727	99775	Enum, IComparable, IFormattable, IConvertible	0
DataGridViewSortCompareEventArgs	System.Windows.Forms	System/Windows/Forms/__init__.py	99776	99858	HandledEventArgs	0
DataGridViewSortCompareEventHandler	System.Windows.Forms	System/Windows/Forms/__init__.py	99859	99963	MulticastDelegate, ICloneable, ISerializable	0
DataGridViewTextBoxCell	System.Windows.Forms	System/Windows/Forms/__init__.py	99964	101097	DataGridViewCell, ICloneable, IDisposable	0
DataGridViewTextBoxColumn	System.Windows.Forms	System/Windows/Forms/__init__.py	101098	101281	DataGridViewColumn, ICloneable, IDisposable, IComponent	0
DataGridViewTextBoxEditingControl	System.Windows.Forms	System/Windows/Forms/__init__.py	101282	103559	TextBox, IComponent, IDisposable, IOleControl, IOleObject, IOleInPlaceObject, IOleInPlaceActiveObject, IOleWindow, IViewObject, IViewObject2, IPersist, IPersistStreamInit, IPersistPropertyBag, IPersistStorage, IQuickActivate, ISupportOleDropSource, IDropTarget, ISynchronizeInvoke, IWin32Window, IArrangedElement, IBindableComponent, IDataGridViewEditingControl	0
DataGridViewTopLeftHeaderCell	System.Windows.Forms	System/Windows/Forms/__init__.py	103560	104635	DataGridViewColumnHeaderCell, ICloneable, IDisposable	0
DataGridViewTriState	System.Windows.Forms	System/Windows/Forms/__init__.py	104636	104682	Enum, IComparable, IFormattable, IConvertible	0
DataItemCollection	Autodesk.AutoCAD.Windows.Data	Autodesk/AutoCAD/Windows/Data/__init__.py	392	402		7
DataItemCollections	Autodesk.AutoCAD.Windows.Data	Autodesk/AutoCAD/Windows/Data/__init__.py	403	434		28
DataItemFactoryMethod	Autodesk.AutoCAD.Windows.Data	Autodesk/AutoCAD/Windows/Data/__init__.py	435	443		5
DataLink	Autodesk.AutoCAD.DatabaseServices	Autodesk/AutoCAD/DatabaseServices/__init__.py	5745	5801	DBObject	53
DataLinkGetSourceContext	Autodesk.AutoCAD.DatabaseServices	Autodesk/AutoCAD/DatabaseServices/__init__.py	5802	5806		0
DataLinkManager	Autodesk.AutoCAD.DatabaseServices	Autodesk/AutoCAD/DatabaseServices/__init__.py	5807	5818	RXObject	8
DataLinkOption	Autodesk.AutoCAD.DatabaseServices	Autodesk/AutoCAD/DatabaseServices/__init__.py	5819	5823		0
DataMisalignedException	System	System/__init__.py	20954	20995	SystemException, ISerializable, _Exception	0
DataObject	System.Windows.Forms	System/Windows/Forms/__init__.py	104906	105397	object, IDataObject, IDataObject	0
DataPartFamily	Autodesk.Civil.DatabaseServices.Styles	Autodesk/Civil/DatabaseServices/Styles.py	1092	1101		6
DataProperty	Autodesk.Navisworks.Api	Autodesk/Navisworks/Api/__init__.py	317	335	NativeHandle	13
DataPropertyCollection	Autodesk.Navisworks.Api	Autodesk/Navisworks/Api/__init__.py	336	361	NativeHandle	20
DataPropertyNames	Autodesk.Navisworks.Api	Autodesk/Navisworks/Api/__init__.py	362	382		17
DataShortcutEntityType	Autodesk.Civil.DataShortcuts	Autodesk/Civil/DataShortcuts.py	3	7		0
DataShortcutKey	Autodesk.Civil.DataShortcuts	Autodesk/Civil/DataShortcuts.py	8	20	DisposableWrapper	9
DataSourceUpdateMode	System.Windows.Forms	System/Windows/Forms/__init__.py	105398	105444	Enum, IComparable, IFormattable, IConvertible	0
DataStorage	Autodesk.Revit.DB.ExtensibleStorage	Autodesk/Revit/DB/ExtensibleStorage.py	13	45	Element	28
DataTable	Autodesk.AutoCAD.DatabaseServices	Autodesk/AutoCAD/DatabaseServices/__init__.py	5824	5889	DBObject	62
DataTransferMode	Autodesk.Revit.DB.Events	Autodesk/Revit/DB/Events.py	24	28		0
DataTransferProgressChangedEventArgs	Autodesk.Revit.DB.Events	Autodesk/Revit/DB/Events.py	29	40	WorksharedOperationProgressChangedEventArgs	8
DataType	Autodesk.AutoCAD.DatabaseServices	Autodesk/AutoCAD/DatabaseServices/__init__.py	5890	5894		0
DataTypeParameter	Autodesk.AutoCAD.DatabaseServices	Autodesk/AutoCAD/DatabaseServices/__init__.py	5895	5902		4
Database	Autodesk.AutoCAD.DatabaseServices	Autodesk/AutoCAD/DatabaseServices/__init__.py	5903	6309	RXObject	396
DatabaseActionType	Autodesk.Navisworks.Api.Data	Autodesk/Navisworks/Api/Data.py	3	7		0
DatabaseChange	Autodesk.Navisworks.Api.Data	Autodesk/Navisworks/Api/Data.py	8	14		3
DatabaseChangeCollection	Autodesk.Navisworks.Api.Data	Autodesk/Navisworks/Api/Data.py	15	22		4
DatabaseChangeTypes	Autodesk.Navisworks.Api.Data	Autodesk/Navisworks/Api/Data.py	23	27		0
DatabaseChangedAction	Autodesk.Navisworks.Api.Data	Autodesk/Navisworks/Api/Data.py	28	32		0
DatabaseChangedEventArgs	Autodesk.Navisworks.Api.Data	Autodesk/Navisworks/Api/Data.py	33	39	EventArgs	3
DatabaseData	Autodesk.Aec.DatabaseServices	Autodesk/Aec/DatabaseServices.py	1604	1612	RXObject	5
DatabaseDataAecBase	Autodesk.Aec.DatabaseServices	Autodesk/Aec/DatabaseServices.py	1613	1687	DatabaseData	71
DatabaseDataManager	Autodesk.Aec.ApplicationServices	Autodesk/Aec/ApplicationServices.py	78	86	RXObject	5
DatabaseDataManagerDictionary	Autodesk.Aec.ApplicationServices	Autodesk/Aec/ApplicationServices.py	87	101	RXObject	7
DatabaseEventStateWatcher	Autodesk.Navisworks.Internal.ApiImplementation	Autodesk/Navisworks/Internal/ApiImplementation/__init__.py	148	160	LcOpSwigStateWatcher	7
DatabaseException	Autodesk.Navisworks.Api.Data	Autodesk/Navisworks/Api/Data.py	40	52	InvalidOperationException	9
DatabaseExtension	Autodesk.AutoCAD.ApplicationServices	Autodesk/AutoCAD/ApplicationServices/__init__.py	158	163		1
DatabaseIOEventArgs	Autodesk.AutoCAD.DatabaseServices	Autodesk/AutoCAD/DatabaseServices/__init__.py	6310	6314	EventArgs	1
DatabaseIOEventHandler	Autodesk.AutoCAD.DatabaseServices	Autodesk/AutoCAD/DatabaseServices/__init__.py	6315	6323		5
DatabaseSummaryInfo	Autodesk.AutoCAD.DatabaseServices	Autodesk/AutoCAD/DatabaseServices/__init__.py	6324	6339		12
DatabaseSummaryInfoBuilder	Autodesk.AutoCAD.DatabaseServices	Autodesk/AutoCAD/DatabaseServices/__init__.py	6340	6354		11
DateBoldEventArgs	System.Windows.Forms	System/Windows/Forms/__init__.py	105445	105483	EventArgs	0
DateBoldEventHandler	System.Windows.Forms	System/Windows/Forms/__init__.py	105484	105588	MulticastDelegate, ICloneable, ISerializable	0
DateRangeEventArgs	System.Windows.Forms	System/Windows/Forms/__init__.py	105589	105625	EventArgs	0
DateRangeEventHandler	System.Windows.Forms	System/Windows/Forms/__init__.py	105626	105730	MulticastDelegate, ICloneable, ISerializable	0
DateTime	System	System/__init__.py	20996	22416	object, IComparable, IFormattable, IConvertible, ISerializable, IComparable[DateTime], IEquatable[DateTime]	0
DateTimeKind	System	System/__init__.py	22417	22463	Enum, IComparable, IFormattable, IConvertible	0
DateTimeOffset	System	System/__init__.py	22464	23575	object, IComparable, IFormattable, ISerializable, IDeserializationCallback, IComparable[DateTimeOffset], IEquatable[DateTimeOffset]	0
DateTimePicker	System.Windows.Forms	System/Windows/Forms/__init__.py	105731	108209	Control, IComponent, IDisposable, IOleControl, IOleObject, IOleInPlaceObject, IOleInPlaceActiveObject, IOleWindow, IViewObject, IViewObject2, IPersist, IPersistStreamInit, IPersistPropertyBag, IPersistStorage, IQuickActivate, ISupportOleDropSource, IDropTarget, ISynchronizeInvoke, IWin32Window, IArrangedElement, IBindableComponent	0
DateTimePickerFormat	System.Windows.Forms	System/Windows/Forms/__init__.py	108210	108257	Enum, IComparable, IFormattable, IConvertible	0
DatumEnds	Autodesk.Revit.DB	Autodesk/Revit/DB/__init__.py	3609	3613		0
DatumExtentType	Autodesk.Revit.DB	Autodesk/Revit/DB/__init__.py	3614	3618		0
DatumPlane	Autodesk.Revit.DB	Autodesk/Revit/DB/__init__.py	3619	3666	Element	44
DatumRoundingType	Autodesk.Civil.DatabaseServices	Autodesk/Civil/DatabaseServices/__init__.py	6674	6678		0
Day	System.Windows.Forms	System/Windows/Forms/__init__.py	108258	108309	Enum, IComparable, IFormattable, IConvertible	0
DayOfWeek	System	System/__init__.py	23576	23626	Enum, IComparable, IFormattable, IConvertible	0
DbBlockImageCache	Autodesk.AutoCAD.Internal	Autodesk/AutoCAD/Internal/__init__.py	961	972		8
DbDictionaryEnumerator	Autodesk.AutoCAD.DatabaseServices	Autodesk/AutoCAD/DatabaseServices/__init__.py	6355	6367	RXObject	9
DbHomeView	Autodesk.AutoCAD.DatabaseServices	Autodesk/AutoCAD/DatabaseServices/__init__.py	6368	6383	DisposableWrapper	12
DbObjectCollection	Autodesk.AutoCAD.Windows.Data	Autodesk/AutoCAD/Windows/Data/__init__.py	444	452	DataItemCollection	5
DcDocsFile	Autodesk.AutoCAD.DatabaseServices.Internal	Autodesk/AutoCAD/DatabaseServices/Internal.py	8	15		2
DebugUtil	Autodesk.AutoCAD.Internal	Autodesk/AutoCAD/Internal/__init__.py	973	980		2
Decimal	System	System/__init__.py	23714	24779	object, IFormattable, IComparable, IConvertible, IDeserializationCallback, IComparable[Decimal], IEquatable[Decimal]	0
DecimalCharacterType	Autodesk.Civil	Autodesk/Civil/__init__.py	445	449		0
DecimalSymbol	Autodesk.Revit.DB	Autodesk/Revit/DB/__init__.py	3667	3671		0
DecomposeForSaveReplacementRecord	Autodesk.AutoCAD.DatabaseServices	Autodesk/AutoCAD/DatabaseServices/__init__.py	6384	6390		3
DeepCloneType	Autodesk.AutoCAD.DatabaseServices	Autodesk/AutoCAD/DatabaseServices/__init__.py	6391	6395		0
DefaultDivideSettings	Autodesk.Revit.DB	Autodesk/Revit/DB/__init__.py	3672	3714	Element	38
DefaultLightingType	Autodesk.AutoCAD.DatabaseServices	Autodesk/AutoCAD/DatabaseServices/__init__.py	6396	6400		0
DefaultLightingType	Autodesk.AutoCAD.GraphicsInterface	Autodesk/AutoCAD/GraphicsInterface.py	115	119		0
DefaultLightingType	Autodesk.AutoCAD.GraphicsSystem	Autodesk/AutoCAD/GraphicsSystem.py	89	93		0
DefaultOpenFromCloudCallback	Autodesk.Revit.DB	Autodesk/Revit/DB/__init__.py	3715	3721		3
DefaultPane	Autodesk.AutoCAD.Windows	Autodesk/AutoCAD/Windows/__init__.py	19	23		0
DefaultValueException	Autodesk.Revit.Exceptions	Autodesk/Revit/Exceptions.py	246	259	InvalidOperationException	10
DeferredAssemblyLoadEventArgs	Autodesk.AutoCAD.Runtime	Autodesk/AutoCAD/Runtime.py	47	53	EventArgs	3
DeferredAssemblyLoadEventHandler	Autodesk.AutoCAD.Runtime	Autodesk/AutoCAD/Runtime.py	54	62		5
DefinedSymbolsCommand	Autodesk.AutoCAD.Windows.Data	Autodesk/AutoCAD/Windows/Data/__init__.py	453	457	IPECommandBase	1
Definition	Autodesk.Revit.DB	Autodesk/Revit/DB/__init__.py	3722	3728		3
DefinitionBindingMap	Autodesk.Revit.DB	Autodesk/Revit/DB/__init__.py	3729	3743	APIObject	11
DefinitionBindingMapIterator	Autodesk.Revit.DB	Autodesk/Revit/DB/__init__.py	3744	3752	APIObject	5
DefinitionFile	Autodesk.Revit.DB	Autodesk/Revit/DB/__init__.py	3753	3759	APIObject	3
DefinitionGroup	Autodesk.Revit.DB	Autodesk/Revit/DB/__init__.py	3760	3766	APIObject	3
DefinitionGroups	Autodesk.Revit.DB	Autodesk/Revit/DB/__init__.py	3767	3777		7
Definitions	Autodesk.Revit.DB	Autodesk/Revit/DB/__init__.py	3778	3788		7
DegradationChannel	Autodesk.AutoCAD.GraphicsSystem	Autodesk/AutoCAD/GraphicsSystem.py	94	98		0
Delegate	System	System/__init__.py	5325	5957	object, ICloneable, ISerializable	0
DeleteElements	Autodesk.Revit.DB	Autodesk/Revit/DB/__init__.py	3789	3795	FailureResolution	2
DeleteWorksetOption	Autodesk.Revit.DB	Autodesk/Revit/DB/__init__.py	3796	3800		0
DeleteWorksetSettings	Autodesk.Revit.DB	Autodesk/Revit/DB/__init__.py	3801	3808		4
DeprecatedVersionAttribute	Autodesk.Civil	Autodesk/Civil/__init__.py	450	455	Attribute	2
DesignCheck	Autodesk.Civil	Autodesk/Civil/__init__.py	456	488	CivilWrapper<AcDbDatabase>	21
DesignOption	Autodesk.Revit.DB	Autodesk/Revit/DB/__init__.py	3809	3842	Element	29
DesignSpeed	Autodesk.Civil.DatabaseServices	Autodesk/Civil/DatabaseServices/__init__.py	6679	6686	CivilWrapper<AeccDbAlignment>	4
DesignSpeedCollection	Autodesk.Civil.DatabaseServices	Autodesk/Civil/DatabaseServices/__init__.py	6687	6697	CivilWrapper<AeccDbAlignment>	7
DesignSpeedLookupMethodType	Autodesk.Civil	Autodesk/Civil/__init__.py	489	493		0
DesignToFabricationConverter	Autodesk.Revit.DB.Fabrication	Autodesk/Revit/DB/Fabrication.py	3	16		10
DesignToFabricationConverterResult	Autodesk.Revit.DB.Fabrication	Autodesk/Revit/DB/Fabrication.py	17	21		0
DesignToFabricationMappingResult	Autodesk.Revit.DB.Fabrication	Autodesk/Revit/DB/Fabrication.py	22	26		0
DetachFromCentralOption	Autodesk.Revit.DB	Autodesk/Revit/DB/__init__.py	3843	3847		0
DetailArc	Autodesk.Revit.DB	Autodesk/Revit/DB/__init__.py	3848	3884	DetailCurve	33
DetailCurve	Autodesk.Revit.DB	Autodesk/Revit/DB/__init__.py	3885	3921	CurveElement	33
DetailCurveArray	Autodesk.Revit.DB	Autodesk/Revit/DB/__init__.py	3922	3935	APIObject	10
DetailCurveArrayIterator	Autodesk.Revit.DB	Autodesk/Revit/DB/__init__.py	3936	3943	APIObject	4
DetailElementOrderUtils	Autodesk.Revit.DB	Autodesk/Revit/DB/__init__.py	3944	3961		7
DetailEllipse	Autodesk.Revit.DB	Autodesk/Revit/DB/__init__.py	3962	3998	DetailCurve	33
DetailLine	Autodesk.Revit.DB	Autodesk/Revit/DB/__init__.py	3999	4035	DetailCurve	33
DetailNurbSpline	Autodesk.Revit.DB	Autodesk/Revit/DB/__init__.py	4036	4072	DetailCurve	33
DetailSymbol	Autodesk.AutoCAD.DatabaseServices	Autodesk/AutoCAD/DatabaseServices/__init__.py	6401	6490	Entity	86
DetailSymbolBoundaryType	Autodesk.AutoCAD.DatabaseServices	Autodesk/AutoCAD/DatabaseServices/__init__.py	6491	6495		0
DetailSymbolOverriddenProperty	Autodesk.AutoCAD.DatabaseServices	Autodesk/AutoCAD/DatabaseServices/__init__.py	6496	6500		0
DetailViewIdentifierPlacement	Autodesk.AutoCAD.DatabaseServices	Autodesk/AutoCAD/DatabaseServices/__init__.py	6501	6505		0
DetailViewModelEdge	Autodesk.AutoCAD.DatabaseServices	Autodesk/AutoCAD/DatabaseServices/__init__.py	6506	6510		0
DetailViewStyle	Autodesk.AutoCAD.DatabaseServices	Autodesk/AutoCAD/DatabaseServices/__init__.py	6511	6590	DBObject	76
DeviationType	Autodesk.AutoCAD.GraphicsInterface	Autodesk/AutoCAD/GraphicsInterface.py	120	124		0
Device	Autodesk.AutoCAD.GraphicsSystem	Autodesk/AutoCAD/GraphicsSystem.py	99	122	DisposableWrapper	19
DeviceInputEventArgs	Autodesk.AutoCAD.EditorInput	Autodesk/AutoCAD/EditorInput.py	136	144	EventArgs	5
DeviceInputEventHandler	Autodesk.AutoCAD.EditorInput	Autodesk/AutoCAD/EditorInput.py	145	153		5
DeviceType	Autodesk.AutoCAD.GraphicsSystem	Autodesk/AutoCAD/GraphicsSystem.py	123	127		0
DeviceType	Autodesk.AutoCAD.PlottingServices	Autodesk/AutoCAD/PlottingServices.py	62	66		0
DgnDefinition	Autodesk.AutoCAD.DatabaseServices	Autodesk/AutoCAD/DatabaseServices/__init__.py	6591	6643	UnderlayDefinition	49
DgnReference	Autodesk.AutoCAD.DatabaseServices	Autodesk/AutoCAD/DatabaseServices/__init__.py	6644	6737	UnderlayReference	90
DgnUnderlayItem	Autodesk.AutoCAD.DatabaseServices	Autodesk/AutoCAD/DatabaseServices/__init__.py	6738	6752	UnderlayItem	11
DialogBoxData	Autodesk.Revit.UI.Events	Autodesk/Revit/UI/Events.py	54	60	APIObject	3
DialogBoxShowingEventArgs	Autodesk.Revit.UI.Events	Autodesk/Revit/UI/Events.py	61	68	RevitAPIPreEventArgs	4
DialogResult	System.Windows.Forms	System/Windows/Forms/__init__.py	108310	108361	Enum, IComparable, IFormattable, IConvertible	0
DiametricDimension	Autodesk.AutoCAD.DatabaseServices	Autodesk/AutoCAD/DatabaseServices/__init__.py	6753	6949	Dimension	193
Dictionary	Autodesk.Aec.DatabaseServices	Autodesk/Aec/DatabaseServices.py	1688	1713	RXObject	22
Dictionary	Autodesk.AutoCAD.Runtime	Autodesk/AutoCAD/Runtime.py	63	84	RXObject	18
Dictionary	System.Collections.Generic	System/Collections/Generic.py	60	355	object, IDictionary[TKey, TValue], ICollection[KeyValuePair[TKey, TValue]], IEnumerable[KeyValuePair[TKey, TValue]], IEnumerable, IDictionary, ICollection, IReadOnlyDictionary[TKey, TValue], IReadOnlyCollection[KeyValuePair[TKey, TValue]], ISerializable, IDeserializationCallback	0
DictionaryBase	System.Collections	System/Collections/__init__.py	2043	2330	object, IDictionary, ICollection, IEnumerable	0
DictionaryClassificationDefinition	Autodesk.Aec.DatabaseServices	Autodesk/Aec/DatabaseServices.py	1714	1729	Dictionary	12
DictionaryDisplayConfiguration	Autodesk.Aec.DatabaseServices	Autodesk/Aec/DatabaseServices.py	1730	1747	Dictionary	13
DictionaryDisplaySet	Autodesk.Aec.DatabaseServices	Autodesk/Aec/DatabaseServices.py	1748	1814	Dictionary	42
DictionaryDisplayThemeStyle	Autodesk.Aec.DatabaseServices	Autodesk/Aec/DatabaseServices.py	1815	1832	Dictionary	13
DictionaryEntry	System.Collections	System/Collections/__init__.py	2331	2375	object	0
DictionaryEntryInformation	Autodesk.Aec.DatabaseServices	Autodesk/Aec/DatabaseServices.py	1833	1838		2
DictionaryEventManager	Autodesk.AutoCAD.Internal.Reactors	Autodesk/AutoCAD/Internal/Reactors.py	109	114		2
DictionaryLayerKeyStyle	Autodesk.Aec.DatabaseServices	Autodesk/Aec/DatabaseServices.py	1839	1857	Dictionary	14
DictionaryListDefinition	Autodesk.Aec.DatabaseServices	Autodesk/Aec/DatabaseServices.py	1858	1875	Dictionary	13
DictionaryMaskBlockDefinition	Autodesk.Aec.DatabaseServices	Autodesk/Aec/DatabaseServices.py	1876	1893	Dictionary	13
DictionaryMassElementStyle	Autodesk.Aec.DatabaseServices	Autodesk/Aec/DatabaseServices.py	1894	1911	Dictionary	13
DictionaryMaterialDefinition	Autodesk.Aec.DatabaseServices	Autodesk/Aec/DatabaseServices.py	1912	1929	Dictionary	13
DictionaryMultiViewBlockDefinition	Autodesk.Aec.DatabaseServices	Autodesk/Aec/DatabaseServices.py	1930	1947	Dictionary	13
DictionaryPolygonStyle	Autodesk.Aec.DatabaseServices	Autodesk/Aec/DatabaseServices.py	1948	1965	Dictionary	13
DictionaryProfileDefinition	Autodesk.Aec.DatabaseServices	Autodesk/Aec/DatabaseServices.py	1966	1983	Dictionary	13
DictionaryRecord	Autodesk.Aec.DatabaseServices	Autodesk/Aec/DatabaseServices.py	1984	2041	DBObject	54
DictionaryRecordAlternateNameTranslator	Autodesk.Aec.DatabaseServices	Autodesk/Aec/DatabaseServices.py	2042	2050	DictionaryRecordNameTranslator	4
DictionaryRecordNameTranslator	Autodesk.Aec.DatabaseServices	Autodesk/Aec/DatabaseServices.py	2051	2059	NameTranslator	4
DictionarySection2dStyle	Autodesk.Aec.DatabaseServices	Autodesk/Aec/DatabaseServices.py	2060	2077	Dictionary	13
DictionaryWithDefaultDictionary	Autodesk.AutoCAD.DatabaseServices	Autodesk/AutoCAD/DatabaseServices/__init__.py	6950	6998	DBDictionary	45
DigitGroupingAmount	Autodesk.Revit.DB	Autodesk/Revit/DB/__init__.py	4073	4077		0
DigitGroupingSymbol	Autodesk.Revit.DB	Autodesk/Revit/DB/__init__.py	4078	4082		0
DimArrowFlag	Autodesk.AutoCAD.DatabaseServices	Autodesk/AutoCAD/DatabaseServices/__init__.py	6999	7003		0
DimStyleTable	Autodesk.AutoCAD.DatabaseServices	Autodesk/AutoCAD/DatabaseServices/__init__.py	7004	7049	SymbolTable	42
DimStyleTableRecord	Autodesk.AutoCAD.DatabaseServices	Autodesk/AutoCAD/DatabaseServices/__init__.py	7050	7172	SymbolTableRecord	119
Dimension	Autodesk.AutoCAD.DatabaseServices	Autodesk/AutoCAD/DatabaseServices/__init__.py	7173	7375	Entity	199
Dimension	Autodesk.Revit.DB	Autodesk/Revit/DB/__init__.py	4083	4139	Element	53
DimensionAnchorOptionType	Autodesk.Civil	Autodesk/Civil/__init__.py	494	498		0
DimensionAnchorType	Autodesk.Civil	Autodesk/Civil/__init__.py	499	503		0
DimensionCenterMarkType	Autodesk.AutoCAD.DatabaseServices	Autodesk/AutoCAD/DatabaseServices/__init__.py	7376	7380		0
DimensionEqualityLabelFormatting	Autodesk.Revit.DB	Autodesk/Revit/DB/__init__.py	4140	4152		9
DimensionSegment	Autodesk.Revit.DB	Autodesk/Revit/DB/__init__.py	4153	4170	APIObject	14
DimensionSegmentArray	Autodesk.Revit.DB	Autodesk/Revit/DB/__init__.py	4171	4184	APIObject	10
DimensionSegmentArrayIterator	Autodesk.Revit.DB	Autodesk/Revit/DB/__init__.py	4185	4192	APIObject	4
DimensionShape	Autodesk.Revit.DB	Autodesk/Revit/DB/__init__.py	4193	4197		0
DimensionStyleOverrule	Autodesk.AutoCAD.DatabaseServices	Autodesk/AutoCAD/DatabaseServices/__init__.py	7381	7396	Overrule	12
DimensionStyleType	Autodesk.Revit.DB	Autodesk/Revit/DB/__init__.py	4198	4202		0
DimensionType	Autodesk.Revit.DB	Autodesk/Revit/DB/__init__.py	4203	4254	ElementType	48
DirectContext3DDocumentUtils	Autodesk.Revit.DB.DirectContext3D	Autodesk/Revit/DB/DirectContext3D.py	29	42		5
DirectContext3DHandleOverrides	Autodesk.Revit.DB.DirectContext3D	Autodesk/Revit/DB/DirectContext3D.py	43	52		6
DirectContext3DHandleSettings	Autodesk.Revit.DB.DirectContext3D	Autodesk/Revit/DB/DirectContext3D.py	53	66		10
DirectShape	Autodesk.Revit.DB	Autodesk/Revit/DB/__init__.py	4255	4329	Element	64
DirectShapeLibrary	Autodesk.Revit.DB	Autodesk/Revit/DB/__init__.py	4330	4344		10
DirectShapeOptions	Autodesk.Revit.DB	Autodesk/Revit/DB/__init__.py	4345	4352		4
DirectShapeReferenceOptions	Autodesk.Revit.DB	Autodesk/Revit/DB/__init__.py	4353	4365		7
DirectShapeReferencingOption	Autodesk.Revit.DB	Autodesk/Revit/DB/__init__.py	4366	4370		0
DirectShapeRoomBoundingOption	Autodesk.Revit.DB	Autodesk/Revit/DB/__init__.py	4371	4375		0
DirectShapeTargetViewType	Autodesk.Revit.DB	Autodesk/Revit/DB/__init__.py	4376	4380		0
DirectShapeType	Autodesk.Revit.DB	Autodesk/Revit/DB/__init__.py	4381	4446	ElementType	59
DirectShapeTypeOptions	Autodesk.Revit.DB	Autodesk/Revit/DB/__init__.py	4447	4455		5
DirectShapeTypeUserAssignability	Autodesk.Revit.DB	Autodesk/Revit/DB/__init__.py	4456	4460		0
DirectionDisplayType	Autodesk.Civil	Autodesk/Civil/__init__.py	504	508		0
DirectionNameDisplayType	Autodesk.Civil	Autodesk/Civil/__init__.py	509	513		0
DirectionType	Autodesk.Aec.Modeler	Autodesk/Aec/Modeler.py	243	247		0
DirectoryNotEmptyException	Autodesk.Revit.Exceptions	Autodesk/Revit/Exceptions.py	260	274	ArgumentException	11
DirectoryNotFoundException	Autodesk.Revit.Exceptions	Autodesk/Revit/Exceptions.py	275	288	IOException	10
DisableAnalyticalModelCB	Autodesk.Revit.DB	Autodesk/Revit/DB/__init__.py	4461	4465	FailureResolution	1
DisabledDisciplineException	Autodesk.Revit.Exceptions	Autodesk/Revit/Exceptions.py	289	302	InvalidOperationException	10
DisciplineTypeId	Autodesk.Revit.DB	Autodesk/Revit/DB/__init__.py	4466	4477		8
DisparityResponse	Autodesk.Revit.DB.ExternalService	Autodesk/Revit/DB/ExternalService.py	3	7		0
DisplacementElement	Autodesk.Revit.DB	Autodesk/Revit/DB/__init__.py	4478	4540	Element	48
DisplacementPath	Autodesk.Revit.DB	Autodesk/Revit/DB/__init__.py	4541	4580	Element	33
DisplacementPathStyle	Autodesk.Revit.DB	Autodesk/Revit/DB/__init__.py	4581	4585		0
DisplayComponent	Autodesk.Aec.DatabaseServices	Autodesk/Aec/DatabaseServices.py	2078	2089	ImpObject	8
DisplayComponentEntity	Autodesk.Aec.DatabaseServices	Autodesk/Aec/DatabaseServices.py	2090	2113	DisplayComponent	20
DisplayComponentHatch	Autodesk.Aec.DatabaseServices	Autodesk/Aec/DatabaseServices.py	2114	2146	DisplayComponentEntity	28
DisplayComponentPushPopData	Autodesk.Aec.DatabaseServices	Autodesk/Aec/DatabaseServices.py	2147	2161	DisposableWrapper	11
DisplayConfiguration	Autodesk.Aec.DatabaseServices	Autodesk/Aec/DatabaseServices.py	2162	2241	DictionaryRecord	74
DisplayConfigurationImageIndex	Autodesk.Aec.DatabaseServices	Autodesk/Aec/DatabaseServices.py	2242	2246		0
DisplayConfigurationParameter	Autodesk.Aec.DatabaseServices	Autodesk/Aec/DatabaseServices.py	2247	2251		0
DisplayMaterialInformation	Autodesk.Aec.DatabaseServices	Autodesk/Aec/DatabaseServices.py	2252	2266	DisposableWrapper	10
DisplayOptionWithRespectToCutPlane	Autodesk.Aec	Autodesk/Aec/__init__.py	13	17		0
DisplayProperties	Autodesk.Aec.DatabaseServices	Autodesk/Aec/DatabaseServices.py	2267	2346	DictionaryRecord	70
DisplayPropertiesMaterial	Autodesk.Aec.DatabaseServices	Autodesk/Aec/DatabaseServices.py	2347	2433	DisplayProperties	80
DisplayRepresentation	Autodesk.Aec.DatabaseServices	Autodesk/Aec/DatabaseServices.py	2434	2529	DictionaryRecord	90
DisplayRepresentationIdCollection	Autodesk.Aec.DatabaseServices	Autodesk/Aec/DatabaseServices.py	2530	2544		11
DisplayRepresentationImageIndex	Autodesk.Aec.DatabaseServices	Autodesk/Aec/DatabaseServices.py	2545	2549		0
DisplayRepresentationManager	Autodesk.Aec.DatabaseServices	Autodesk/Aec/DatabaseServices.py	2550	2595		32
DisplayRepresentationSetParameter	Autodesk.Aec.DatabaseServices	Autodesk/Aec/DatabaseServices.py	2596	2600		0
DisplayRepresentationTData	Autodesk.Aec.DatabaseServices	Autodesk/Aec/DatabaseServices.py	2601	2609	RXObject	5
DisplayRepresentationTypeName	Autodesk.Aec.DatabaseServices	Autodesk/Aec/DatabaseServices.py	2610	2614		0
DisplaySet	Autodesk.Aec.DatabaseServices	Autodesk/Aec/DatabaseServices.py	2615	2690	DictionaryRecord	72
DisplayStyle	Autodesk.Civil.DatabaseServices.Styles	Autodesk/Civil/DatabaseServices/Styles.py	1102	1112	CivilWrapper<AeccDbStyle>	7
DisplayStyle	Autodesk.Revit.DB	Autodesk/Revit/DB/__init__.py	4586	4590		0
DisplayTheme	Autodesk.Aec.DatabaseServices	Autodesk/Aec/DatabaseServices.py	2691	2809	Geo	115
DisplayThemeCellFormat	Autodesk.Aec.DatabaseServices	Autodesk/Aec/DatabaseServices.py	2810	2834	ImpObject	21
DisplayThemeComponentBase	Autodesk.Aec.DatabaseServices	Autodesk/Aec/DatabaseServices.py	2835	2848	ImpObject	10
DisplayThemeComponentCollection	Autodesk.Aec.DatabaseServices	Autodesk/Aec/DatabaseServices.py	2849	2863		11
DisplayThemeNextNodeOperator	Autodesk.Aec.DatabaseServices	Autodesk/Aec/DatabaseServices.py	2864	2868		0
DisplayThemeRuleBase	Autodesk.Aec.DatabaseServices	Autodesk/Aec/DatabaseServices.py	2869	2896	ImpObject	24
DisplayThemeRuleCollection	Autodesk.Aec.DatabaseServices	Autodesk/Aec/DatabaseServices.py	2897	2911		11
DisplayThemeRuleComparisonOperator	Autodesk.Aec.DatabaseServices	Autodesk/Aec/DatabaseServices.py	2912	2916		0
DisplayThemeStyle	Autodesk.Aec.DatabaseServices	Autodesk/Aec/DatabaseServices.py	2917	2978	DictionaryRecord	58
DisplayUnit	Autodesk.Revit.DB	Autodesk/Revit/DB/__init__.py	4591	4595		0
DisplayingOptionsDialogEventArgs	Autodesk.Revit.UI.Events	Autodesk/Revit/UI/Events.py	69	76	RevitAPIPreEventArgs	4
DisposableSelectionSet	Autodesk.AutoCAD.EditorInput	Autodesk/AutoCAD/EditorInput.py	154	158		1
DisposableWrapper	Autodesk.AutoCAD.Runtime	Autodesk/AutoCAD/Runtime.py	85	96	MarshalByRefObject	7
DisposingEventHandler	Autodesk.AutoCAD.Windows.Data	Autodesk/AutoCAD/Windows/Data/__init__.py	458	466		5
DistanceConstraint	Autodesk.AutoCAD.DatabaseServices	Autodesk/AutoCAD/DatabaseServices/__init__.py	7397	7418	ExplicitConstraint	18
DistanceMeasuredFrom	Autodesk.Revit.DB	Autodesk/Revit/DB/__init__.py	4596	4600		0
DistanceScaleFactorType	Autodesk.Civil	Autodesk/Civil/__init__.py	514	518		0
DistanceUnitFormat	Autodesk.AutoCAD.Runtime	Autodesk/AutoCAD/Runtime.py	97	101		0
DistantLightTraits	Autodesk.AutoCAD.GraphicsInterface	Autodesk/AutoCAD/GraphicsInterface.py	125	160	StandardLightTraits	32
DistributionFlags	Autodesk.Aec.DatabaseServices	Autodesk/Aec/DatabaseServices.py	2979	2983		0
DistributionOfNormals	Autodesk.Revit.DB	Autodesk/Revit/DB/__init__.py	4601	4605		0
DistributionSysType	Autodesk.Revit.DB.Electrical	Autodesk/Revit/DB/Electrical.py	930	971	ElementType	38
DistributionSysTypeSet	Autodesk.Revit.DB.Electrical	Autodesk/Revit/DB/Electrical.py	972	985	APIObject	10
DistributionSysTypeSetIterator	Autodesk.Revit.DB.Electrical	Autodesk/Revit/DB/Electrical.py	986	993	APIObject	4
DivideByZeroException	System	System/__init__.py	24780	24823	ArithmeticException, ISerializable, _Exception	0
DividedPath	Autodesk.Revit.DB	Autodesk/Revit/DB/__init__.py	4606	4674	Element	59
DividedPathMeasurementType	Autodesk.Revit.DB	Autodesk/Revit/DB/__init__.py	4675	4679		0
DividedSurface	Autodesk.Revit.DB	Autodesk/Revit/DB/__init__.py	4680	4743	Element	56
DivisionDirection	Autodesk.Aec.DatabaseServices	Autodesk/Aec/DatabaseServices.py	2984	2988		0
DllNotFoundException	System	System/__init__.py	24909	24952	TypeLoadException, ISerializable, _Exception	0
DockPanePlugin	Autodesk.Navisworks.Api.Plugins	Autodesk/Navisworks/Api/Plugins.py	214	232	Plugin	15
DockPanePluginAttribute	Autodesk.Navisworks.Api.Plugins	Autodesk/Navisworks/Api/Plugins.py	233	243	Attribute	7
DockPanePluginRecord	Autodesk.Navisworks.Api.Plugins	Autodesk/Navisworks/Api/Plugins.py	244	271	PluginRecord	24
DockPosition	Autodesk.Revit.UI	Autodesk/Revit/UI/__init__.py	110	114		0
DockSides	Autodesk.AutoCAD.Windows	Autodesk/AutoCAD/Windows/__init__.py	24	28		0
DockStyle	System.Windows.Forms	System/Windows/Forms/__init__.py	108494	108543	Enum, IComparable, IFormattable, IConvertible	0
DockableFrameFocusChangedEventArgs	Autodesk.Revit.UI.Events	Autodesk/Revit/UI/Events.py	77	84	RevitAPISingleEventArgs	4
DockableFrameVisibilityChangedEventArgs	Autodesk.Revit.UI.Events	Autodesk/Revit/UI/Events.py	85	92	RevitAPISingleEventArgs	4
DockablePane	Autodesk.Revit.UI	Autodesk/Revit/UI/__init__.py	115	132		11
DockablePaneId	Autodesk.Revit.UI	Autodesk/Revit/UI/__init__.py	133	137	GuidEnum	1
DockablePaneProviderData	Autodesk.Revit.UI	Autodesk/Revit/UI/__init__.py	138	148		7
DockablePaneState	Autodesk.Revit.UI	Autodesk/Revit/UI/__init__.py	149	160		8
DockablePanes	Autodesk.Revit.UI	Autodesk/Revit/UI/__init__.py	161	165		0
DockingAttribute	System.Windows.Forms	System/Windows/Forms/__init__.py	108362	108446	Attribute, _Attribute	0
DockingBehavior	System.Windows.Forms	System/Windows/Forms/__init__.py	108447	108493	Enum, IComparable, IFormattable, IConvertible	0
Document	Autodesk.AutoCAD.ApplicationServices	Autodesk/AutoCAD/ApplicationServices/__init__.py	164	194	DisposableWrapper	26
Document	Autodesk.Navisworks.Api	Autodesk/Navisworks/Api/__init__.py	383	483		97
Document	Autodesk.Revit.Creation	Autodesk/Revit/Creation.py	51	91	ItemFactoryBase	37
Document	Autodesk.Revit.DB	Autodesk/Revit/DB/__init__.py	4744	4863		114
DocumentActivationChangedEventArgs	Autodesk.AutoCAD.ApplicationServices	Autodesk/AutoCAD/ApplicationServices/__init__.py	195	199	EventArgs	1
DocumentActivationChangedEventHandler	Autodesk.AutoCAD.ApplicationServices	Autodesk/AutoCAD/ApplicationServices/__init__.py	200	208		5
DocumentAlignments	Autodesk.Navisworks.Api.DocumentParts	Autodesk/Navisworks/Api/DocumentParts.py	3	10		4
DocumentBeginCloseEventArgs	Autodesk.AutoCAD.ApplicationServices	Autodesk/AutoCAD/ApplicationServices/__init__.py	209	213	EventArgs	1
DocumentBeginCloseEventHandler	Autodesk.AutoCAD.ApplicationServices	Autodesk/AutoCAD/ApplicationServices/__init__.py	214	222		5
DocumentChangedEventArgs	Autodesk.Revit.DB.Events	Autodesk/Revit/DB/Events.py	41	52	RevitAPISingleEventArgs	8
DocumentClash	Autodesk.Navisworks.Api.Clash	Autodesk/Navisworks/Api/Clash.py	224	233		4
DocumentClashTests	Autodesk.Navisworks.Api.Clash	Autodesk/Navisworks/Api/Clash.py	234	275		38
DocumentClashTestsExceptions	Autodesk.Navisworks.Api.Interop	Autodesk/Navisworks/Api/Interop/__init__.py	52	64		8
DocumentClosedEventArgs	Autodesk.AutoCAD.ApplicationServices	Autodesk/AutoCAD/ApplicationServices/__init__.py	223	227	EventArgs	1
DocumentClosedEventArgs	Autodesk.Revit.DB.Events	Autodesk/Revit/DB/Events.py	53	60	RevitAPIPostEventArgs	4
DocumentClosedEventHandler	Autodesk.AutoCAD.ApplicationServices	Autodesk/AutoCAD/ApplicationServices/__init__.py	228	236		5
DocumentClosingEventArgs	Autodesk.Revit.DB.Events	Autodesk/Revit/DB/Events.py	61	68	RevitAPIPreDocEventArgs	4
DocumentCollection	Autodesk.AutoCAD.ApplicationServices	Autodesk/AutoCAD/ApplicationServices/__init__.py	237	255	MarshalByRefObject	15
DocumentCollectionEventArgs	Autodesk.AutoCAD.ApplicationServices	Autodesk/AutoCAD/ApplicationServices/__init__.py	256	260	EventArgs	1
DocumentCollectionEventHandler	Autodesk.AutoCAD.ApplicationServices	Autodesk/AutoCAD/ApplicationServices/__init__.py	261	269		5
DocumentCollectionExtension	Autodesk.AutoCAD.ApplicationServices	Autodesk/AutoCAD/ApplicationServices/__init__.py	270	279		3
DocumentCreatedEventArgs	Autodesk.Revit.DB.Events	Autodesk/Revit/DB/Events.py	69	76	RevitAPIPostDocEventArgs	4
DocumentCreatingEventArgs	Autodesk.Revit.DB.Events	Autodesk/Revit/DB/Events.py	77	84	RevitAPIPreEventArgs	4
DocumentCurrentComments	Autodesk.Navisworks.Api.DocumentParts	Autodesk/Navisworks/Api/DocumentParts.py	11	17		3
DocumentCurrentMeasurement	Autodesk.Navisworks.Api.DocumentParts	Autodesk/Navisworks/Api/DocumentParts.py	18	34		13
DocumentCurrentSearch	Autodesk.Navisworks.Api.DocumentParts	Autodesk/Navisworks/Api/DocumentParts.py	35	44		6
DocumentCurrentSelection	Autodesk.Navisworks.Api.DocumentParts	Autodesk/Navisworks/Api/DocumentParts.py	45	59		11
DocumentCurrentViewpoint	Autodesk.Navisworks.Api.DocumentParts	Autodesk/Navisworks/Api/DocumentParts.py	60	67		4
DocumentDatabase	Autodesk.Navisworks.Api.DocumentParts	Autodesk/Navisworks/Api/DocumentParts.py	68	77		6
DocumentDestroyedEventArgs	Autodesk.AutoCAD.ApplicationServices	Autodesk/AutoCAD/ApplicationServices/__init__.py	280	284	EventArgs	1
DocumentDestroyedEventHandler	Autodesk.AutoCAD.ApplicationServices	Autodesk/AutoCAD/ApplicationServices/__init__.py	285	293		5
DocumentDifference	Autodesk.Revit.DB	Autodesk/Revit/DB/__init__.py	4864	4873		6
DocumentEventArgs	Autodesk.Navisworks.Api	Autodesk/Navisworks/Api/__init__.py	484	488	EventArgs	1
DocumentExtension	Autodesk.AutoCAD.ApplicationServices	Autodesk/AutoCAD/ApplicationServices/__init__.py	294	311		7
DocumentExtensions	Autodesk.Navisworks.Api.Clash	Autodesk/Navisworks/Api/Clash.py	276	281		1
DocumentFileException	Autodesk.Navisworks.Api	Autodesk/Navisworks/Api/__init__.py	489	500	IOException	8
DocumentFileVersion	Autodesk.Navisworks.Api	Autodesk/Navisworks/Api/__init__.py	501	505		0
DocumentGrids	Autodesk.Navisworks.Api.DocumentParts	Autodesk/Navisworks/Api/DocumentParts.py	78	85		4
DocumentHyperlinks	Autodesk.Navisworks.Api.DocumentParts	Autodesk/Navisworks/Api/DocumentParts.py	86	94		5
DocumentInfo	Autodesk.Navisworks.Api	Autodesk/Navisworks/Api/__init__.py	506	528	GroupItem	17
DocumentInfoPart	Autodesk.Navisworks.Api.DocumentParts	Autodesk/Navisworks/Api/DocumentParts.py	95	110		12
DocumentInfoParts	Autodesk.Navisworks.Api	Autodesk/Navisworks/Api/__init__.py	529	533		0
DocumentLock	Autodesk.AutoCAD.ApplicationServices	Autodesk/AutoCAD/ApplicationServices/__init__.py	312	316		1
DocumentLockMode	Autodesk.AutoCAD.ApplicationServices	Autodesk/AutoCAD/ApplicationServices/__init__.py	317	321		0
DocumentLockModeChangeVetoedEventArgs	Autodesk.AutoCAD.ApplicationServices	Autodesk/AutoCAD/ApplicationServices/__init__.py	322	327	EventArgs	2
DocumentLockModeChangeVetoedEventHandler	Autodesk.AutoCAD.ApplicationServices	Autodesk/AutoCAD/ApplicationServices/__init__.py	328	336		5
DocumentLockModeChangedEventArgs	Autodesk.AutoCAD.ApplicationServices	Autodesk/AutoCAD/ApplicationServices/__init__.py	337	346	EventArgs	6
DocumentLockModeChangedEventHandler	Autodesk.AutoCAD.ApplicationServices	Autodesk/AutoCAD/ApplicationServices/__init__.py	347	355		5
DocumentLockModeWillChangeEventArgs	Autodesk.AutoCAD.ApplicationServices	Autodesk/AutoCAD/ApplicationServices/__init__.py	356	364	EventArgs	5
DocumentLockModeWillChangeEventHandler	Autodesk.AutoCAD.ApplicationServices	Autodesk/AutoCAD/ApplicationServices/__init__.py	365	373		5
DocumentModels	Autodesk.Navisworks.Api.DocumentParts	Autodesk/Navisworks/Api/DocumentParts.py	111	163		49
DocumentOpenedEventArgs	Autodesk.Revit.DB.Events	Autodesk/Revit/DB/Events.py	85	92	RevitAPIPostDocEventArgs	4
DocumentOpeningEventArgs	Autodesk.Revit.DB.Events	Autodesk/Revit/DB/Events.py	93	100	RevitAPIPreEventArgs	4
DocumentPinStateChangedEventArgs	Autodesk.AutoCAD.ApplicationServices	Autodesk/AutoCAD/ApplicationServices/__init__.py	374	378	EventArgs	1
DocumentPinStateChangedEventHandler	Autodesk.AutoCAD.ApplicationServices	Autodesk/AutoCAD/ApplicationServices/__init__.py	379	387		5
DocumentPreviewSettings	Autodesk.Revit.DB	Autodesk/Revit/DB/__init__.py	4874	4883		6
DocumentPrintedEventArgs	Autodesk.Revit.DB.Events	Autodesk/Revit/DB/Events.py	101	110	RevitAPIPostDocEventArgs	6
DocumentPrintingEventArgs	Autodesk.Revit.DB.Events	Autodesk/Revit/DB/Events.py	111	119	RevitAPIPreDocEventArgs	5
DocumentReloadLatestProgressChangedEventArgs	Autodesk.Revit.DB.Events	Autodesk/Revit/DB/Events.py	120	134	DataTransferProgressChangedEventArgs	11
DocumentReloadedLatestEventArgs	Autodesk.Revit.DB.Events	Autodesk/Revit/DB/Events.py	135	143	RevitAPIPostDocEventArgs	5
DocumentReloadingLatestEventArgs	Autodesk.Revit.DB.Events	Autodesk/Revit/DB/Events.py	144	150	RevitAPIPreDocEventArgs	3
DocumentSaveFormat	Autodesk.AutoCAD.ApplicationServices	Autodesk/AutoCAD/ApplicationServices/__init__.py	388	392		0
DocumentSaveToCentralProgressChangedEventArgs	Autodesk.Revit.DB.Events	Autodesk/Revit/DB/Events.py	151	165	DataTransferProgressChangedEventArgs	11
DocumentSaveToLocalProgressChangedEventArgs	Autodesk.Revit.DB.Events	Autodesk/Revit/DB/Events.py	166	177	WorksharedOperationProgressChangedEventArgs	8
DocumentSavedAsEventArgs	Autodesk.Revit.DB.Events	Autodesk/Revit/DB/Events.py	178	187	RevitAPIPostDocEventArgs	6
DocumentSavedEventArgs	Autodesk.Revit.DB.Events	Autodesk/Revit/DB/Events.py	188	195	RevitAPIPostDocEventArgs	4
DocumentSavedViewpoints	Autodesk.Navisworks.Api.DocumentParts	Autodesk/Navisworks/Api/DocumentParts.py	164	191		24
DocumentSavingAsEventArgs	Autodesk.Revit.DB.Events	Autodesk/Revit/DB/Events.py	196	204	RevitAPIPreDocEventArgs	5
DocumentSavingEventArgs	Autodesk.Revit.DB.Events	Autodesk/Revit/DB/Events.py	205	211	RevitAPIPreDocEventArgs	3
DocumentSelectionSets	Autodesk.Navisworks.Api.DocumentParts	Autodesk/Navisworks/Api/DocumentParts.py	192	218		23
DocumentSet	Autodesk.Revit.DB	Autodesk/Revit/DB/__init__.py	4884	4897	APIObject	10
DocumentSetIterator	Autodesk.Revit.DB	Autodesk/Revit/DB/__init__.py	4898	4905	APIObject	4
DocumentSynchronizedWithCentralEventArgs	Autodesk.Revit.DB.Events	Autodesk/Revit/DB/Events.py	212	219	RevitAPIPostDocEventArgs	4
DocumentSynchronizingWithCentralEventArgs	Autodesk.Revit.DB.Events	Autodesk/Revit/DB/Events.py	220	229	RevitAPIPreDocEventArgs	6
DocumentTool	Autodesk.Navisworks.Api.DocumentParts	Autodesk/Navisworks/Api/DocumentParts.py	219	227		5
DocumentType	Autodesk.Revit.DB	Autodesk/Revit/DB/__init__.py	4906	4910		0
DocumentValidation	Autodesk.Revit.DB	Autodesk/Revit/DB/__init__.py	4911	4916		1
DocumentVersion	Autodesk.Revit.DB	Autodesk/Revit/DB/__init__.py	4917	4925		5
DocumentWindow	Autodesk.AutoCAD.Windows	Autodesk/AutoCAD/Windows/__init__.py	29	49	Window	17
DocumentWindowActivatedEventArgs	Autodesk.AutoCAD.ApplicationServices	Autodesk/AutoCAD/ApplicationServices/__init__.py	393	397	EventArgs	1
DocumentWindowActivatedEventHandler	Autodesk.AutoCAD.ApplicationServices	Autodesk/AutoCAD/ApplicationServices/__init__.py	398	406		5
DocumentWindowCollection	Autodesk.AutoCAD.ApplicationServices	Autodesk/AutoCAD/ApplicationServices/__init__.py	407	424		14
DocumentWindowDockedEventArgs	Autodesk.AutoCAD.ApplicationServices	Autodesk/AutoCAD/ApplicationServices/__init__.py	425	429	DocumentWindowFloatedOrDockedEventArgs	1
DocumentWindowDockedEventHandler	Autodesk.AutoCAD.ApplicationServices	Autodesk/AutoCAD/ApplicationServices/__init__.py	430	438		5
DocumentWindowFloatedEventArgs	Autodesk.AutoCAD.ApplicationServices	Autodesk/AutoCAD/ApplicationServices/__init__.py	439	443	DocumentWindowFloatedOrDockedEventArgs	1
DocumentWindowFloatedEventHandler	Autodesk.AutoCAD.ApplicationServices	Autodesk/AutoCAD/ApplicationServices/__init__.py	444	452		5
DocumentWindowFloatedOrDockedEventArgs	Autodesk.AutoCAD.ApplicationServices	Autodesk/AutoCAD/ApplicationServices/__init__.py	453	457	EventArgs	1
DocumentWindowLoadedEventHandler	Autodesk.AutoCAD.Windows	Autodesk/AutoCAD/Windows/__init__.py	50	58		5
DocumentWindowToBeDockedEventArgs	Autodesk.AutoCAD.ApplicationServices	Autodesk/AutoCAD/ApplicationServices/__init__.py	458	462	DocumentWindowFloatedOrDockedEventArgs	1
DocumentWindowToBeDockedEventHandler	Autodesk.AutoCAD.ApplicationServices	Autodesk/AutoCAD/ApplicationServices/__init__.py	463	471		5
DocumentWindowUpdatedEventHandler	Autodesk.AutoCAD.Windows	Autodesk/AutoCAD/Windows/__init__.py	59	67		5
DocumentWindowUtil	Autodesk.AutoCAD.Internal	Autodesk/AutoCAD/Internal/__init__.py	981	988		2
DocumentWorksharingEnabledEventArgs	Autodesk.Revit.DB.Events	Autodesk/Revit/DB/Events.py	230	236	RevitAPISingleEventArgs	3
Domain	Autodesk.Revit.DB	Autodesk/Revit/DB/__init__.py	4926	4930		0
DomainType	Autodesk.Civil.DatabaseServices	Autodesk/Civil/DatabaseServices/__init__.py	6698	6702		0
DomainUpDown	System.Windows.Forms	System/Windows/Forms/__init__.py	111139	113552	UpDownBase, IComponent, IDisposable, IOleControl, IOleObject, IOleInPlaceObject, IOleInPlaceActiveObject, IOleWindow, IViewObject, IViewObject2, IPersist, IPersistStreamInit, IPersistPropertyBag, IPersistStorage, IQuickActivate, ISupportOleDropSource, IDropTarget, ISynchronizeInvoke, IWin32Window, IArrangedElement, IBindableComponent, IContainerControl	0
DoorEvacuationExitType	Autodesk.Revit.DB	Autodesk/Revit/DB/__init__.py	4931	4935		0
Double	System	System/__init__.py	24953	25128	object	0
DoubleArray	Autodesk.Revit.DB	Autodesk/Revit/DB/__init__.py	4936	4949	APIObject	10
DoubleArrayIterator	Autodesk.Revit.DB	Autodesk/Revit/DB/__init__.py	4950	4957	APIObject	4
DoubleClickAction	Autodesk.Revit.UI	Autodesk/Revit/UI/__init__.py	166	170		0
DoubleClickOptions	Autodesk.Revit.UI	Autodesk/Revit/UI/__init__.py	171	181		6
DoubleClickTarget	Autodesk.Revit.UI	Autodesk/Revit/UI/__init__.py	182	186		0
DoubleCollection	Autodesk.AutoCAD.Geometry	Autodesk/AutoCAD/Geometry.py	564	586		19
DoubleCollectionEnumerator	Autodesk.AutoCAD.Geometry	Autodesk/AutoCAD/Geometry.py	587	593		3
DoubleField	Autodesk.Navisworks.Api.Schema	Autodesk/Navisworks/Api/Schema.py	55	71	SimpleField	11
DoubleParameterValue	Autodesk.Revit.DB	Autodesk/Revit/DB/__init__.py	4958	4963	ParameterValue	2
DoubleToStringConverter	Autodesk.AutoCAD.Windows.Data	Autodesk/AutoCAD/Windows/Data/__init__.py	467	473		3
DpiChangedEventArgs	System.Windows.Forms	System/Windows/Forms/__init__.py	113553	113581	CancelEventArgs	0
DpiChangedEventHandler	System.Windows.Forms	System/Windows/Forms/__init__.py	113582	113680	MulticastDelegate, ICloneable, ISerializable	0
DragAction	System.Windows.Forms	System/Windows/Forms/__init__.py	113681	113727	Enum, IComparable, IFormattable, IConvertible	0
DragCallback	Autodesk.AutoCAD.EditorInput	Autodesk/AutoCAD/EditorInput.py	159	167		5
DragCursor	Autodesk.AutoCAD.EditorInput	Autodesk/AutoCAD/EditorInput.py	168	172		0
DragDropEffects	System.Windows.Forms	System/Windows/Forms/__init__.py	113728	113777	Enum, IComparable, IFormattable, IConvertible	0
DragEventArgs	System.Windows.Forms	System/Windows/Forms/__init__.py	113778	113860	EventArgs	0
DragEventHandler	System.Windows.Forms	System/Windows/Forms/__init__.py	113861	113965	MulticastDelegate, ICloneable, ISerializable	0
DragHandler	Autodesk.AutoCAD.Windows.ToolPalette	Autodesk/AutoCAD/Windows/ToolPalette.py	80	88		5
DragStatus	Autodesk.AutoCAD.DatabaseServices	Autodesk/AutoCAD/DatabaseServices/__init__.py	7419	7423		0
DraggingEndedEventArgs	Autodesk.AutoCAD.EditorInput	Autodesk/AutoCAD/EditorInput.py	173	179	EventArgs	3
DraggingEndedEventHandler	Autodesk.AutoCAD.EditorInput	Autodesk/AutoCAD/EditorInput.py	180	188		5
DraggingEventArgs	Autodesk.AutoCAD.EditorInput	Autodesk/AutoCAD/EditorInput.py	189	193	EventArgs	1
DraggingEventHandler	Autodesk.AutoCAD.EditorInput	Autodesk/AutoCAD/EditorInput.py	194	202		5
DrawContext	Autodesk.Revit.DB.DirectContext3D	Autodesk/Revit/DB/DirectContext3D.py	67	92		11
DrawFlags	Autodesk.AutoCAD.GraphicsInterface	Autodesk/AutoCAD/GraphicsInterface.py	161	165		0
DrawItemEventArgs	System.Windows.Forms	System/Windows/Forms/__init__.py	113966	114083	EventArgs	0
DrawItemEventHandler	System.Windows.Forms	System/Windows/Forms/__init__.py	114084	114188	MulticastDelegate, ICloneable, ISerializable	0
DrawItemState	System.Windows.Forms	System/Windows/Forms/__init__.py	114189	114244	Enum, IComparable, IFormattable, IConvertible	0
DrawJig	Autodesk.AutoCAD.EditorInput	Autodesk/AutoCAD/EditorInput.py	203	207	Jig	0
DrawLayer	Autodesk.Revit.DB	Autodesk/Revit/DB/__init__.py	4964	4968		0
DrawLeaderOrderType	Autodesk.AutoCAD.DatabaseServices	Autodesk/AutoCAD/DatabaseServices/__init__.py	7424	7428		0
DrawListViewColumnHeaderEventArgs	System.Windows.Forms	System/Windows/Forms/__init__.py	114245	114388	EventArgs	0
DrawListViewColumnHeaderEventHandler	System.Windows.Forms	System/Windows/Forms/__init__.py	114389	114493	MulticastDelegate, ICloneable, ISerializable	0
DrawListViewItemEventArgs	System.Windows.Forms	System/Windows/Forms/__init__.py	114494	114616	EventArgs	0
DrawListViewItemEventHandler	System.Windows.Forms	System/Windows/Forms/__init__.py	114617	114721	MulticastDelegate, ICloneable, ISerializable	0
DrawListViewSubItemEventArgs	System.Windows.Forms	System/Windows/Forms/__init__.py	114722	114891	EventArgs	0
DrawListViewSubItemEventHandler	System.Windows.Forms	System/Windows/Forms/__init__.py	114892	114996	MulticastDelegate, ICloneable, ISerializable	0
DrawMLeaderOrderType	Autodesk.AutoCAD.DatabaseServices	Autodesk/AutoCAD/DatabaseServices/__init__.py	7429	7433		0
DrawMode	System.Windows.Forms	System/Windows/Forms/__init__.py	114997	115043	Enum, IComparable, IFormattable, IConvertible	0
DrawOrderTable	Autodesk.AutoCAD.DatabaseServices	Autodesk/AutoCAD/DatabaseServices/__init__.py	7434	7488	DBObject	51
DrawStream	Autodesk.AutoCAD.GraphicsInterface	Autodesk/AutoCAD/GraphicsInterface.py	166	179	Drawable	10
DrawToolTipEventArgs	System.Windows.Forms	System/Windows/Forms/__init__.py	115044	115164	EventArgs	0
DrawToolTipEventHandler	System.Windows.Forms	System/Windows/Forms/__init__.py	115165	115269	MulticastDelegate, ICloneable, ISerializable	0
DrawTreeNodeEventArgs	System.Windows.Forms	System/Windows/Forms/__init__.py	115270	115341	EventArgs	0
DrawTreeNodeEventHandler	System.Windows.Forms	System/Windows/Forms/__init__.py	115342	115446	MulticastDelegate, ICloneable, ISerializable	0
Drawable	Autodesk.AutoCAD.GraphicsInterface	Autodesk/AutoCAD/GraphicsInterface.py	180	195	RXObject	12
DrawableAttributes	Autodesk.AutoCAD.GraphicsInterface	Autodesk/AutoCAD/GraphicsInterface.py	196	200		0
DrawableOverrule	Autodesk.AutoCAD.GraphicsInterface	Autodesk/AutoCAD/GraphicsInterface.py	201	216	Overrule	12
DrawableTraits	Autodesk.AutoCAD.GraphicsInterface	Autodesk/AutoCAD/GraphicsInterface.py	217	247	SubEntityTraits	27
DrawableType	Autodesk.AutoCAD.GraphicsInterface	Autodesk/AutoCAD/GraphicsInterface.py	248	252		0
DrawingCompare	Autodesk.AutoCAD.DatabaseServices.Internal	Autodesk/AutoCAD/DatabaseServices/Internal.py	16	21		2
DrawingDocumentWindow	Autodesk.AutoCAD.Windows	Autodesk/AutoCAD/Windows/__init__.py	68	87	DocumentWindow	16
DrawingOpenEventArgs	Autodesk.AutoCAD.ApplicationServices	Autodesk/AutoCAD/ApplicationServices/__init__.py	472	477	EventArgs	2
DrawingOpenEventHandler	Autodesk.AutoCAD.ApplicationServices	Autodesk/AutoCAD/ApplicationServices/__init__.py	478	486		5
DrawingSetupVariables	Autodesk.Aec.ApplicationServices	Autodesk/Aec/ApplicationServices.py	102	214	DBVariables	108
DrawingUnitType	Autodesk.Civil.Settings	Autodesk/Civil/Settings.py	33	37		0
DriverInfo	Autodesk.AutoCAD.GraphicsSystem	Autodesk/AutoCAD/GraphicsSystem.py	128	134		3
DrivingDirectionType	Autodesk.Civil	Autodesk/Civil/__init__.py	519	523		0
DropDecimalWholeType	Autodesk.Civil	Autodesk/Civil/__init__.py	524	528		0
DropLeadingZeroType	Autodesk.Civil	Autodesk/Civil/__init__.py	529	533		0
DropPointHandler	Autodesk.AutoCAD.Windows.ToolPalette	Autodesk/AutoCAD/Windows/ToolPalette.py	89	97		5
DropTarget	Autodesk.AutoCAD.Windows	Autodesk/AutoCAD/Windows/__init__.py	88	95		4
DsdData	Autodesk.AutoCAD.PlottingServices	Autodesk/AutoCAD/PlottingServices.py	67	98	RXObject	28
DsdEntry	Autodesk.AutoCAD.PlottingServices	Autodesk/AutoCAD/PlottingServices.py	99	113	RXObject	11
DsdEntryCollection	Autodesk.AutoCAD.PlottingServices	Autodesk/AutoCAD/PlottingServices.py	114	128	DisposableWrapper	11
Duct	Autodesk.Revit.DB.Mechanical	Autodesk/Revit/DB/Mechanical.py	52	100	MEPCurve	41
DuctFittingAndAccessoryConnectorData	Autodesk.Revit.DB.Mechanical	Autodesk/Revit/DB/Mechanical.py	101	117		13
DuctFittingAndAccessoryData	Autodesk.Revit.DB.Mechanical	Autodesk/Revit/DB/Mechanical.py	118	132		11
DuctFittingAndAccessoryPressureDropData	Autodesk.Revit.DB.Mechanical	Autodesk/Revit/DB/Mechanical.py	133	143		7
DuctFittingAndAccessoryPressureDropItem	Autodesk.Revit.DB.Mechanical	Autodesk/Revit/DB/Mechanical.py	144	153		6
DuctFittingAndAccessoryPressureDropUIData	Autodesk.Revit.UI.Mechanical	Autodesk/Revit/UI/Mechanical.py	3	10		4
DuctFittingAndAccessoryPressureDropUIDataItem	Autodesk.Revit.UI.Mechanical	Autodesk/Revit/UI/Mechanical.py	11	19		5
DuctFlowConfigurationType	Autodesk.Revit.DB.Mechanical	Autodesk/Revit/DB/Mechanical.py	154	158		0
DuctInsulation	Autodesk.Revit.DB.Mechanical	Autodesk/Revit/DB/Mechanical.py	159	200	InsulationLiningBase	37
DuctInsulationType	Autodesk.Revit.DB.Mechanical	Autodesk/Revit/DB/Mechanical.py	201	235	ElementType	31
DuctLining	Autodesk.Revit.DB.Mechanical	Autodesk/Revit/DB/Mechanical.py	236	277	InsulationLiningBase	37
DuctLiningType	Autodesk.Revit.DB.Mechanical	Autodesk/Revit/DB/Mechanical.py	278	314	ElementType	33
DuctLossMethodType	Autodesk.Revit.DB.Mechanical	Autodesk/Revit/DB/Mechanical.py	315	319		0
DuctPressureDropData	Autodesk.Revit.DB.Mechanical	Autodesk/Revit/DB/Mechanical.py	320	342		19
DuctSettings	Autodesk.Revit.DB.Mechanical	Autodesk/Revit/DB/Mechanical.py	343	404	Element	56
DuctShape	Autodesk.Revit.DB.Mechanical	Autodesk/Revit/DB/Mechanical.py	405	409		0
DuctSizeIterator	Autodesk.Revit.DB.Mechanical	Autodesk/Revit/DB/Mechanical.py	410	421		8
DuctSizeSettingIterator	Autodesk.Revit.DB.Mechanical	Autodesk/Revit/DB/Mechanical.py	422	432		7
DuctSizeSettings	Autodesk.Revit.DB.Mechanical	Autodesk/Revit/DB/Mechanical.py	433	471	Element	34
DuctSizes	Autodesk.Revit.DB.Mechanical	Autodesk/Revit/DB/Mechanical.py	472	481		6
DuctSystemType	Autodesk.Revit.DB.Mechanical	Autodesk/Revit/DB/Mechanical.py	482	486		0
DuctType	Autodesk.Revit.DB.Mechanical	Autodesk/Revit/DB/Mechanical.py	487	532	MEPCurveType	42
Duplex	System.Drawing.Printing	System/Drawing/Printing.py	11	58	Enum, IComparable, IFormattable, IConvertible	0
DuplicateRecordCloning	Autodesk.AutoCAD.DatabaseServices	Autodesk/AutoCAD/DatabaseServices/__init__.py	7489	7493		0
DuplicateTypeAction	Autodesk.Revit.DB	Autodesk/Revit/DB/__init__.py	4969	4973		0
DuplicateTypeNamesHandlerArgs	Autodesk.Revit.DB	Autodesk/Revit/DB/__init__.py	4974	4981		4
DuplicateWaitObjectException	System	System/__init__.py	25129	25176	ArgumentException, ISerializable, _Exception	0
Dwf3dNavigationTreeNode	Autodesk.AutoCAD.Publishing	Autodesk/AutoCAD/Publishing.py	117	129	RXObject	9
Dwf3dNavigationTreeNodeCollection	Autodesk.AutoCAD.Publishing	Autodesk/AutoCAD/Publishing.py	130	137		4
Dwf3dOptions	Autodesk.AutoCAD.PlottingServices	Autodesk/AutoCAD/PlottingServices.py	129	134		2
DwfDefinition	Autodesk.AutoCAD.DatabaseServices	Autodesk/AutoCAD/DatabaseServices/__init__.py	7494	7543	UnderlayDefinition	46
DwfNode	Autodesk.AutoCAD.Publishing	Autodesk/AutoCAD/Publishing.py	138	143		2
DwfReference	Autodesk.AutoCAD.DatabaseServices	Autodesk/AutoCAD/DatabaseServices/__init__.py	7544	7637	UnderlayReference	90
DwgFiler	Autodesk.AutoCAD.DatabaseServices	Autodesk/AutoCAD/DatabaseServices/__init__.py	7638	7697	RXObject	56
DwgVersion	Autodesk.AutoCAD.DatabaseServices	Autodesk/AutoCAD/DatabaseServices/__init__.py	7698	7702		0
DxLegacyBinaryTemplate	Autodesk.AutoCAD.Internal	Autodesk/AutoCAD/Internal/__init__.py	989	995		3
DxfCode	Autodesk.AutoCAD.DatabaseServices	Autodesk/AutoCAD/DatabaseServices/__init__.py	7703	7707		0
DxfFiler	Autodesk.AutoCAD.DatabaseServices	Autodesk/AutoCAD/DatabaseServices/__init__.py	7708	7758	RXObject	47
DynamicBlockReferenceProperty	Autodesk.AutoCAD.DatabaseServices	Autodesk/AutoCAD/DatabaseServices/__init__.py	7759	7772		10
DynamicBlockReferencePropertyCollection	Autodesk.AutoCAD.DatabaseServices	Autodesk/AutoCAD/DatabaseServices/__init__.py	7773	7783	DisposableWrapper	7
DynamicBlockReferencePropertyCollectionEnumerator	Autodesk.AutoCAD.DatabaseServices	Autodesk/AutoCAD/DatabaseServices/__init__.py	7784	7790		3
DynamicBlockReferencePropertyUnitsType	Autodesk.AutoCAD.DatabaseServices	Autodesk/AutoCAD/DatabaseServices/__init__.py	7791	7795		0
DynamicDimensionChangedEventArgs	Autodesk.AutoCAD.DatabaseServices	Autodesk/AutoCAD/DatabaseServices/__init__.py	7796	7801	EventArgs	2
DynamicDimensionData	Autodesk.AutoCAD.DatabaseServices	Autodesk/AutoCAD/DatabaseServices/__init__.py	7802	7816	DisposableWrapper	10
DynamicDimensionDataCollection	Autodesk.AutoCAD.DatabaseServices	Autodesk/AutoCAD/DatabaseServices/__init__.py	7817	7830	DisposableWrapper	10
DynamicLinker	Autodesk.AutoCAD.Runtime	Autodesk/AutoCAD/Runtime.py	102	119	RXObject	14
DynamicLinkerEventArgs	Autodesk.AutoCAD.Runtime	Autodesk/AutoCAD/Runtime.py	120	124	EventArgs	1
EPlotAttribute	Autodesk.AutoCAD.Publishing	Autodesk/AutoCAD/Publishing.py	144	151		4
EPlotAttributeCollection	Autodesk.AutoCAD.Publishing	Autodesk/AutoCAD/Publishing.py	152	163		8
EPlotProperty	Autodesk.AutoCAD.Publishing	Autodesk/AutoCAD/Publishing.py	164	175		8
EPlotPropertyBag	Autodesk.AutoCAD.Publishing	Autodesk/AutoCAD/Publishing.py	176	184		5
EPlotPropertyCollection	Autodesk.AutoCAD.Publishing	Autodesk/AutoCAD/Publishing.py	185	196		8
EPlotResource	Autodesk.AutoCAD.Publishing	Autodesk/AutoCAD/Publishing.py	197	203		3
EaveCutterType	Autodesk.Revit.DB	Autodesk/Revit/DB/__init__.py	4982	4986		0
Edge	Autodesk.Aec.Modeler	Autodesk/Aec/Modeler.py	248	300	Entity	49
Edge	Autodesk.Revit.DB	Autodesk/Revit/DB/__init__.py	4987	5008	GeometryObject	18
EdgeArray	Autodesk.Revit.DB	Autodesk/Revit/DB/__init__.py	5009	5022	APIObject	10
EdgeArrayArray	Autodesk.Revit.DB	Autodesk/Revit/DB/__init__.py	5023	5036	APIObject	10
EdgeArrayArrayIterator	Autodesk.Revit.DB	Autodesk/Revit/DB/__init__.py	5037	5044	APIObject	4
EdgeArrayIterator	Autodesk.Revit.DB	Autodesk/Revit/DB/__init__.py	5045	5052	APIObject	4
EdgeCollection	Autodesk.Aec.Modeler	Autodesk/Aec/Modeler.py	301	315		11
EdgeData	Autodesk.AutoCAD.GraphicsInterface	Autodesk/AutoCAD/GraphicsInterface.py	253	268		12
EdgeEffects	System.Windows.Forms.VisualStyles	System/Windows/Forms/VisualStyles.py	380	428	Enum, IComparable, IFormattable, IConvertible	0
EdgeEndPoint	Autodesk.Revit.DB	Autodesk/Revit/DB/__init__.py	5053	5062		6
EdgeRef	Autodesk.AutoCAD.DatabaseServices	Autodesk/AutoCAD/DatabaseServices/__init__.py	7831	7843	SubentRef	9
EdgeStyle	System.Windows.Forms.VisualStyles	System/Windows/Forms/VisualStyles.py	478	525	Enum, IComparable, IFormattable, IConvertible	0
Edges	System.Windows.Forms.VisualStyles	System/Windows/Forms/VisualStyles.py	429	477	Enum, IComparable, IFormattable, IConvertible	0
EditAccessor	Autodesk.Navisworks.Api.Schema	Autodesk/Navisworks/Api/Schema.py	72	81	ReadAccessor	4
EditInPlaceProfile	Autodesk.Aec.DatabaseServices	Autodesk/Aec/DatabaseServices.py	2989	3115	Geo	123
EditModeType	Autodesk.Revit.DB	Autodesk/Revit/DB/__init__.py	5063	5067		0
EditScope	Autodesk.Revit.DB	Autodesk/Revit/DB/__init__.py	5068	5077		6
EditState	Autodesk.Aec.DatabaseServices	Autodesk/Aec/DatabaseServices.py	3116	3124	RXObject	5
EditStateManager	Autodesk.Aec.DatabaseServices	Autodesk/Aec/DatabaseServices.py	3125	3137	RXObject	8
EditingConstraint	Autodesk.Aec.DatabaseServices	Autodesk/Aec/DatabaseServices.py	3138	3142		0
EditingContext	Autodesk.Aec.DatabaseServices	Autodesk/Aec/DatabaseServices.py	3143	3147		0
Editor	Autodesk.AutoCAD.EditorInput	Autodesk/AutoCAD/EditorInput.py	208	273	MarshalByRefObject	62
EditorExtension	Autodesk.AutoCAD.EditorInput	Autodesk/AutoCAD/EditorInput.py	274	285		4
EditorInteraction	Autodesk.Revit.UI	Autodesk/Revit/UI/__init__.py	187	191		1
EditorInteractionType	Autodesk.Revit.UI	Autodesk/Revit/UI/__init__.py	192	196		0
EditorUserInteraction	Autodesk.AutoCAD.EditorInput	Autodesk/AutoCAD/EditorInput.py	286	291		2
EditorVisualStyle	Autodesk.AutoCAD.EditorInput	Autodesk/AutoCAD/EditorInput.py	292	299		3
EffectInstance	Autodesk.Revit.DB.DirectContext3D	Autodesk/Revit/DB/DirectContext3D.py	93	107		11
EffectListType	Autodesk.AutoCAD.GraphicsSystem	Autodesk/AutoCAD/GraphicsSystem.py	135	139		0
EffectStatus	Autodesk.AutoCAD.GraphicsSystem	Autodesk/AutoCAD/GraphicsSystem.py	140	149		6
EffectiveProperties	Autodesk.AutoCAD.Windows.Data	Autodesk/AutoCAD/Windows/Data/__init__.py	474	484	WrapICustomTypeDescriptor	7
EffectiveProperty	Autodesk.AutoCAD.Windows.Data	Autodesk/AutoCAD/Windows/Data/__init__.py	485	509	PropertyDescriptor	21
EffectivePropertySource	Autodesk.AutoCAD.Windows.Data	Autodesk/AutoCAD/Windows/Data/__init__.py	510	515		2
ElectricalAnalyticalLoadSet	Autodesk.Revit.DB.Electrical	Autodesk/Revit/DB/Electrical.py	994	1029	Element	31
ElectricalAnalyticalNode	Autodesk.Revit.DB.Electrical	Autodesk/Revit/DB/Electrical.py	1030	1072	Element	38
ElectricalAnalyticalNodeType	Autodesk.Revit.DB.Electrical	Autodesk/Revit/DB/Electrical.py	1073	1077		0
ElectricalCircuitPathMode	Autodesk.Revit.DB.Electrical	Autodesk/Revit/DB/Electrical.py	1078	1082		0
ElectricalConnectedPhases	Autodesk.Revit.DB.Electrical	Autodesk/Revit/DB/Electrical.py	1083	1087		0
ElectricalDemandFactorDefinition	Autodesk.Revit.DB.Electrical	Autodesk/Revit/DB/Electrical.py	1088	1130	Element	38
ElectricalDemandFactorRule	Autodesk.Revit.DB.Electrical	Autodesk/Revit/DB/Electrical.py	1131	1135		0
ElectricalDemandFactorValue	Autodesk.Revit.DB.Electrical	Autodesk/Revit/DB/Electrical.py	1136	1145		6
ElectricalEquipment	Autodesk.Revit.DB.Electrical	Autodesk/Revit/DB/Electrical.py	1146	1161	MEPModel	11
ElectricalLoadAreaData	Autodesk.Revit.DB.Electrical	Autodesk/Revit/DB/Electrical.py	1162	1171	SpatialElementDomainData	4
ElectricalLoadClassification	Autodesk.Revit.DB.Electrical	Autodesk/Revit/DB/Electrical.py	1172	1216	Element	40
ElectricalLoadClassificationData	Autodesk.Revit.DB.Electrical	Autodesk/Revit/DB/Electrical.py	1217	1221		0
ElectricalLoadClassificationSpace	Autodesk.Revit.DB.Electrical	Autodesk/Revit/DB/Electrical.py	1222	1226		0
ElectricalLoadType	Autodesk.Revit.DB.Electrical	Autodesk/Revit/DB/Electrical.py	1227	1231		0
ElectricalPerPhaseData	Autodesk.Revit.DB.Electrical	Autodesk/Revit/DB/Electrical.py	1232	1240		5
ElectricalPhase	Autodesk.Revit.DB.Electrical	Autodesk/Revit/DB/Electrical.py	1241	1245		0
ElectricalPhaseConfiguration	Autodesk.Revit.DB.Electrical	Autodesk/Revit/DB/Electrical.py	1246	1250		0
ElectricalPhaseLine	Autodesk.Revit.DB.Electrical	Autodesk/Revit/DB/Electrical.py	1251	1255		0
ElectricalSetting	Autodesk.Revit.DB.Electrical	Autodesk/Revit/DB/Electrical.py	1256	1310	Element	49
ElectricalSystem	Autodesk.Revit.DB.Electrical	Autodesk/Revit/DB/Electrical.py	1311	1416	MEPSystem	101
ElectricalSystemType	Autodesk.Revit.DB.Electrical	Autodesk/Revit/DB/Electrical.py	1417	1421		0
Element	Autodesk.Revit.DB	Autodesk/Revit/DB/__init__.py	5078	5171		81
ElementArray	Autodesk.Revit.DB	Autodesk/Revit/DB/__init__.py	5172	5185	APIObject	10
ElementArrayIterator	Autodesk.Revit.DB	Autodesk/Revit/DB/__init__.py	5186	5193	APIObject	4
ElementBinding	Autodesk.Revit.DB	Autodesk/Revit/DB/__init__.py	5194	5199	Binding	2
ElementCategoryFilter	Autodesk.Revit.DB	Autodesk/Revit/DB/__init__.py	5200	5206	ElementQuickFilter	3
ElementClassFilter	Autodesk.Revit.DB	Autodesk/Revit/DB/__init__.py	5207	5213	ElementQuickFilter	3
ElementDesignOptionFilter	Autodesk.Revit.DB	Autodesk/Revit/DB/__init__.py	5214	5220	ElementQuickFilter	3
ElementFilter	Autodesk.Revit.DB	Autodesk/Revit/DB/__init__.py	5221	5228		4
ElementId	Autodesk.Revit.DB	Autodesk/Revit/DB/__init__.py	5229	5243		9
ElementIdParameterValue	Autodesk.Revit.DB	Autodesk/Revit/DB/__init__.py	5244	5249	ParameterValue	2
ElementIdSetFilter	Autodesk.Revit.DB	Autodesk/Revit/DB/__init__.py	5250	5256	ElementQuickFilter	3
ElementIntersectsElementFilter	Autodesk.Revit.DB	Autodesk/Revit/DB/__init__.py	5257	5263	ElementIntersectsFilter	3
ElementIntersectsFilter	Autodesk.Revit.DB	Autodesk/Revit/DB/__init__.py	5264	5273	ElementSlowFilter	4
ElementIntersectsSolidFilter	Autodesk.Revit.DB	Autodesk/Revit/DB/__init__.py	5274	5280	ElementIntersectsFilter	3
ElementIsCurveDrivenFilter	Autodesk.Revit.DB	Autodesk/Revit/DB/__init__.py	5281	5286	ElementQuickFilter	2
ElementIsElementTypeFilter	Autodesk.Revit.DB	Autodesk/Revit/DB/__init__.py	5287	5292	ElementQuickFilter	2
ElementLevelFilter	Autodesk.Revit.DB	Autodesk/Revit/DB/__init__.py	5293	5299	ElementSlowFilter	3
ElementLogicalFilter	Autodesk.Revit.DB	Autodesk/Revit/DB/__init__.py	5300	5307	ElementFilter	4
ElementMulticategoryFilter	Autodesk.Revit.DB	Autodesk/Revit/DB/__init__.py	5308	5314	ElementQuickFilter	3
ElementMulticlassFilter	Autodesk.Revit.DB	Autodesk/Revit/DB/__init__.py	5315	5320	ElementQuickFilter	2
ElementNode	Autodesk.Revit.DB	Autodesk/Revit/DB/__init__.py	5321	5329	RenderNode	5
ElementOnPhaseStatus	Autodesk.Revit.DB	Autodesk/Revit/DB/__init__.py	5330	5334		0
ElementOwnerViewFilter	Autodesk.Revit.DB	Autodesk/Revit/DB/__init__.py	5335	5341	ElementQuickFilter	3
ElementParameterFilter	Autodesk.Revit.DB	Autodesk/Revit/DB/__init__.py	5342	5348	ElementSlowFilter	3
ElementPhaseStatusFilter	Autodesk.Revit.DB	Autodesk/Revit/DB/__init__.py	5349	5356	ElementSlowFilter	4
ElementQuickFilter	Autodesk.Revit.DB	Autodesk/Revit/DB/__init__.py	5357	5362	ElementFilter	2
ElementRecord	Autodesk.Revit.DB	Autodesk/Revit/DB/__init__.py	5363	5377		11
ElementReferenceType	Autodesk.Revit.DB	Autodesk/Revit/DB/__init__.py	5378	5382		0
ElementSet	Autodesk.Revit.DB	Autodesk/Revit/DB/__init__.py	5383	5396	APIObject	10
ElementSetIterator	Autodesk.Revit.DB	Autodesk/Revit/DB/__init__.py	5397	5404	APIObject	4
ElementSlowFilter	Autodesk.Revit.DB	Autodesk/Revit/DB/__init__.py	5405	5410	ElementFilter	2
ElementStructuralTypeFilter	Autodesk.Revit.DB	Autodesk/Revit/DB/__init__.py	5411	5417	ElementQuickFilter	3
ElementTransformUtils	Autodesk.Revit.DB	Autodesk/Revit/DB/__init__.py	5418	5443		11
ElementType	Autodesk.Revit.DB	Autodesk/Revit/DB/__init__.py	5444	5483	Element	36
ElementTypeDuplicatedEventArgs	Autodesk.Revit.DB.Events	Autodesk/Revit/DB/Events.py	237	247	RevitAPIPostDocEventArgs	7
ElementTypeDuplicatingEventArgs	Autodesk.Revit.DB.Events	Autodesk/Revit/DB/Events.py	248	255	RevitAPIPreDocEventArgs	4
ElementTypeGroup	Autodesk.Revit.DB	Autodesk/Revit/DB/__init__.py	5484	5488		0
ElementWorksetFilter	Autodesk.Revit.DB	Autodesk/Revit/DB/__init__.py	5489	5495	ElementQuickFilter	3
ElevationMarker	Autodesk.Revit.DB	Autodesk/Revit/DB/__init__.py	5496	5538	Element	37
ElevationRangeType	Autodesk.Civil.DatabaseServices	Autodesk/Civil/DatabaseServices/__init__.py	6703	6707		0
ElevationSourceType	Autodesk.Civil	Autodesk/Civil/__init__.py	534	538		0
ElevationToUseType	Autodesk.Civil	Autodesk/Civil/__init__.py	539	543		0
Ellipse	Autodesk.AutoCAD.DatabaseServices	Autodesk/AutoCAD/DatabaseServices/__init__.py	7844	7939	Curve	92
Ellipse	Autodesk.Revit.DB	Autodesk/Revit/DB/__init__.py	5539	5562	Curve	19
EllipticalArc2d	Autodesk.AutoCAD.Geometry	Autodesk/AutoCAD/Geometry.py	594	622	Curve2d	24
EllipticalArc3d	Autodesk.AutoCAD.Geometry	Autodesk/AutoCAD/Geometry.py	623	654	Curve3d	27
EmbodiedCarbonAsset	Autodesk.Revit.DB	Autodesk/Revit/DB/__init__.py	5563	5576		10
EmbodiedCarbonCoefficientUnitType	Autodesk.Revit.DB	Autodesk/Revit/DB/__init__.py	5577	5581		0
EmfPlusRecordType	System.Drawing.Imaging	System/Drawing/Imaging.py	754	1050	Enum, IComparable, IFormattable, IConvertible	0
EmfType	System.Drawing.Imaging	System/Drawing/Imaging.py	1051	1097	Enum, IComparable, IFormattable, IConvertible	0
EnableWinFormHandler	Autodesk.AutoCAD.ApplicationServices.Core	Autodesk/AutoCAD/ApplicationServices/Core.py	55	63		5
Encoder	System.Drawing.Imaging	System/Drawing/Imaging.py	1098	1134	object	0
EncoderParameter	System.Drawing.Imaging	System/Drawing/Imaging.py	1135	1295	object, IDisposable	0
EncoderParameterValueType	System.Drawing.Imaging	System/Drawing/Imaging.py	1364	1415	Enum, IComparable, IFormattable, IConvertible	0
EncoderParameters	System.Drawing.Imaging	System/Drawing/Imaging.py	1296	1363	object, IDisposable	0
EncoderValue	System.Drawing.Imaging	System/Drawing/Imaging.py	1416	1483	Enum, IComparable, IFormattable, IConvertible	0
EndCap	Autodesk.AutoCAD.DatabaseServices	Autodesk/AutoCAD/DatabaseServices/__init__.py	7940	7944		0
EndCapCondition	Autodesk.Revit.DB	Autodesk/Revit/DB/__init__.py	5582	5586		0
EndDocumentEventArgs	Autodesk.AutoCAD.PlottingServices	Autodesk/AutoCAD/PlottingServices.py	135	139	EventArgs	1
EndDocumentEventHandler	Autodesk.AutoCAD.PlottingServices	Autodesk/AutoCAD/PlottingServices.py	140	148		5
EndEntityEventHandler	Autodesk.AutoCAD.Publishing	Autodesk/AutoCAD/Publishing.py	204	212		5
EndExtractionEventArgs	Autodesk.AutoCAD.ApplicationServices	Autodesk/AutoCAD/ApplicationServices/__init__.py	487	491	EventArgs	1
EndExtractionEventHandler	Autodesk.AutoCAD.ApplicationServices	Autodesk/AutoCAD/ApplicationServices/__init__.py	492	500		5
EndPageEventArgs	Autodesk.AutoCAD.PlottingServices	Autodesk/AutoCAD/PlottingServices.py	149	153	EventArgs	1
EndPageEventHandler	Autodesk.AutoCAD.PlottingServices	Autodesk/AutoCAD/PlottingServices.py	154	162		5
EndPlotEventArgs	Autodesk.AutoCAD.PlottingServices	Autodesk/AutoCAD/PlottingServices.py	163	167	EventArgs	1
EndPlotEventHandler	Autodesk.AutoCAD.PlottingServices	Autodesk/AutoCAD/PlottingServices.py	168	176		5
EndPublishEventHandler	Autodesk.AutoCAD.Publishing	Autodesk/AutoCAD/Publishing.py	213	221		5
EndSheetEventHandler	Autodesk.AutoCAD.Publishing	Autodesk/AutoCAD/Publishing.py	222	230		5
EndTreatmentType	Autodesk.Revit.DB.Structure	Autodesk/Revit/DB/Structure/__init__.py	912	951	ElementType	34
EnergyAnalysisConstruction	Autodesk.Revit.DB.Analysis	Autodesk/Revit/DB/Analysis.py	529	569	Element	37
EnergyAnalysisDetailModel	Autodesk.Revit.DB.Analysis	Autodesk/Revit/DB/Analysis.py	570	615	Element	40
EnergyAnalysisDetailModelOptions	Autodesk.Revit.DB.Analysis	Autodesk/Revit/DB/Analysis.py	616	626		7
EnergyAnalysisDetailModelTier	Autodesk.Revit.DB.Analysis	Autodesk/Revit/DB/Analysis.py	627	631		0
EnergyAnalysisMaterial	Autodesk.Revit.DB.Analysis	Autodesk/Revit/DB/Analysis.py	632	669	Element	34
EnergyAnalysisOpening	Autodesk.Revit.DB.Analysis	Autodesk/Revit/DB/Analysis.py	670	716	Element	43
EnergyAnalysisOpeningType	Autodesk.Revit.DB.Analysis	Autodesk/Revit/DB/Analysis.py	717	721		0
EnergyAnalysisSpace	Autodesk.Revit.DB.Analysis	Autodesk/Revit/DB/Analysis.py	722	762	Element	37
EnergyAnalysisSurface	Autodesk.Revit.DB.Analysis	Autodesk/Revit/DB/Analysis.py	763	813	Element	47
EnergyAnalysisSurfaceType	Autodesk.Revit.DB.Analysis	Autodesk/Revit/DB/Analysis.py	814	818		0
EnergyAnalysisWindowType	Autodesk.Revit.DB.Analysis	Autodesk/Revit/DB/Analysis.py	819	857	Element	35
EnergyAnalysisZone	Autodesk.Revit.DB.Analysis	Autodesk/Revit/DB/Analysis.py	858	903	Element	42
EnergyDataSettings	Autodesk.Revit.DB.Analysis	Autodesk/Revit/DB/Analysis.py	904	1021	Element	93
EnergyModelType	Autodesk.Revit.DB.Analysis	Autodesk/Revit/DB/Analysis.py	1022	1026		0
Entity	Autodesk.Aec.DatabaseServices	Autodesk/Aec/DatabaseServices.py	3148	3262	Curve	111
Entity	Autodesk.Aec.Modeler	Autodesk/Aec/Modeler.py	316	325	DisposableWrapper	5
Entity	Autodesk.AutoCAD.DatabaseServices	Autodesk/AutoCAD/DatabaseServices/__init__.py	7945	8057	DBObject	109
Entity	Autodesk.Civil.DatabaseServices	Autodesk/Civil/DatabaseServices/__init__.py	6708	6824	Entity	113
Entity	Autodesk.Revit.DB.ExtensibleStorage	Autodesk/Revit/DB/ExtensibleStorage.py	46	60		11
Entity2d	Autodesk.AutoCAD.Geometry	Autodesk/AutoCAD/Geometry.py	655	671	DisposableWrapper	12
Entity3d	Autodesk.AutoCAD.Geometry	Autodesk/AutoCAD/Geometry.py	672	688	DisposableWrapper	12
EntityAlignmentEventArgs	Autodesk.AutoCAD.DatabaseServices	Autodesk/AutoCAD/DatabaseServices/__init__.py	8058	8067	EventArgs	6
EntityAlignmentEventHandler	Autodesk.AutoCAD.DatabaseServices	Autodesk/AutoCAD/DatabaseServices/__init__.py	8068	8076		5
EntityAttachType	Autodesk.Civil.DatabaseServices	Autodesk/Civil/DatabaseServices/__init__.py	6825	6829		0
EntityBodyModifier	Autodesk.Aec.DatabaseServices	Autodesk/Aec/DatabaseServices.py	3263	3277	ImpObject	11
EntityBodyModifierOperationType	Autodesk.Aec.DatabaseServices	Autodesk/Aec/DatabaseServices.py	3278	3282		0
EntityCollectorData	Autodesk.Aec.DatabaseServices	Autodesk/Aec/DatabaseServices.py	3283	3291	DisposableWrapper	4
EntityCollectorFilter	Autodesk.Aec.DatabaseServices	Autodesk/Aec/DatabaseServices.py	3292	3303	DisposableWrapper	7
EntityColor	Autodesk.AutoCAD.Colors	Autodesk/AutoCAD/Colors.py	72	97		20
EntityColorCollection	Autodesk.AutoCAD.Colors	Autodesk/AutoCAD/Colors.py	98	120		19
EntityColorCollectionEnumerator	Autodesk.AutoCAD.Colors	Autodesk/AutoCAD/Colors.py	121	127		3
EntityInterference	Autodesk.Aec.DatabaseServices	Autodesk/Aec/DatabaseServices.py	3304	3320	ImpObject	13
EntityInterferenceShrinkWrapEffect	Autodesk.Aec.DatabaseServices	Autodesk/Aec/DatabaseServices.py	3321	3325		0
EntityJig	Autodesk.AutoCAD.EditorInput	Autodesk/AutoCAD/EditorInput.py	300	304	Jig	0
EntityNotFoundException	Autodesk.Civil	Autodesk/Civil/__init__.py	544	555	CivilException	8
EntityReference	Autodesk.Aec.DatabaseServices	Autodesk/Aec/DatabaseServices.py	3326	3442	BlockReference	113
EntitySelectedComponentInformation	Autodesk.Aec.DatabaseServices	Autodesk/Aec/DatabaseServices.py	3443	3465	RXObject	19
EntitySideType	Autodesk.Civil	Autodesk/Civil/__init__.py	556	560		0
EntityVerticalConstraintType	Autodesk.Civil.DatabaseServices	Autodesk/Civil/DatabaseServices/__init__.py	6830	6834		0
EntityVisualStyleType	Autodesk.AutoCAD.DatabaseServices	Autodesk/AutoCAD/DatabaseServices/__init__.py	8077	8081		0
EntryAndSchemeConsistency	Autodesk.Revit.DB	Autodesk/Revit/DB/__init__.py	5587	5591		0
EntryPointNotFoundException	System	System/__init__.py	25177	25220	TypeLoadException, ISerializable, _Exception	0
Enum	System	System/__init__.py	6816	7324	object, IComparable, IFormattable, IConvertible	0
EnumConverter	Autodesk.AutoCAD.DatabaseServices	Autodesk/AutoCAD/DatabaseServices/__init__.py	8082	8088	EnumConverter	3
EnumItemCollection	Autodesk.AutoCAD.Windows.Data	Autodesk/AutoCAD/Windows/Data/__init__.py	516	525		6
EnumProperty	System.Windows.Forms.VisualStyles	System/Windows/Forms/VisualStyles.py	526	584	Enum, IComparable, IFormattable, IConvertible	0
EnumSubsetConverter	Autodesk.AutoCAD.Windows.Data	Autodesk/AutoCAD/Windows/Data/__init__.py	526	531		2
EnumerablePartitionerOptions	System.Collections.Concurrent	System/Collections/Concurrent.py	1087	1126	Enum, IComparable, IFormattable, IConvertible	0
EnvVarExistsConditionAttribute	Autodesk.AutoCAD.Runtime	Autodesk/AutoCAD/Runtime.py	125	130	Attribute	2
Environment	System	System/__init__.py	25221	25482	object	0
EnvironmentVariableTarget	System	System/__init__.py	25483	25529	Enum, IComparable, IFormattable, IConvertible	0
EplotExport	Autodesk.AutoCAD.Windows.Data	Autodesk/AutoCAD/Windows/Data/__init__.py	532	543		8
EqualCurvatureConstraint	Autodesk.AutoCAD.DatabaseServices	Autodesk/AutoCAD/DatabaseServices/__init__.py	8089	8104	GeometricalConstraint	12
EqualDistanceConstraint	Autodesk.AutoCAD.DatabaseServices	Autodesk/AutoCAD/DatabaseServices/__init__.py	8105	8120	GeometricalConstraint	12
EqualHelpParameterConstraint	Autodesk.AutoCAD.DatabaseServices	Autodesk/AutoCAD/DatabaseServices/__init__.py	8121	8137	GeometricalConstraint	13
EqualLengthConstraint	Autodesk.AutoCAD.DatabaseServices	Autodesk/AutoCAD/DatabaseServices/__init__.py	8138	8153	GeometricalConstraint	12
EqualRadiusConstraint	Autodesk.AutoCAD.DatabaseServices	Autodesk/AutoCAD/DatabaseServices/__init__.py	8154	8169	GeometricalConstraint	12
EqualityComparer	System.Collections.Generic	System/Collections/Generic.py	356	411	object, IEqualityComparer, IEqualityComparer[T]	0
EquipmentClassification	Autodesk.Revit.DB.Mechanical	Autodesk/Revit/DB/Mechanical.py	533	537		0
EraseFlags	Autodesk.AutoCAD.DatabaseServices	Autodesk/AutoCAD/DatabaseServices/__init__.py	8170	8174		0
ErrorBlinkStyle	System.Windows.Forms	System/Windows/Forms/__init__.py	115447	115493	Enum, IComparable, IFormattable, IConvertible	0
ErrorCode	Autodesk.Aec.Modeler	Autodesk/Aec/Modeler.py	326	330		0
ErrorCondition	Autodesk.AutoCAD.Geometry	Autodesk/AutoCAD/Geometry.py	689	693		0
ErrorIconAlignment	System.Windows.Forms	System/Windows/Forms/__init__.py	115494	115543	Enum, IComparable, IFormattable, IConvertible	0
ErrorProvider	System.Windows.Forms	System/Windows/Forms/__init__.py	115544	115955	Component, IComponent, IDisposable, IExtenderProvider, ISupportInitialize	0
ErrorStatus	Autodesk.AutoCAD.GraphicsSystem	Autodesk/AutoCAD/GraphicsSystem.py	150	154		0
ErrorStatus	Autodesk.AutoCAD.Runtime	Autodesk/AutoCAD/Runtime.py	131	135		0
ErrorStatus	Autodesk.Civil	Autodesk/Civil/__init__.py	561	565		0
ErrorStatusText	Autodesk.Civil	Autodesk/Civil/__init__.py	566	570		1
EulerAngleResult	Autodesk.Navisworks.Api	Autodesk/Navisworks/Api/__init__.py	534	540		3
EvalConnectable	Autodesk.AutoCAD.Internal.DatabaseServices	Autodesk/AutoCAD/Internal/DatabaseServices.py	687	730	EvalExpr	40
EvalExpr	Autodesk.AutoCAD.Internal.DatabaseServices	Autodesk/AutoCAD/Internal/DatabaseServices.py	731	774	DBObject	40
EvalGraph	Autodesk.AutoCAD.Internal.DatabaseServices	Autodesk/AutoCAD/Internal/DatabaseServices.py	775	820	DBObject	42
EvaluatedParameter	Autodesk.Revit.DB	Autodesk/Revit/DB/__init__.py	5592	5602		7
Event	Autodesk.Civil.DatabaseServices	Autodesk/Civil/DatabaseServices/__init__.py	6835	6840		1
EventArgs	System	System/__init__.py	10133	10143	object	0
EventDurationTrackingContext	Autodesk.Navisworks.Internal.ApiImplementation	Autodesk/Navisworks/Internal/ApiImplementation/__init__.py	161	165	TrackingContext	0
EventStateWatcher	Autodesk.Navisworks.Internal.ApiImplementation	Autodesk/Navisworks/Internal/ApiImplementation/__init__.py	166	180	LcOpSwigStateWatcher	9
EventStatus	Autodesk.Revit.DB.Events	Autodesk/Revit/DB/Events.py	256	260		0
EventWatcherPlugin	Autodesk.Navisworks.Api.Plugins	Autodesk/Navisworks/Api/Plugins.py	272	281	Plugin	6
EventWatcherPluginRecord	Autodesk.Navisworks.Api.Plugins	Autodesk/Navisworks/Api/Plugins.py	282	303	PluginRecord	18
EventsTab	System.Windows.Forms.Design	System/Windows/Forms/Design.py	5182	5318	PropertyTab, IExtenderProvider	0
Exception	Autodesk.AutoCAD.Runtime	Autodesk/AutoCAD/Runtime.py	136	149	Exception	10
Exception	System	System/__init__.py	200	408	object, ISerializable, _Exception	0
ExclusionFilter	Autodesk.Revit.DB	Autodesk/Revit/DB/__init__.py	5603	5609	ElementQuickFilter	3
ExecuteDisabledException	Autodesk.Navisworks.Api.Plugins	Autodesk/Navisworks/Api/Plugins.py	304	315	InvalidOperationException	8
ExecuteInApplicationContextCallback	Autodesk.AutoCAD.ApplicationServices	Autodesk/AutoCAD/ApplicationServices/__init__.py	501	509		5
ExecutedEventArgs	Autodesk.Revit.UI.Events	Autodesk/Revit/UI/Events.py	93	102	CommandEventArgs	6
ExecutionContext	Autodesk.AutoCAD.Windows.ToolPalette	Autodesk/AutoCAD/Windows/ToolPalette.py	98	102		0
ExecutionEngineException	System	System/__init__.py	25530	25571	SystemException, ISerializable, _Exception	0
ExecutionPolicy	Autodesk.Revit.DB.ExternalService	Autodesk/Revit/DB/ExternalService.py	8	12		0
ExplicitConstraint	Autodesk.AutoCAD.DatabaseServices	Autodesk/AutoCAD/DatabaseServices/__init__.py	8175	8193	GeometricalConstraint	15
ExportColorMode	Autodesk.Revit.DB	Autodesk/Revit/DB/__init__.py	5610	5614		0
ExportColumnHeaders	Autodesk.Revit.DB	Autodesk/Revit/DB/__init__.py	5615	5619		0
ExportCorridorSolidsParams	Autodesk.Civil.DatabaseServices	Autodesk/Civil/DatabaseServices/__init__.py	6841	6850		6
ExportDGNSettings	Autodesk.Revit.DB	Autodesk/Revit/DB/__init__.py	5620	5660	Element	33
ExportDWGSettings	Autodesk.Revit.DB	Autodesk/Revit/DB/__init__.py	5661	5703	Element	35
ExportDetermineElevationType	Autodesk.Civil	Autodesk/Civil/__init__.py	571	575		0
ExportFontInfo	Autodesk.Revit.DB	Autodesk/Revit/DB/__init__.py	5704	5710		3
ExportFontKey	Autodesk.Revit.DB	Autodesk/Revit/DB/__init__.py	5711	5717		3
ExportFontTable	Autodesk.Revit.DB	Autodesk/Revit/DB/__init__.py	5718	5734		13
ExportFontTableIterator	Autodesk.Revit.DB	Autodesk/Revit/DB/__init__.py	5735	5744		6
ExportIFCCategoryInfo	Autodesk.Revit.DB	Autodesk/Revit/DB/__init__.py	5745	5756		8
ExportIFCCategoryKey	Autodesk.Revit.DB	Autodesk/Revit/DB/__init__.py	5757	5765		5
ExportLayerInfo	Autodesk.Revit.DB	Autodesk/Revit/DB/__init__.py	5766	5787		18
ExportLayerKey	Autodesk.Revit.DB	Autodesk/Revit/DB/__init__.py	5788	5796		5
ExportLayerTable	Autodesk.Revit.DB	Autodesk/Revit/DB/__init__.py	5797	5815		14
ExportLayerTableIterator	Autodesk.Revit.DB	Autodesk/Revit/DB/__init__.py	5816	5825		6
ExportLinetypeInfo	Autodesk.Revit.DB	Autodesk/Revit/DB/__init__.py	5826	5832		3
ExportLinetypeKey	Autodesk.Revit.DB	Autodesk/Revit/DB/__init__.py	5833	5839		3
ExportLinetypeTable	Autodesk.Revit.DB	Autodesk/Revit/DB/__init__.py	5840	5856		13
ExportLinetypeTableIterator	Autodesk.Revit.DB	Autodesk/Revit/DB/__init__.py	5857	5866		6
ExportLineweightInfo	Autodesk.Revit.DB	Autodesk/Revit/DB/__init__.py	5867	5873		3
ExportLineweightKey	Autodesk.Revit.DB	Autodesk/Revit/DB/__init__.py	5874	5880		3
ExportLineweightTable	Autodesk.Revit.DB	Autodesk/Revit/DB/__init__.py	5881	5897		13
ExportLineweightTableIterator	Autodesk.Revit.DB	Autodesk/Revit/DB/__init__.py	5898	5907		6
ExportPDFSettings	Autodesk.Revit.DB	Autodesk/Revit/DB/__init__.py	5908	5950	Element	34
ExportPaperFormat	Autodesk.Revit.DB	Autodesk/Revit/DB/__init__.py	5951	5955		0
ExportPatternInfo	Autodesk.Revit.DB	Autodesk/Revit/DB/__init__.py	5956	5962		3
ExportPatternKey	Autodesk.Revit.DB	Autodesk/Revit/DB/__init__.py	5963	5970		4
ExportPatternTable	Autodesk.Revit.DB	Autodesk/Revit/DB/__init__.py	5971	5987		13
ExportPatternTableIterator	Autodesk.Revit.DB	Autodesk/Revit/DB/__init__.py	5988	5997		6
ExportRange	Autodesk.Revit.DB	Autodesk/Revit/DB/__init__.py	5998	6002		0
ExportResolution	Autodesk.Revit.DB	Autodesk/Revit/DB/__init__.py	6003	6007		0
ExportSheetType	Autodesk.Revit.DB	Autodesk/Revit/DB/__init__.py	6008	6012		0
ExportTextQualifier	Autodesk.Revit.DB	Autodesk/Revit/DB/__init__.py	6013	6017		0
ExportUnit	Autodesk.Revit.DB	Autodesk/Revit/DB/__init__.py	6018	6022		0
ExportUtils	Autodesk.Revit.DB	Autodesk/Revit/DB/__init__.py	6023	6032		3
Expression	Autodesk.AutoCAD.Windows.Data	Autodesk/AutoCAD/Windows/Data/__init__.py	544	549		2
Expression	Autodesk.Civil.DatabaseServices.Styles	Autodesk/Civil/DatabaseServices/Styles.py	1113	1121		5
ExpressionCollection	Autodesk.Civil.DatabaseServices.Styles	Autodesk/Civil/DatabaseServices/Styles.py	1122	1133		8
ExpressionFormatedType	Autodesk.Civil.DatabaseServices.Styles	Autodesk/Civil/DatabaseServices/Styles.py	1134	1138		0
ExtElemChangeBeamSectionRegistry	Autodesk.Revit.DB.Structure	Autodesk/Revit/DB/Structure/__init__.py	952	961		4
ExtendedLightShape	Autodesk.AutoCAD.GraphicsInterface	Autodesk/AutoCAD/GraphicsInterface.py	269	273		0
ExtendedParameterElement	Autodesk.Revit.DB.ExternalData	Autodesk/Revit/DB/ExternalData.py	101	132	ParameterElement	28
ExtendedPropertiesBindingType	Autodesk.Revit.DB.ExternalData	Autodesk/Revit/DB/ExternalData.py	133	137		0
ExtendedPropertiesBindings	Autodesk.Revit.DB.ExternalData	Autodesk/Revit/DB/ExternalData.py	138	146		5
ExtendedPropertiesLink	Autodesk.Revit.DB.ExternalData	Autodesk/Revit/DB/ExternalData.py	147	184	Element	32
ExtendedPropertiesLinkData	Autodesk.Revit.DB.ExternalData	Autodesk/Revit/DB/ExternalData.py	185	197		8
ExtendedPropertiesLinkLoadContent	Autodesk.Revit.DB.ExternalData	Autodesk/Revit/DB/ExternalData.py	198	205	ExternalResourceLoadContent	4
ExtendedPropertiesLinkValues	Autodesk.Revit.DB.ExternalData	Autodesk/Revit/DB/ExternalData.py	206	212		3
ExtendedPropertyEventArgs	Autodesk.AutoCAD.Windows.Data	Autodesk/AutoCAD/Windows/Data/__init__.py	550	557	EventArgs	4
ExtendedPropertyEventHandler	Autodesk.AutoCAD.Windows.Data	Autodesk/AutoCAD/Windows/Data/__init__.py	558	566		5
ExtendedPropertyManager	Autodesk.AutoCAD.Windows.Data	Autodesk/AutoCAD/Windows/Data/__init__.py	567	572		1
ExtendedStringCollection	Autodesk.Aec.DatabaseServices	Autodesk/Aec/DatabaseServices.py	3466	3481		12
ExtensibleStorageFilter	Autodesk.Revit.DB.ExtensibleStorage	Autodesk/Revit/DB/ExtensibleStorage.py	61	67	ElementQuickFilter	3
ExtensionApplication	Autodesk.AutoCAD.Internal	Autodesk/AutoCAD/Internal/__init__.py	996	1001		2
ExtensionApplicationAttribute	Autodesk.AutoCAD.Runtime	Autodesk/AutoCAD/Runtime.py	150	155	Attribute	2
ExtensionApplication_App	Autodesk.AutoCAD.Internal	Autodesk/AutoCAD/Internal/__init__.py	1002	1007		2
ExtensionLoader	Autodesk.AutoCAD.Runtime	Autodesk/AutoCAD/Runtime.py	156	163	MarshalByRefObject	2
Extents2d	Autodesk.AutoCAD.DatabaseServices	Autodesk/AutoCAD/DatabaseServices/__init__.py	8194	8203		6
Extents3d	Autodesk.AutoCAD.DatabaseServices	Autodesk/AutoCAD/DatabaseServices/__init__.py	8204	8219		12
ExteriorDaylightMode	Autodesk.AutoCAD.GraphicsInterface	Autodesk/AutoCAD/GraphicsInterface.py	274	278		0
ExternalApplicationArray	Autodesk.Revit.UI	Autodesk/Revit/UI/__init__.py	197	210	APIObject	10
ExternalApplicationArrayIterator	Autodesk.Revit.UI	Autodesk/Revit/UI/__init__.py	211	218	APIObject	4
ExternalApplicationException	Autodesk.Revit.Exceptions	Autodesk/Revit/Exceptions.py	303	316	ApplicationException	10
ExternalBlockListResultHost	Autodesk.AutoCAD.Internal	Autodesk/AutoCAD/Internal/__init__.py	1008	1016		5
ExternalBoundedSurface	Autodesk.AutoCAD.Geometry	Autodesk/AutoCAD/Geometry.py	694	721	Surface	23
ExternalCommandData	Autodesk.Revit.UI	Autodesk/Revit/UI/__init__.py	219	226	APIObject	4
ExternalCommandsData	Autodesk.Revit.UI	Autodesk/Revit/UI/__init__.py	227	235		5
ExternalCurve2d	Autodesk.AutoCAD.Geometry	Autodesk/AutoCAD/Geometry.py	722	744	Curve2d	18
ExternalCurve3d	Autodesk.AutoCAD.Geometry	Autodesk/AutoCAD/Geometry.py	745	769	Curve3d	20
ExternalDBApplicationResult	Autodesk.Revit.DB	Autodesk/Revit/DB/__init__.py	6033	6037		0
ExternalDataManagerCommand	Autodesk.Revit.UI	Autodesk/Revit/UI/__init__.py	236	248		8
ExternalDataManagerCommandId	Autodesk.Revit.UI	Autodesk/Revit/UI/__init__.py	249	253	GuidEnum	1
ExternalDataManagerCommands	Autodesk.Revit.UI	Autodesk/Revit/UI/__init__.py	254	258		0
ExternalDataManagerDataItem	Autodesk.Revit.UI	Autodesk/Revit/UI/__init__.py	259	275		13
ExternalDataManagerDataItemId	Autodesk.Revit.UI	Autodesk/Revit/UI/__init__.py	276	282		3
ExternalDataManagerTool	Autodesk.Revit.UI	Autodesk/Revit/UI/__init__.py	283	291		5
ExternalDefinition	Autodesk.Revit.DB	Autodesk/Revit/DB/__init__.py	6038	6051	Definition	10
ExternalDefinitionCreationOptions	Autodesk.Revit.DB	Autodesk/Revit/DB/__init__.py	6052	6065		10
ExternalDefinitions	Autodesk.Revit.DB	Autodesk/Revit/DB/__init__.py	6066	6072	Definitions	3
ExternalEntityKind	Autodesk.AutoCAD.Geometry	Autodesk/AutoCAD/Geometry.py	770	774		0
ExternalEvent	Autodesk.Revit.UI	Autodesk/Revit/UI/__init__.py	292	302		5
ExternalEventRequest	Autodesk.Revit.UI	Autodesk/Revit/UI/__init__.py	303	307		0
ExternalFileReference	Autodesk.Revit.DB	Autodesk/Revit/DB/__init__.py	6073	6087		10
ExternalFileReferenceType	Autodesk.Revit.DB	Autodesk/Revit/DB/__init__.py	6088	6092		0
ExternalFileUtils	Autodesk.Revit.DB	Autodesk/Revit/DB/__init__.py	6093	6104		4
ExternalGeometryId	Autodesk.Revit.DB	Autodesk/Revit/DB/__init__.py	6105	6115		6
ExternalLink	Autodesk.Navisworks.Api.Clash	Autodesk/Navisworks/Api/Clash.py	282	298	NativeHandle	11
ExternalLinkTags	Autodesk.Navisworks.Api.Clash	Autodesk/Navisworks/Api/Clash.py	299	303		0
ExternalResourceBrowserData	Autodesk.Revit.DB	Autodesk/Revit/DB/__init__.py	6116	6132		13
ExternalResourceLoadContent	Autodesk.Revit.DB	Autodesk/Revit/DB/__init__.py	6133	6140		4
ExternalResourceLoadContext	Autodesk.Revit.DB	Autodesk/Revit/DB/__init__.py	6141	6150		6
ExternalResourceLoadData	Autodesk.Revit.DB	Autodesk/Revit/DB/__init__.py	6151	6163		9
ExternalResourceLoadStatus	Autodesk.Revit.DB	Autodesk/Revit/DB/__init__.py	6164	6168		0
ExternalResourceMatchOptions	Autodesk.Revit.DB	Autodesk/Revit/DB/__init__.py	6169	6175		3
ExternalResourceReference	Autodesk.Revit.DB	Autodesk/Revit/DB/__init__.py	6176	6191		11
ExternalResourceServerExtensions	Autodesk.Revit.DB	Autodesk/Revit/DB/__init__.py	6192	6199		4
ExternalResourceServerUtils	Autodesk.Revit.DB	Autodesk/Revit/DB/__init__.py	6200	6215		6
ExternalResourceServiceUtils	Autodesk.Revit.DB	Autodesk/Revit/DB/__init__.py	6216	6221		1
ExternalResourceSubFolder	Autodesk.Revit.DB	Autodesk/Revit/DB/__init__.py	6222	6229		4
ExternalResourceType	Autodesk.Revit.DB	Autodesk/Revit/DB/__init__.py	6230	6234	GuidEnum	1
ExternalResourceTypes	Autodesk.Revit.DB	Autodesk/Revit/DB/__init__.py	6235	6239		0
ExternalResourceUIBrowseResultType	Autodesk.Revit.DB	Autodesk/Revit/DB/__init__.py	6240	6244		0
ExternalResourceUtils	Autodesk.Revit.DB	Autodesk/Revit/DB/__init__.py	6245	6250		1
ExternalService	Autodesk.Revit.DB.ExternalService	Autodesk/Revit/DB/ExternalService.py	13	33		17
ExternalServiceId	Autodesk.Revit.DB.ExternalService	Autodesk/Revit/DB/ExternalService.py	34	38	GuidEnum	1
ExternalServiceOptions	Autodesk.Revit.DB.ExternalService	Autodesk/Revit/DB/ExternalService.py	39	48		6
ExternalServiceRegistry	Autodesk.Revit.DB.ExternalService	Autodesk/Revit/DB/ExternalService.py	49	60		4
ExternalServiceResult	Autodesk.Revit.DB.ExternalService	Autodesk/Revit/DB/ExternalService.py	61	65		0
ExternalServices	Autodesk.Revit.DB.ExternalService	Autodesk/Revit/DB/ExternalService.py	66	70		0
ExternalSurface	Autodesk.AutoCAD.Geometry	Autodesk/AutoCAD/Geometry.py	775	799	Surface	20
ExternallyTaggedBRep	Autodesk.Revit.DB	Autodesk/Revit/DB/__init__.py	6251	6257	ExternallyTaggedGeometryObject	3
ExternallyTaggedGeometryObject	Autodesk.Revit.DB	Autodesk/Revit/DB/__init__.py	6258	6264		3
ExternallyTaggedGeometryValidation	Autodesk.Revit.DB	Autodesk/Revit/DB/__init__.py	6265	6274		3
ExternallyTaggedNonBRep	Autodesk.Revit.DB	Autodesk/Revit/DB/__init__.py	6275	6281	ExternallyTaggedGeometryObject	3
ExternallyTaggedNonBRepUsage	Autodesk.Revit.DB	Autodesk/Revit/DB/__init__.py	6282	6286		0
ExternallyTaggedNonBReps	Autodesk.Revit.DB	Autodesk/Revit/DB/__init__.py	6287	6294		4
ExtractOption	Autodesk.AutoCAD.Runtime	Autodesk/AutoCAD/Runtime.py	164	168		0
ExtractionType	Autodesk.AutoCAD.Runtime	Autodesk/AutoCAD/Runtime.py	169	173		0
ExtrudedSurface	Autodesk.AutoCAD.DatabaseServices	Autodesk/AutoCAD/DatabaseServices/__init__.py	8220	8309	Surface	86
Extrusion	Autodesk.Revit.DB	Autodesk/Revit/DB/__init__.py	6295	6332	GenericForm	34
ExtrusionAnalyzer	Autodesk.Revit.DB	Autodesk/Revit/DB/__init__.py	6333	6345		8
ExtrusionAnalyzerFaceAlignment	Autodesk.Revit.DB	Autodesk/Revit/DB/__init__.py	6346	6350		0
ExtrusionRoof	Autodesk.Revit.DB	Autodesk/Revit/DB/__init__.py	6351	6386	RoofBase	32
FBXExportOptions	Autodesk.Revit.DB	Autodesk/Revit/DB/__init__.py	6387	6394		4
FabricArea	Autodesk.Revit.DB.Structure	Autodesk/Revit/DB/Structure/__init__.py	962	1020	Element	53
FabricAreaType	Autodesk.Revit.DB.Structure	Autodesk/Revit/DB/Structure/__init__.py	1021	1057	ElementType	32
FabricHostReference	Autodesk.Revit.DB.Structure	Autodesk/Revit/DB/Structure/__init__.py	1058	1062		0
FabricLapSplicePosition	Autodesk.Revit.DB.Structure	Autodesk/Revit/DB/Structure/__init__.py	1063	1067		0
FabricLocation	Autodesk.Revit.DB.Structure	Autodesk/Revit/DB/Structure/__init__.py	1068	1072		0
FabricReinSpanSymbol	Autodesk.Revit.DB.Structure	Autodesk/Revit/DB/Structure/__init__.py	1073	1119	IndependentTag	42
FabricRoundingManager	Autodesk.Revit.DB.Structure	Autodesk/Revit/DB/Structure/__init__.py	1120	1135	ReinforcementRoundingManager	12
FabricSheet	Autodesk.Revit.DB.Structure	Autodesk/Revit/DB/Structure/__init__.py	1136	1200	Element	59
FabricSheetAlignment	Autodesk.Revit.DB.Structure	Autodesk/Revit/DB/Structure/__init__.py	1201	1205		0
FabricSheetLayoutPattern	Autodesk.Revit.DB.Structure	Autodesk/Revit/DB/Structure/__init__.py	1206	1210		0
FabricSheetType	Autodesk.Revit.DB.Structure	Autodesk/Revit/DB/Structure/__init__.py	1211	1282	ElementType	67
FabricTagComponentReference	Autodesk.Revit.DB.Structure	Autodesk/Revit/DB/Structure/__init__.py	1283	1287		0
FabricWireItem	Autodesk.Revit.DB.Structure	Autodesk/Revit/DB/Structure/__init__.py	1288	1299		7
FabricWireType	Autodesk.Revit.DB.Structure	Autodesk/Revit/DB/Structure/__init__.py	1300	1338	ElementType	34
FabricationAncillaryType	Autodesk.Revit.DB.Fabrication	Autodesk/Revit/DB/Fabrication.py	27	31		0
FabricationAncillaryUsage	Autodesk.Revit.DB	Autodesk/Revit/DB/__init__.py	6395	6408		10
FabricationAncillaryUsageType	Autodesk.Revit.DB.Fabrication	Autodesk/Revit/DB/Fabrication.py	32	36		0
FabricationConfiguration	Autodesk.Revit.DB	Autodesk/Revit/DB/__init__.py	6409	6519	Element	106
FabricationConfigurationInfo	Autodesk.Revit.DB	Autodesk/Revit/DB/__init__.py	6520	6540		15
FabricationConnectorInfo	Autodesk.Revit.DB	Autodesk/Revit/DB/__init__.py	6541	6553		9
FabricationCustomDataType	Autodesk.Revit.DB.Fabrication	Autodesk/Revit/DB/Fabrication.py	37	41		0
FabricationDimensionDefinition	Autodesk.Revit.DB	Autodesk/Revit/DB/__init__.py	6554	6563		6
FabricationDimensionType	Autodesk.Revit.DB	Autodesk/Revit/DB/__init__.py	6564	6568		0
FabricationDimensionUnitType	Autodesk.Revit.DB	Autodesk/Revit/DB/__init__.py	6569	6573		0
FabricationHandlePosition	Autodesk.Revit.DB.Fabrication	Autodesk/Revit/DB/Fabrication.py	42	46		0
FabricationHostedInfo	Autodesk.Revit.DB	Autodesk/Revit/DB/__init__.py	6574	6583		6
FabricationItemFile	Autodesk.Revit.DB	Autodesk/Revit/DB/__init__.py	6584	6594		7
FabricationItemFolder	Autodesk.Revit.DB	Autodesk/Revit/DB/__init__.py	6595	6603		5
FabricationMaterialType	Autodesk.Revit.DB	Autodesk/Revit/DB/__init__.py	6604	6608		0
FabricationNetworkChangeService	Autodesk.Revit.DB.Fabrication	Autodesk/Revit/DB/Fabrication.py	47	71		21
FabricationNetworkChangeServiceResult	Autodesk.Revit.DB.Fabrication	Autodesk/Revit/DB/Fabrication.py	72	76		0
FabricationOptionDefinition	Autodesk.Revit.DB	Autodesk/Revit/DB/__init__.py	6609	6616		4
FabricationPart	Autodesk.Revit.DB	Autodesk/Revit/DB/__init__.py	6617	6797	Element	161
FabricationPartBrowserChangedEventArgs	Autodesk.Revit.UI.Events	Autodesk/Revit/UI/Events.py	103	116	RevitAPISingleEventArgs	10
FabricationPartBrowserOperation	Autodesk.Revit.UI.Events	Autodesk/Revit/UI/Events.py	117	121		0
FabricationPartCompareType	Autodesk.Revit.DB.Fabrication	Autodesk/Revit/DB/Fabrication.py	77	81		0
FabricationPartFitResult	Autodesk.Revit.DB.Fabrication	Autodesk/Revit/DB/Fabrication.py	82	86		0
FabricationPartInsulationLining	Autodesk.Revit.DB	Autodesk/Revit/DB/__init__.py	6798	6829	Element	28
FabricationPartJustification	Autodesk.Revit.DB.Fabrication	Autodesk/Revit/DB/Fabrication.py	87	91		0
FabricationPartPlacementUtils	Autodesk.Revit.DB.Fabrication	Autodesk/Revit/DB/Fabrication.py	92	96		0
FabricationPartRouteEnd	Autodesk.Revit.DB.Fabrication	Autodesk/Revit/DB/Fabrication.py	97	106		4
FabricationPartSizeMap	Autodesk.Revit.DB.Fabrication	Autodesk/Revit/DB/Fabrication.py	107	125		15
FabricationPartType	Autodesk.Revit.DB	Autodesk/Revit/DB/__init__.py	6830	6870	ElementType	34
FabricationRodInfo	Autodesk.Revit.DB	Autodesk/Revit/DB/__init__.py	6871	6892		18
FabricationSaveJobOptions	Autodesk.Revit.DB.Fabrication	Autodesk/Revit/DB/Fabrication.py	126	132		3
FabricationService	Autodesk.Revit.DB	Autodesk/Revit/DB/__init__.py	6893	6913		17
FabricationServiceButton	Autodesk.Revit.DB	Autodesk/Revit/DB/__init__.py	6914	6939		21
FabricationServiceSettings	Autodesk.Revit.DB	Autodesk/Revit/DB/__init__.py	6940	6978	Element	34
FabricationUtils	Autodesk.Revit.DB.Fabrication	Autodesk/Revit/DB/Fabrication.py	133	140		2
FabricationVersionInfo	Autodesk.Revit.DB	Autodesk/Revit/DB/__init__.py	6979	6986		4
Face	Autodesk.Aec.Modeler	Autodesk/Aec/Modeler.py	331	362	Entity	28
Face	Autodesk.AutoCAD.DatabaseServices	Autodesk/AutoCAD/DatabaseServices/__init__.py	8310	8389	Entity	76
Face	Autodesk.Revit.DB	Autodesk/Revit/DB/__init__.py	6987	7016	GeometryObject	26
FaceArray	Autodesk.Revit.DB	Autodesk/Revit/DB/__init__.py	7017	7030	APIObject	10
FaceArrayIterator	Autodesk.Revit.DB	Autodesk/Revit/DB/__init__.py	7031	7038	APIObject	4
FaceBasedPlacementType	Autodesk.Revit.UI	Autodesk/Revit/UI/__init__.py	308	312		0
FaceCollection	Autodesk.Aec.Modeler	Autodesk/Aec/Modeler.py	363	377		11
FaceData	Autodesk.AutoCAD.GraphicsInterface	Autodesk/AutoCAD/GraphicsInterface.py	279	300		18
FaceDetailNode	Autodesk.Revit.DB	Autodesk/Revit/DB/__init__.py	7039	7047	RenderNode	5
FaceEdgeNode	Autodesk.Revit.DB	Autodesk/Revit/DB/__init__.py	7048	7055	FaceDetailNode	4
FaceIntersectionFaceResult	Autodesk.Revit.DB	Autodesk/Revit/DB/__init__.py	7056	7060		0
FaceNode	Autodesk.Revit.DB	Autodesk/Revit/DB/__init__.py	7061	7067	RenderNode	3
FaceRecord	Autodesk.AutoCAD.DatabaseServices	Autodesk/AutoCAD/DatabaseServices/__init__.py	8390	8469	Vertex	76
FaceRef	Autodesk.AutoCAD.DatabaseServices	Autodesk/AutoCAD/DatabaseServices/__init__.py	8470	8480	SubentRef	7
FaceScanResults	Autodesk.Aec.DatabaseServices	Autodesk/Aec/DatabaseServices.py	3482	3489		4
FaceSecondDerivatives	Autodesk.Revit.DB	Autodesk/Revit/DB/__init__.py	7068	7076		5
FaceSilhouetteNode	Autodesk.Revit.DB	Autodesk/Revit/DB/__init__.py	7077	7084	FaceDetailNode	4
FaceSplitter	Autodesk.Revit.DB	Autodesk/Revit/DB/__init__.py	7085	7117	Element	29
FaceToposolid	Autodesk.Revit.DB	Autodesk/Revit/DB/__init__.py	7118	7153	HostObject	31
FaceWall	Autodesk.Revit.DB	Autodesk/Revit/DB/__init__.py	7154	7190	HostObject	30
FacetingUtils	Autodesk.Revit.DB	Autodesk/Revit/DB/__init__.py	7191	7196		1
Factory	Autodesk.AutoCAD.Runtime	Autodesk/AutoCAD/Runtime.py	174	179		1
FactoryDict	Autodesk.Navisworks.Internal.ApiImplementation	Autodesk/Navisworks/Internal/ApiImplementation/__init__.py	181	188		2
FailureDefinition	Autodesk.Revit.DB	Autodesk/Revit/DB/__init__.py	7197	7213		12
FailureDefinitionAccessor	Autodesk.Revit.DB	Autodesk/Revit/DB/__init__.py	7214	7228		11
FailureDefinitionId	Autodesk.Revit.DB	Autodesk/Revit/DB/__init__.py	7229	7233	GuidEnum	1
FailureDefinitionRegistry	Autodesk.Revit.DB	Autodesk/Revit/DB/__init__.py	7234	7241		4
FailureHandlingOptions	Autodesk.Revit.DB	Autodesk/Revit/DB/__init__.py	7242	7257		12
FailureMessage	Autodesk.Revit.DB	Autodesk/Revit/DB/__init__.py	7258	7276		15
FailureMessageAccessor	Autodesk.Revit.DB	Autodesk/Revit/DB/__init__.py	7277	7295		15
FailureMessageKey	Autodesk.Revit.DB	Autodesk/Revit/DB/__init__.py	7296	7305		6
FailureProcessingResult	Autodesk.Revit.DB	Autodesk/Revit/DB/__init__.py	7306	7310		0
FailureResolution	Autodesk.Revit.DB	Autodesk/Revit/DB/__init__.py	7311	7316		2
FailureResolutionType	Autodesk.Revit.DB	Autodesk/Revit/DB/__init__.py	7317	7321		0
FailureSeverity	Autodesk.Revit.DB	Autodesk/Revit/DB/__init__.py	7322	7326		0
FailuresAccessor	Autodesk.Revit.DB	Autodesk/Revit/DB/__init__.py	7327	7357		27
FailuresProcessingEventArgs	Autodesk.Revit.DB.Events	Autodesk/Revit/DB/Events.py	261	269	RevitAPISingleEventArgs	5
Family	Autodesk.Revit.DB	Autodesk/Revit/DB/__init__.py	7358	7414	Element	52
FamilyContextException	Autodesk.Revit.Exceptions	Autodesk/Revit/Exceptions.py	317	330	InvalidOperationException	10
FamilyElementVisibility	Autodesk.Revit.DB	Autodesk/Revit/DB/__init__.py	7415	7428	APIObject	10
FamilyElementVisibilityType	Autodesk.Revit.DB	Autodesk/Revit/DB/__init__.py	7429	7433		0
FamilyHostingBehavior	Autodesk.Revit.DB	Autodesk/Revit/DB/__init__.py	7434	7438		0
FamilyInstance	Autodesk.Revit.DB	Autodesk/Revit/DB/__init__.py	7439	7524	Instance	82
FamilyInstanceCreationData	Autodesk.Revit.Creation	Autodesk/Revit/Creation.py	92	97		2
FamilyInstanceFilter	Autodesk.Revit.DB	Autodesk/Revit/DB/__init__.py	7525	7531	ElementSlowFilter	3
FamilyInstancePlacingArgs	Autodesk.Revit.UI	Autodesk/Revit/UI/__init__.py	313	322		6
FamilyInstanceReferenceType	Autodesk.Revit.DB	Autodesk/Revit/DB/__init__.py	7532	7536		0
FamilyItemFactory	Autodesk.Revit.Creation	Autodesk/Revit/Creation.py	98	124	ItemFactoryBase	23
FamilyLoadedIntoDocumentEventArgs	Autodesk.Revit.DB.Events	Autodesk/Revit/DB/Events.py	270	281	RevitAPIPostDocEventArgs	8
FamilyLoadingIntoDocumentEventArgs	Autodesk.Revit.DB.Events	Autodesk/Revit/DB/Events.py	282	290	RevitAPIPreDocEventArgs	5
FamilyManager	Autodesk.Revit.DB	Autodesk/Revit/DB/__init__.py	7537	7574	APIObject	34
FamilyNestingBehavior	Autodesk.Revit.DB	Autodesk/Revit/DB/__init__.py	7575	7579		0
FamilyParameter	Autodesk.Revit.DB	Autodesk/Revit/DB/__init__.py	7580	7597	APIObject	14
FamilyParameterSet	Autodesk.Revit.DB	Autodesk/Revit/DB/__init__.py	7598	7611	APIObject	10
FamilyParameterSetIterator	Autodesk.Revit.DB	Autodesk/Revit/DB/__init__.py	7612	7619	APIObject	4
FamilyPlacementType	Autodesk.Revit.DB	Autodesk/Revit/DB/__init__.py	7620	7624		0
FamilyPointLocation	Autodesk.Revit.DB	Autodesk/Revit/DB/__init__.py	7625	7632	APIObject	4
FamilyPointPlacementReference	Autodesk.Revit.DB	Autodesk/Revit/DB/__init__.py	7633	7640	APIObject	4
FamilySizeTable	Autodesk.Revit.DB	Autodesk/Revit/DB/__init__.py	7641	7651		7
FamilySizeTableColumn	Autodesk.Revit.DB	Autodesk/Revit/DB/__init__.py	7652	7660		5
FamilySizeTableErrorInfo	Autodesk.Revit.DB	Autodesk/Revit/DB/__init__.py	7661	7671		7
FamilySizeTableErrorType	Autodesk.Revit.DB	Autodesk/Revit/DB/__init__.py	7672	7676		0
FamilySizeTableManager	Autodesk.Revit.DB	Autodesk/Revit/DB/__init__.py	7677	7693		11
FamilySource	Autodesk.Revit.DB	Autodesk/Revit/DB/__init__.py	7694	7698		0
FamilyStructuralMaterialTypeFilter	Autodesk.Revit.DB.Structure	Autodesk/Revit/DB/Structure/__init__.py	1339	1345	ElementSlowFilter	3
FamilySymbol	Autodesk.Revit.DB	Autodesk/Revit/DB/__init__.py	7699	7745	InsertableObject	43
FamilySymbolFilter	Autodesk.Revit.DB	Autodesk/Revit/DB/__init__.py	7746	7752	ElementQuickFilter	3
FamilySymbolProfile	Autodesk.Revit.DB	Autodesk/Revit/DB/__init__.py	7753	7762	SweepProfile	6
FamilyThermalProperties	Autodesk.Revit.DB	Autodesk/Revit/DB/__init__.py	7763	7778		11
FamilyType	Autodesk.Revit.DB	Autodesk/Revit/DB/__init__.py	7779	7790	APIObject	8
FamilyTypeSet	Autodesk.Revit.DB	Autodesk/Revit/DB/__init__.py	7791	7804	APIObject	10
FamilyTypeSetIterator	Autodesk.Revit.DB	Autodesk/Revit/DB/__init__.py	7805	7812	APIObject	4
FamilyUtils	Autodesk.Revit.DB	Autodesk/Revit/DB/__init__.py	7813	7822		3
Fascia	Autodesk.Revit.DB.Architecture	Autodesk/Revit/DB/Architecture.py	231	270	HostedSweep	36
FasciaType	Autodesk.Revit.DB.Architecture	Autodesk/Revit/DB/Architecture.py	271	305	HostedSweepType	31
Feature	Autodesk.Civil.DatabaseServices	Autodesk/Civil/DatabaseServices/__init__.py	6851	6968	Entity	113
FeatureControlFrame	Autodesk.AutoCAD.DatabaseServices	Autodesk/AutoCAD/DatabaseServices/__init__.py	8481	8574	Entity	90
FeatureLabel	Autodesk.Civil.DatabaseServices	Autodesk/Civil/DatabaseServices/__init__.py	6969	7116	Label	144
FeatureLine	Autodesk.Civil.DatabaseServices	Autodesk/Civil/DatabaseServices/__init__.py	7117	7272	Feature	149
FeatureLineCodeInfo	Autodesk.Civil.DatabaseServices	Autodesk/Civil/DatabaseServices/__init__.py	7273	7282	CivilWrapper<AeccDbCorridor>	6
FeatureLineCodeInfoCollection	Autodesk.Civil.DatabaseServices	Autodesk/Civil/DatabaseServices/__init__.py	7283	7294	CivilWrapper<AeccDbCorridor>	8
FeatureLineCollection	Autodesk.Civil.DatabaseServices	Autodesk/Civil/DatabaseServices/__init__.py	7295	7306	CivilWrapper<AeccDbCorridor>	8
FeatureLineCollectionMap	Autodesk.Civil.DatabaseServices	Autodesk/Civil/DatabaseServices/__init__.py	7307	7317	CivilWrapper<AeccDbCorridor>	7
FeatureLineComponent	Autodesk.Civil.DatabaseServices	Autodesk/Civil/DatabaseServices/__init__.py	7318	7329	CivilWrapper<AeccDbCorridor>	8
FeatureLineComponentCollection	Autodesk.Civil.DatabaseServices	Autodesk/Civil/DatabaseServices/__init__.py	7330	7344	CivilWrapper<AeccDbCorridor>	11
FeatureLineConnectDirectionType	Autodesk.Civil	Autodesk/Civil/__init__.py	576	580		0
FeatureLineDisplayStyleProfileType	Autodesk.Civil.DatabaseServices.Styles	Autodesk/Civil/DatabaseServices/Styles.py	1139	1143		0
FeatureLineLayerSettingType	Autodesk.Civil	Autodesk/Civil/__init__.py	581	585		0
FeatureLineLayerType	Autodesk.Civil	Autodesk/Civil/__init__.py	586	590		0
FeatureLinePoint	Autodesk.Civil.DatabaseServices	Autodesk/Civil/DatabaseServices/__init__.py	7345	7353	CivilWrapper<AeccDbCorridor>	5
FeatureLinePointCollection	Autodesk.Civil.DatabaseServices	Autodesk/Civil/DatabaseServices/__init__.py	7354	7362	CivilWrapper<AeccDbCorridor>	5
FeatureLinePointType	Autodesk.Civil	Autodesk/Civil/__init__.py	591	595		0
FeatureLineStyle	Autodesk.Civil.DatabaseServices.Styles	Autodesk/Civil/DatabaseServices/Styles.py	1144	1211	StyleBase	64
FeatureLineStyleCollection	Autodesk.Civil.DatabaseServices.Styles	Autodesk/Civil/DatabaseServices/Styles.py	1212	1222	StyleCollectionBase	7
FeatureModeType	Autodesk.AutoCAD.GraphicsSystem	Autodesk/AutoCAD/GraphicsSystem.py	155	159		0
FeatureSupport	System.Windows.Forms	System/Windows/Forms/__init__.py	115956	116112	object, IFeatureSupport	0
FenceSelectedObject	Autodesk.AutoCAD.EditorInput	Autodesk/AutoCAD/EditorInput.py	305	315	SelectedObject	7
FenceSelectedSubObject	Autodesk.AutoCAD.EditorInput	Autodesk/AutoCAD/EditorInput.py	316	326	SelectedSubObject	7
Field	Autodesk.AutoCAD.DatabaseServices	Autodesk/AutoCAD/DatabaseServices/__init__.py	8575	8641	DBObject	62
Field	Autodesk.Navisworks.Api.Schema	Autodesk/Navisworks/Api/Schema.py	82	96	NativeHandle	8
Field	Autodesk.Revit.DB.ExtensibleStorage	Autodesk/Revit/DB/ExtensibleStorage.py	68	85		14
FieldAccess	Autodesk.Navisworks.Internal.ApiImplementation.Schema	Autodesk/Navisworks/Internal/ApiImplementation/Schema.py	11	15		1
FieldAccessException	System	System/__init__.py	25616	25659	MemberAccessException, ISerializable, _Exception	0
FieldBuilder	Autodesk.Revit.DB.ExtensibleStorage	Autodesk/Revit/DB/ExtensibleStorage.py	86	97		8
FieldCodeFlags	Autodesk.AutoCAD.DatabaseServices	Autodesk/AutoCAD/DatabaseServices/__init__.py	8642	8646		0
FieldCodeWithChildren	Autodesk.AutoCAD.DatabaseServices	Autodesk/AutoCAD/DatabaseServices/__init__.py	8647	8654		4
FieldCollection	Autodesk.Navisworks.Api.Schema	Autodesk/Navisworks/Api/Schema.py	97	119	NativeHandle	17
FieldDialogCommand	Autodesk.AutoCAD.Windows.Data	Autodesk/AutoCAD/Windows/Data/__init__.py	573	577	IPECommandBase	1
FieldDomainPoints	Autodesk.Revit.DB.Analysis	Autodesk/Revit/DB/Analysis.py	1027	1032		2
FieldDomainPointsByParameter	Autodesk.Revit.DB.Analysis	Autodesk/Revit/DB/Analysis.py	1033	1037	FieldDomainPoints	1
FieldDomainPointsByUV	Autodesk.Revit.DB.Analysis	Autodesk/Revit/DB/Analysis.py	1038	1043	FieldDomainPoints	2
FieldDomainPointsByXYZ	Autodesk.Revit.DB.Analysis	Autodesk/Revit/DB/Analysis.py	1044	1048	FieldDomainPoints	1
FieldEngine	Autodesk.AutoCAD.DatabaseServices.Internal	Autodesk/AutoCAD/DatabaseServices/Internal.py	22	26		1
FieldEvaluationContext	Autodesk.AutoCAD.DatabaseServices	Autodesk/AutoCAD/DatabaseServices/__init__.py	8655	8659		0
FieldEvaluationOptions	Autodesk.AutoCAD.DatabaseServices	Autodesk/AutoCAD/DatabaseServices/__init__.py	8660	8664		0
FieldEvaluationResult	Autodesk.AutoCAD.DatabaseServices	Autodesk/AutoCAD/DatabaseServices/__init__.py	8665	8670		2
FieldEvaluationStatus	Autodesk.AutoCAD.DatabaseServices	Autodesk/AutoCAD/DatabaseServices/__init__.py	8671	8675		0
FieldEvaluationStatusResult	Autodesk.AutoCAD.DatabaseServices	Autodesk/AutoCAD/DatabaseServices/__init__.py	8676	8682		3
FieldFilingOptions	Autodesk.AutoCAD.DatabaseServices	Autodesk/AutoCAD/DatabaseServices/__init__.py	8683	8687		0
FieldState	Autodesk.AutoCAD.DatabaseServices	Autodesk/AutoCAD/DatabaseServices/__init__.py	8688	8692		0
FieldValues	Autodesk.Revit.DB.Analysis	Autodesk/Revit/DB/Analysis.py	1049	1054		2
FileAccessException	Autodesk.Revit.Exceptions	Autodesk/Revit/Exceptions.py	331	344	IOException	10
FileArgumentAlreadyExistsException	Autodesk.Revit.Exceptions	Autodesk/Revit/Exceptions.py	345	359	ArgumentException	11
FileArgumentNotFoundException	Autodesk.Revit.Exceptions	Autodesk/Revit/Exceptions.py	360	374	ArgumentException	11
FileDialog	Autodesk.Revit.UI	Autodesk/Revit/UI/__init__.py	323	335		8
FileDialog	System.Windows.Forms	System/Windows/Forms/__init__.py	116113	116582	CommonDialog, IComponent, IDisposable	0
FileDialogCustomPlace	System.Windows.Forms	System/Windows/Forms/__init__.py	116583	116641	object	0
FileDialogCustomPlacesCollection	System.Windows.Forms	System/Windows/Forms/__init__.py	116642	116726	Collection[FileDialogCustomPlace], IList[FileDialogCustomPlace], ICollection[FileDialogCustomPlace], IEnumerable[FileDialogCustomPlace], IEnumerable, IList, ICollection, IReadOnlyList[FileDialogCustomPlace], IReadOnlyCollection[FileDialogCustomPlace]	0
FileExistsConditionAttribute	Autodesk.AutoCAD.Runtime	Autodesk/AutoCAD/Runtime.py	180	185	Attribute	2
FileExportedEventArgs	Autodesk.Revit.DB.Events	Autodesk/Revit/DB/Events.py	291	301	RevitAPIPostDocEventArgs	7
FileExportingEventArgs	Autodesk.Revit.DB.Events	Autodesk/Revit/DB/Events.py	302	311	RevitAPIPreDocEventArgs	6
FileHasClosedEventHandler	Autodesk.AutoCAD.Runtime	Autodesk/AutoCAD/Runtime.py	186	194		5
FileImportedEventArgs	Autodesk.Revit.DB.Events	Autodesk/Revit/DB/Events.py	312	322	RevitAPIPostDocEventArgs	7
FileImportingEventArgs	Autodesk.Revit.DB.Events	Autodesk/Revit/DB/Events.py	323	331	RevitAPIPreDocEventArgs	5
FileInteractiveResolvedEventArgs	Autodesk.Navisworks.Api	Autodesk/Navisworks/Api/__init__.py	541	552	FileResolutionEventArgs	8
FileInteractiveResolvingEventArgs	Autodesk.Navisworks.Api	Autodesk/Navisworks/Api/__init__.py	553	566	FileResolutionEventArgs	10
FileMetadata	Autodesk.Navisworks.Api.Plugins	Autodesk/Navisworks/Api/Plugins.py	316	331	NativeHandle	10
FileNotFoundException	Autodesk.Revit.Exceptions	Autodesk/Revit/Exceptions.py	375	388	IOException	10
FileOpenAbortedEventHandler	Autodesk.AutoCAD.Runtime	Autodesk/AutoCAD/Runtime.py	195	203		5
FileOpenDialog	Autodesk.Revit.UI	Autodesk/Revit/UI/__init__.py	336	344	FileDialog	5
FileOpenMode	Autodesk.AutoCAD.DatabaseServices	Autodesk/AutoCAD/DatabaseServices/__init__.py	8693	8697		0
FileOperations	Autodesk.AutoCAD.Runtime	Autodesk/AutoCAD/Runtime.py	204	208		1
FileOperationsEventArgs	Autodesk.AutoCAD.Runtime	Autodesk/AutoCAD/Runtime.py	209	221	EventArgs	9
FilePath	Autodesk.Revit.DB	Autodesk/Revit/DB/__init__.py	7823	7832	ModelPath	6
FileProtocolHandle	Autodesk.Navisworks.Api.Plugins	Autodesk/Navisworks/Api/Plugins.py	332	338		3
FileProtocolOpenMode	Autodesk.Navisworks.Api.Plugins	Autodesk/Navisworks/Api/Plugins.py	339	343		0
FileProtocolPlugin	Autodesk.Navisworks.Api.Plugins	Autodesk/Navisworks/Api/Plugins.py	344	367	Plugin	20
FileProtocolPluginRecord	Autodesk.Navisworks.Api.Plugins	Autodesk/Navisworks/Api/Plugins.py	368	389	PluginRecord	18
FileReferenceResolveResult	Autodesk.Navisworks.Api	Autodesk/Navisworks/Api/__init__.py	567	573		3
FileReferenceResolver	Autodesk.Navisworks.Api	Autodesk/Navisworks/Api/__init__.py	574	591	NativeHandle	11
FileReferenceResolverEventArgs	Autodesk.Navisworks.Api	Autodesk/Navisworks/Api/__init__.py	592	596	EventArgs	1
FileReferenceType	Autodesk.Navisworks.Api	Autodesk/Navisworks/Api/__init__.py	597	601		0
FileResolutionEventArgs	Autodesk.Navisworks.Api	Autodesk/Navisworks/Api/__init__.py	602	611	FileReferenceResolverEventArgs	6
FileResolutionResponse	Autodesk.Navisworks.Api	Autodesk/Navisworks/Api/__init__.py	612	616		0
FileResolvedEventArgs	Autodesk.Navisworks.Api	Autodesk/Navisworks/Api/__init__.py	617	629	FileResolutionEventArgs	9
FileResolvingEventArgs	Autodesk.Navisworks.Api	Autodesk/Navisworks/Api/__init__.py	630	642	FileResolutionEventArgs	9
FileSaveDialog	Autodesk.Revit.UI	Autodesk/Revit/UI/__init__.py	345	353	FileDialog	5
FileSaveEventArgs	Autodesk.Navisworks.Api	Autodesk/Navisworks/Api/__init__.py	643	649	EventArgs	3
FileStyleUriParser	System	System/__init__.py	25809	25817	UriParser	0
FileUpdateEventArgs	Autodesk.Navisworks.Api	Autodesk/Navisworks/Api/__init__.py	650	654	EventArgs	1
FileWillOpenEventHandler	Autodesk.AutoCAD.Runtime	Autodesk/AutoCAD/Runtime.py	222	230		5
FilenameProperty	System.Windows.Forms.VisualStyles	System/Windows/Forms/VisualStyles.py	585	636	Enum, IComparable, IFormattable, IConvertible	0
FilerType	Autodesk.AutoCAD.DatabaseServices	Autodesk/AutoCAD/DatabaseServices/__init__.py	8698	8702		0
Fill	Autodesk.AutoCAD.GraphicsInterface	Autodesk/AutoCAD/GraphicsInterface.py	301	307	RXObject	3
FillGrid	Autodesk.Revit.DB	Autodesk/Revit/DB/__init__.py	7833	7851		15
FillMode	System.Drawing.Drawing2D	System/Drawing/Drawing2D.py	717	762	Enum, IComparable, IFormattable, IConvertible	0
FillPattern	Autodesk.Revit.DB	Autodesk/Revit/DB/__init__.py	7852	7873		17
FillPatternElement	Autodesk.Revit.DB	Autodesk/Revit/DB/__init__.py	7874	7910	Element	31
FillPatternHostOrientation	Autodesk.Revit.DB	Autodesk/Revit/DB/__init__.py	7911	7915		0
FillPatternTarget	Autodesk.Revit.DB	Autodesk/Revit/DB/__init__.py	7916	7920		0
FillType	Autodesk.AutoCAD.GraphicsInterface	Autodesk/AutoCAD/GraphicsInterface.py	308	312		0
FillType	System.Windows.Forms.VisualStyles	System/Windows/Forms/VisualStyles.py	637	685	Enum, IComparable, IFormattable, IConvertible	0
FilledRegion	Autodesk.Revit.DB	Autodesk/Revit/DB/__init__.py	7921	7964	Element	35
FilledRegionType	Autodesk.Revit.DB	Autodesk/Revit/DB/__init__.py	7965	8012	LineAndTextAttrSymbol	43
FilletTrimMode	Autodesk.AutoCAD.DatabaseServices	Autodesk/AutoCAD/DatabaseServices/__init__.py	8703	8707		0
Filter	Autodesk.AutoCAD.DatabaseServices.Filters	Autodesk/AutoCAD/DatabaseServices/Filters.py	3	47	DBObject	41
FilterCategoryRule	Autodesk.Revit.DB	Autodesk/Revit/DB/__init__.py	8013	8021	FilterRule	4
FilterDialog	Autodesk.Revit.UI	Autodesk/Revit/UI/__init__.py	354	363		6
FilterDoubleRule	Autodesk.Revit.DB	Autodesk/Revit/DB/__init__.py	8022	8028	FilterNumericValueRule	3
FilterElement	Autodesk.Revit.DB	Autodesk/Revit/DB/__init__.py	8029	8061	Element	28
FilterElementIdRule	Autodesk.Revit.DB	Autodesk/Revit/DB/__init__.py	8062	8069	FilterNumericValueRule	3
FilterGlobalParameterAssociationRule	Autodesk.Revit.DB	Autodesk/Revit/DB/__init__.py	8070	8075	FilterNumericValueRule	2
FilterIntegerRule	Autodesk.Revit.DB	Autodesk/Revit/DB/__init__.py	8076	8081	FilterNumericValueRule	2
FilterInverseRule	Autodesk.Revit.DB	Autodesk/Revit/DB/__init__.py	8082	8088	FilterRule	3
FilterMessageWinFormsHandler	Autodesk.AutoCAD.ApplicationServices.Core	Autodesk/AutoCAD/ApplicationServices/Core.py	64	72		5
FilterNumericEquals	Autodesk.Revit.DB	Autodesk/Revit/DB/__init__.py	8089	8093	FilterNumericRuleEvaluator	1
FilterNumericGreater	Autodesk.Revit.DB	Autodesk/Revit/DB/__init__.py	8094	8098	FilterNumericRuleEvaluator	1
FilterNumericGreaterOrEqual	Autodesk.Revit.DB	Autodesk/Revit/DB/__init__.py	8099	8103	FilterNumericRuleEvaluator	1
FilterNumericLess	Autodesk.Revit.DB	Autodesk/Revit/DB/__init__.py	8104	8108	FilterNumericRuleEvaluator	1
FilterNumericLessOrEqual	Autodesk.Revit.DB	Autodesk/Revit/DB/__init__.py	8109	8113	FilterNumericRuleEvaluator	1
FilterNumericRuleEvaluator	Autodesk.Revit.DB	Autodesk/Revit/DB/__init__.py	8114	8120		3
FilterNumericValueRule	Autodesk.Revit.DB	Autodesk/Revit/DB/__init__.py	8121	8127	FilterValueRule	3
FilterOperatorAndTextString	Autodesk.Revit.DB	Autodesk/Revit/DB/__init__.py	8128	8135		4
FilterRule	Autodesk.Revit.DB	Autodesk/Revit/DB/__init__.py	8136	8143		4
FilterStringBeginsWith	Autodesk.Revit.DB	Autodesk/Revit/DB/__init__.py	8144	8148	FilterStringRuleEvaluator	1
FilterStringContains	Autodesk.Revit.DB	Autodesk/Revit/DB/__init__.py	8149	8153	FilterStringRuleEvaluator	1
FilterStringEndsWith	Autodesk.Revit.DB	Autodesk/Revit/DB/__init__.py	8154	8158	FilterStringRuleEvaluator	1
FilterStringEquals	Autodesk.Revit.DB	Autodesk/Revit/DB/__init__.py	8159	8163	FilterStringRuleEvaluator	1
FilterStringGreater	Autodesk.Revit.DB	Autodesk/Revit/DB/__init__.py	8164	8168	FilterStringRuleEvaluator	1
FilterStringGreaterOrEqual	Autodesk.Revit.DB	Autodesk/Revit/DB/__init__.py	8169	8173	FilterStringRuleEvaluator	1
FilterStringLess	Autodesk.Revit.DB	Autodesk/Revit/DB/__init__.py	8174	8178	FilterStringRuleEvaluator	1
FilterStringLessOrEqual	Autodesk.Revit.DB	Autodesk/Revit/DB/__init__.py	8179	8183	FilterStringRuleEvaluator	1
FilterStringRule	Autodesk.Revit.DB	Autodesk/Revit/DB/__init__.py	8184	8191	FilterValueRule	4
FilterStringRuleEvaluator	Autodesk.Revit.DB	Autodesk/Revit/DB/__init__.py	8192	8198		3
FilterValueRule	Autodesk.Revit.DB	Autodesk/Revit/DB/__init__.py	8199	8203	FilterRule	1
FilterableValueProvider	Autodesk.Revit.DB	Autodesk/Revit/DB/__init__.py	8204	8218		11
FilteredBlockIterator	Autodesk.AutoCAD.DatabaseServices.Filters	Autodesk/AutoCAD/DatabaseServices/Filters.py	48	62	DisposableWrapper	11
FilteredElementCollector	Autodesk.Revit.DB	Autodesk/Revit/DB/__init__.py	8219	8247		24
FilteredElementIdIterator	Autodesk.Revit.DB	Autodesk/Revit/DB/__init__.py	8248	8258		7
FilteredElementIterator	Autodesk.Revit.DB	Autodesk/Revit/DB/__init__.py	8259	8269		7
FilteredWorksetCollector	Autodesk.Revit.DB	Autodesk/Revit/DB/__init__.py	8270	8284		11
FilteredWorksetIdIterator	Autodesk.Revit.DB	Autodesk/Revit/DB/__init__.py	8285	8295		7
FilteredWorksetIterator	Autodesk.Revit.DB	Autodesk/Revit/DB/__init__.py	8296	8306		7
FinalGatherMode	Autodesk.AutoCAD.GraphicsInterface	Autodesk/AutoCAD/GraphicsInterface.py	313	317		0
FindFileHint	Autodesk.AutoCAD.DatabaseServices	Autodesk/AutoCAD/DatabaseServices/__init__.py	8708	8712		0
FindReferenceTarget	Autodesk.Revit.DB	Autodesk/Revit/DB/__init__.py	8307	8311		0
FindReplaceCommand	Autodesk.AutoCAD.Windows.Data	Autodesk/AutoCAD/Windows/Data/__init__.py	578	582	IPECommandBase	1
FindTextCommand	Autodesk.AutoCAD.Windows.Data	Autodesk/AutoCAD/Windows/Data/__init__.py	583	588	IPECommandBase	2
FirstNumberFormattingOptions	Autodesk.Revit.DB	Autodesk/Revit/DB/__init__.py	8312	8316		0
FitData	Autodesk.AutoCAD.DatabaseServices	Autodesk/AutoCAD/DatabaseServices/__init__.py	8713	8727		11
FitDirectionType	Autodesk.Revit.DB	Autodesk/Revit/DB/__init__.py	8317	8321		0
FittingAndAccessoryCalculationType	Autodesk.Revit.DB	Autodesk/Revit/DB/__init__.py	8322	8326		0
FittingAngleUsage	Autodesk.Revit.DB	Autodesk/Revit/DB/__init__.py	8327	8331		0
FixedConstraint	Autodesk.AutoCAD.DatabaseServices	Autodesk/AutoCAD/DatabaseServices/__init__.py	8728	8743	GeometricalConstraint	12
FixedPanel	System.Windows.Forms	System/Windows/Forms/__init__.py	116727	116773	Enum, IComparable, IFormattable, IConvertible	0
FlagsAttribute	System	System/__init__.py	25818	25833	Attribute, _Attribute	0
FlatButtonAppearance	System.Windows.Forms	System/Windows/Forms/__init__.py	116774	116842	object	0
FlatStyle	System.Windows.Forms	System/Windows/Forms/__init__.py	116843	116890	Enum, IComparable, IFormattable, IConvertible	0
FlexDuct	Autodesk.Revit.DB.Mechanical	Autodesk/Revit/DB/Mechanical.py	538	585	MEPCurve	41
FlexDuctType	Autodesk.Revit.DB.Mechanical	Autodesk/Revit/DB/Mechanical.py	586	631	MEPCurveType	42
FlexPipe	Autodesk.Revit.DB.Plumbing	Autodesk/Revit/DB/Plumbing.py	3	51	MEPCurve	42
FlexPipeType	Autodesk.Revit.DB.Plumbing	Autodesk/Revit/DB/Plumbing.py	52	97	MEPCurveType	42
Floor	Autodesk.Revit.DB	Autodesk/Revit/DB/__init__.py	8332	8373	CeilingAndFloor	36
FloorFace	Autodesk.Revit.DB	Autodesk/Revit/DB/__init__.py	8374	8378		0
FloorType	Autodesk.Revit.DB	Autodesk/Revit/DB/__init__.py	8379	8416	HostObjAttributes	34
FlowConvergenceCharacteristic	Autodesk.Revit.DB.Analysis	Autodesk/Revit/DB/Analysis.py	1055	1059		0
FlowConversionMode	Autodesk.Revit.DB.Plumbing	Autodesk/Revit/DB/Plumbing.py	98	102		0
FlowDirection	Autodesk.AutoCAD.DatabaseServices	Autodesk/AutoCAD/DatabaseServices/__init__.py	8744	8748		0
FlowDirection	System.Windows.Forms	System/Windows/Forms/__init__.py	116891	116938	Enum, IComparable, IFormattable, IConvertible	0
FlowDirectionMethodType	Autodesk.Civil.DatabaseServices	Autodesk/Civil/DatabaseServices/__init__.py	7363	7367		0
FlowDirectionType	Autodesk.Civil.DatabaseServices	Autodesk/Civil/DatabaseServices/__init__.py	7368	7372		0
FlowDirectionType	Autodesk.Revit.DB	Autodesk/Revit/DB/__init__.py	8417	8421		0
FlowLayoutPanel	System.Windows.Forms	System/Windows/Forms/__init__.py	119186	121428	Panel, IComponent, IDisposable, IOleControl, IOleObject, IOleInPlaceObject, IOleInPlaceActiveObject, IOleWindow, IViewObject, IViewObject2, IPersist, IPersistStreamInit, IPersistPropertyBag, IPersistStorage, IQuickActivate, ISupportOleDropSource, IDropTarget, ISynchronizeInvoke, IWin32Window, IArrangedElement, IBindableComponent, IExtenderProvider	0
FlowLayoutSettings	System.Windows.Forms	System/Windows/Forms/__init__.py	121444	121514	LayoutSettings	0
FlowPath	Autodesk.Civil.DatabaseServices	Autodesk/Civil/DatabaseServices/__init__.py	7373	7384		8
FlowPositionCharacteristic	Autodesk.Revit.DB.Analysis	Autodesk/Revit/DB/Analysis.py	1060	1064		0
FlowSegment	Autodesk.Civil.DatabaseServices	Autodesk/Civil/DatabaseServices/__init__.py	7385	7402		14
FlowSegmentLabel	Autodesk.Civil.DatabaseServices	Autodesk/Civil/DatabaseServices/__init__.py	7403	7556	FeatureLabel	148
FlowTransitionCharacteristic	Autodesk.Revit.DB.Analysis	Autodesk/Revit/DB/Analysis.py	1065	1069		0
FlowUnitType	Autodesk.Civil	Autodesk/Civil/__init__.py	596	600		0
FluidTemperature	Autodesk.Revit.DB.Plumbing	Autodesk/Revit/DB/Plumbing.py	103	111		5
FluidTemperatureSetIterator	Autodesk.Revit.DB.Plumbing	Autodesk/Revit/DB/Plumbing.py	112	122		7
FluidType	Autodesk.Revit.DB.Plumbing	Autodesk/Revit/DB/Plumbing.py	123	169	ElementType	40
FlushIntention	System.Drawing.Drawing2D	System/Drawing/Drawing2D.py	763	808	Enum, IComparable, IFormattable, IConvertible	0
FlyoutEntryAttribute	Autodesk.AutoCAD.Windows.ToolPalette	Autodesk/AutoCAD/Windows/ToolPalette.py	103	108	Attribute	2
FocusChangedEventHandler	Autodesk.AutoCAD.Internal	Autodesk/AutoCAD/Internal/__init__.py	1017	1025		5
Folder	Autodesk.Civil.DatabaseServices	Autodesk/Civil/DatabaseServices/__init__.py	7557	7613	DBObject	53
FolderBrowserDialog	System.Windows.Forms	System/Windows/Forms/__init__.py	121515	121774	CommonDialog, IComponent, IDisposable	0
FolderItem	Autodesk.Navisworks.Api	Autodesk/Navisworks/Api/__init__.py	655	670	GroupItem	10
FolderItemInfo	Autodesk.Revit.DB	Autodesk/Revit/DB/__init__.py	8422	8430		5
FolderUtil	Autodesk.Civil.DatabaseServices	Autodesk/Civil/DatabaseServices/__init__.py	7614	7621		2
Font	Autodesk.AutoCAD.DatabaseServices	Autodesk/AutoCAD/DatabaseServices/__init__.py	8749	8754		2
Font	System.Drawing	System/Drawing/__init__.py	2501	3039	MarshalByRefObject, ICloneable, ISerializable, IDisposable	0
FontCollection	System.Drawing.Text	System/Drawing/Text.py	11	59	object, IDisposable	0
FontConverter	System.Drawing	System/Drawing/__init__.py	3040	3261	TypeConverter	0
FontDescriptor	Autodesk.AutoCAD.GraphicsInterface	Autodesk/AutoCAD/GraphicsInterface.py	318	329		8
FontDialog	System.Windows.Forms	System/Windows/Forms/__init__.py	121775	122221	CommonDialog, IComponent, IDisposable	0
FontFamily	System.Drawing	System/Drawing/__init__.py	3262	3561	MarshalByRefObject, IDisposable	0
FontProperty	System.Windows.Forms.VisualStyles	System/Windows/Forms/VisualStyles.py	686	730	Enum, IComparable, IFormattable, IConvertible	0
FontStyle	System.Drawing	System/Drawing/__init__.py	3562	3610	Enum, IComparable, IFormattable, IConvertible	0
FootPrintRoof	Autodesk.Revit.DB	Autodesk/Revit/DB/__init__.py	8431	8471	RoofBase	37
ForbiddenForDynamicUpdateException	Autodesk.Revit.Exceptions	Autodesk/Revit/Exceptions.py	389	402	InvalidOperationException	10
ForgeTypeId	Autodesk.Revit.DB	Autodesk/Revit/DB/__init__.py	8472	8484		9
Form	Autodesk.Revit.DB	Autodesk/Revit/DB/__init__.py	8485	8559	GenericForm	71
Form	System.Windows.Forms	System/Windows/Forms/__init__.py	122222	125553	ContainerControl, IComponent, IDisposable, IOleControl, IOleObject, IOleInPlaceObject, IOleInPlaceActiveObject, IOleWindow, IViewObject, IViewObject2, IPersist, IPersistStreamInit, IPersistPropertyBag, IPersistStorage, IQuickActivate, ISupportOleDropSource, IDropTarget, ISynchronizeInvoke, IWin32Window, IArrangedElement, IBindableComponent, IContainerControl	0
FormArray	Autodesk.Revit.DB	Autodesk/Revit/DB/__init__.py	8560	8573	APIObject	10
FormArrayIterator	Autodesk.Revit.DB	Autodesk/Revit/DB/__init__.py	8574	8581	APIObject	4
FormBorderStyle	System.Windows.Forms	System/Windows/Forms/__init__.py	125554	125604	Enum, IComparable, IFormattable, IConvertible	0
FormClosedEventArgs	System.Windows.Forms	System/Windows/Forms/__init__.py	125605	125630	EventArgs	0
FormClosedEventHandler	System.Windows.Forms	System/Windows/Forms/__init__.py	125631	125735	MulticastDelegate, ICloneable, ISerializable	0
FormClosingEventArgs	System.Windows.Forms	System/Windows/Forms/__init__.py	125736	125761	CancelEventArgs	0
FormClosingEventHandler	System.Windows.Forms	System/Windows/Forms/__init__.py	125762	125866	MulticastDelegate, ICloneable, ISerializable	0
FormCollection	System.Windows.Forms	System/Windows/Forms/__init__.py	125867	125895	ReadOnlyCollectionBase, ICollection, IEnumerable	0
FormStartPosition	System.Windows.Forms	System/Windows/Forms/__init__.py	125896	125944	Enum, IComparable, IFormattable, IConvertible	0
FormUtils	Autodesk.Revit.DB	Autodesk/Revit/DB/__init__.py	8582	8589		2
FormWindowState	System.Windows.Forms	System/Windows/Forms/__init__.py	125945	125991	Enum, IComparable, IFormattable, IConvertible	0
FormatException	System	System/__init__.py	25834	25877	SystemException, ISerializable, _Exception	0
FormatOption	Autodesk.AutoCAD.DatabaseServices	Autodesk/AutoCAD/DatabaseServices/__init__.py	8755	8759		0
FormatOptions	Autodesk.Revit.DB	Autodesk/Revit/DB/__init__.py	8590	8624		23
FormatStatus	Autodesk.Revit.DB	Autodesk/Revit/DB/__init__.py	8625	8629		0
FormatValueOptions	Autodesk.Revit.DB	Autodesk/Revit/DB/__init__.py	8630	8638		5
FormattableString	System	System/__init__.py	25878	25931	object, IFormattable	0
FormattedTableData	Autodesk.AutoCAD.DatabaseServices	Autodesk/AutoCAD/DatabaseServices/__init__.py	8760	8839	LinkedTableData	76
FormattedText	Autodesk.Revit.DB	Autodesk/Revit/DB/__init__.py	8639	8669		27
FormulaEditingEventArgs	Autodesk.Revit.UI.Events	Autodesk/Revit/UI/Events.py	122	131	RevitAPIPreEventArgs	6
FormulaManager	Autodesk.Revit.DB	Autodesk/Revit/DB/__init__.py	8670	8683		6
Frame	Autodesk.Revit.DB	Autodesk/Revit/DB/__init__.py	8684	8699		11
FrameDimension	System.Drawing.Imaging	System/Drawing/Imaging.py	1484	1568	object	0
FrameSetting	Autodesk.AutoCAD.DatabaseServices	Autodesk/AutoCAD/DatabaseServices/__init__.py	8840	8844		0
FrameStyle	System.Windows.Forms	System/Windows/Forms/__init__.py	125992	126037	Enum, IComparable, IFormattable, IConvertible	0
FramingShapeClassification	Autodesk.Revit.DB	Autodesk/Revit/DB/__init__.py	8700	8704		0
FreeFormElement	Autodesk.Revit.DB	Autodesk/Revit/DB/__init__.py	8705	8744	GenericForm	35
FreeFormSetOrientationOptions	Autodesk.Revit.DB.Structure	Autodesk/Revit/DB/Structure/__init__.py	1346	1350		0
FreeHaulDisplayType	Autodesk.Civil	Autodesk/Civil/__init__.py	601	605		0
FrontAndBackClipping	Autodesk.AutoCAD.GraphicsInterface	Autodesk/AutoCAD/GraphicsInterface.py	330	340		7
FtpStyleUriParser	System	System/__init__.py	25932	25940	UriParser	0
FullDwgVersion	Autodesk.AutoCAD.DatabaseServices	Autodesk/AutoCAD/DatabaseServices/__init__.py	8845	8853		5
FullSubentityPath	Autodesk.AutoCAD.DatabaseServices	Autodesk/AutoCAD/DatabaseServices/__init__.py	8854	8864		7
FuncPrologEpilogEventArgs	Autodesk.AutoCAD.Internal.Calculator	Autodesk/AutoCAD/Internal/Calculator.py	87	91	EventArgs	0
FunctionId	Autodesk.Revit.Exceptions	Autodesk/Revit/Exceptions.py	403	410		4
G2SmoothConstraint	Autodesk.AutoCAD.DatabaseServices	Autodesk/AutoCAD/DatabaseServices/__init__.py	8865	8881	CompositeConstraint	13
GBXMLExportOptions	Autodesk.Revit.DB	Autodesk/Revit/DB/__init__.py	8745	8751		3
GBXMLImportOptions	Autodesk.Revit.DB	Autodesk/Revit/DB/__init__.py	8752	8756		0
GC	System	System/__init__.py	25941	26297	object	0
GCCollectionMode	System	System/__init__.py	26298	26344	Enum, IComparable, IFormattable, IConvertible	0
GCNotificationStatus	System	System/__init__.py	26345	26393	Enum, IComparable, IFormattable, IConvertible	0
GdiDrawObject	Autodesk.AutoCAD.GraphicsInterface	Autodesk/AutoCAD/GraphicsInterface.py	341	350	RXObject	6
GeneralSegmentLabel	Autodesk.Civil.DatabaseServices	Autodesk/Civil/DatabaseServices/__init__.py	7622	7776	Label	149
GeneralSurfaceProperties	Autodesk.Civil.DatabaseServices	Autodesk/Civil/DatabaseServices/__init__.py	7777	7789		9
Generic	Autodesk.Revit.DB.Visual	Autodesk/Revit/DB/Visual.py	525	547		19
GenericFontFamilies	System.Drawing.Text	System/Drawing/Text.py	60	106	Enum, IComparable, IFormattable, IConvertible	0
GenericForm	Autodesk.Revit.DB	Autodesk/Revit/DB/__init__.py	8757	8793	CombinableElement	33
GenericImportOptions	Autodesk.Revit.DB	Autodesk/Revit/DB/__init__.py	8794	8798		1
GenericTexture	Autodesk.AutoCAD.GraphicsInterface	Autodesk/AutoCAD/GraphicsInterface.py	351	363	ProceduralTexture	9
GenericUriParser	System	System/__init__.py	26394	26407	UriParser	0
GenericUriParserOptions	System	System/__init__.py	26408	26463	Enum, IComparable, IFormattable, IConvertible	0
GenericZone	Autodesk.Revit.DB.Analysis	Autodesk/Revit/DB/Analysis.py	1070	1118	Element	43
GenericZoneDomainData	Autodesk.Revit.DB.Analysis	Autodesk/Revit/DB/Analysis.py	1119	1124		2
Geo	Autodesk.Aec.DatabaseServices	Autodesk/Aec/DatabaseServices.py	3490	3607	Entity	114
GeoCSProjectionCode	Autodesk.AutoCAD.DatabaseServices	Autodesk/AutoCAD/DatabaseServices/__init__.py	8882	8886		0
GeoCSType	Autodesk.AutoCAD.DatabaseServices	Autodesk/AutoCAD/DatabaseServices/__init__.py	8887	8891		0
GeoCSUnit	Autodesk.AutoCAD.DatabaseServices	Autodesk/AutoCAD/DatabaseServices/__init__.py	8892	8896		0
GeoCoordinateCategory	Autodesk.AutoCAD.DatabaseServices	Autodesk/AutoCAD/DatabaseServices/__init__.py	8897	8908	DisposableWrapper	7
GeoCoordinateSystem	Autodesk.AutoCAD.DatabaseServices	Autodesk/AutoCAD/DatabaseServices/__init__.py	8909	8935	DisposableWrapper	21
GeoCoordinateTransformer	Autodesk.AutoCAD.DatabaseServices	Autodesk/AutoCAD/DatabaseServices/__init__.py	8936	8950	DisposableWrapper	8
GeoData	Autodesk.AutoCAD.Windows.Data	Autodesk/AutoCAD/Windows/Data/__init__.py	589	599		7
GeoDataLonLatAltInfo	Autodesk.AutoCAD.Geometry	Autodesk/AutoCAD/Geometry.py	800	806		3
GeoEntity	Autodesk.Civil.DatabaseServices	Autodesk/Civil/DatabaseServices/__init__.py	7790	7904	Entity	111
GeoLocationData	Autodesk.AutoCAD.DatabaseServices	Autodesk/AutoCAD/DatabaseServices/__init__.py	8951	9023	DBObject	69
GeoPositionMarker	Autodesk.AutoCAD.DatabaseServices	Autodesk/AutoCAD/DatabaseServices/__init__.py	9024	9110	Entity	83
GeographicCoordinateType	Autodesk.Civil.Settings	Autodesk/Civil/Settings.py	38	42		0
GeomCombination	Autodesk.Revit.DB	Autodesk/Revit/DB/__init__.py	8799	8831	CombinableElement	29
GeomCombinationSet	Autodesk.Revit.DB	Autodesk/Revit/DB/__init__.py	8832	8845	APIObject	10
GeomCombinationSetIterator	Autodesk.Revit.DB	Autodesk/Revit/DB/__init__.py	8846	8853	APIObject	4
GeomRef	Autodesk.AutoCAD.DatabaseServices	Autodesk/AutoCAD/DatabaseServices/__init__.py	9111	9120	RXObject	6
GeomapImage	Autodesk.AutoCAD.DatabaseServices	Autodesk/AutoCAD/DatabaseServices/__init__.py	9121	9226	RasterImage	102
GeometricalConstraint	Autodesk.AutoCAD.DatabaseServices	Autodesk/AutoCAD/DatabaseServices/__init__.py	9227	9245	ConstraintGroupNode	15
Geometry	Autodesk.AutoCAD.GraphicsInterface	Autodesk/AutoCAD/GraphicsInterface.py	364	399	RXObject	32
GeometryCreationUtilities	Autodesk.Revit.DB	Autodesk/Revit/DB/__init__.py	8854	8871		7
GeometryElement	Autodesk.Revit.DB	Autodesk/Revit/DB/__init__.py	8872	8884	GeometryObject	9
GeometryInstance	Autodesk.Revit.DB	Autodesk/Revit/DB/__init__.py	8885	8899	GeometryObject	11
GeometryObject	Autodesk.Revit.DB	Autodesk/Revit/DB/__init__.py	8900	8910	APIObject	7
GeometryOverrule	Autodesk.AutoCAD.DatabaseServices	Autodesk/AutoCAD/DatabaseServices/__init__.py	9246	9259	Overrule	10
GeometryPointLabelOption	Autodesk.Civil	Autodesk/Civil/__init__.py	606	611		2
GeometryPointSelector	Autodesk.Civil	Autodesk/Civil/__init__.py	612	618		3
GetAngleEventHandler	Autodesk.AutoCAD.Internal.PreviousInput	Autodesk/AutoCAD/Internal/PreviousInput.py	51	59		5
GetChildAtPointSkip	System.Windows.Forms	System/Windows/Forms/__init__.py	126038	126085	Enum, IComparable, IFormattable, IConvertible	0
GetDMFileItemCallback	Autodesk.AutoCAD.Internal	Autodesk/AutoCAD/Internal/__init__.py	1026	1034		5
GetDistanceEventHandler	Autodesk.AutoCAD.Internal.PreviousInput	Autodesk/AutoCAD/Internal/PreviousInput.py	60	68		5
GetGripPointsFlags	Autodesk.AutoCAD.DatabaseServices	Autodesk/AutoCAD/DatabaseServices/__init__.py	9260	9264		0
GetInputEventArgs	Autodesk.AutoCAD.Internal.PreviousInput	Autodesk/AutoCAD/Internal/PreviousInput.py	69	75	EventArgs	3
GetInputEventHandler	Autodesk.AutoCAD.Internal.PreviousInput	Autodesk/AutoCAD/Internal/PreviousInput.py	76	84		5
GetInterfaceFunction	Autodesk.AutoCAD.GraphicsSystem	Autodesk/AutoCAD/GraphicsSystem.py	160	168		5
GetSharedRecentFilesCallback	Autodesk.AutoCAD.Internal	Autodesk/AutoCAD/Internal/__init__.py	1035	1043		5
GetTheAnswerDelegate	Autodesk.AutoCAD.Internal	Autodesk/AutoCAD/Internal/__init__.py	1044	1052		5
GiveFeedbackEventArgs	System.Windows.Forms	System/Windows/Forms/__init__.py	126086	126124	EventArgs	0
GiveFeedbackEventHandler	System.Windows.Forms	System/Windows/Forms/__init__.py	126125	126229	MulticastDelegate, ICloneable, ISerializable	0
Glazing	Autodesk.Revit.DB.Visual	Autodesk/Revit/DB/Visual.py	548	558		7
GlazingTransmittanceColorType	Autodesk.Revit.DB.Visual	Autodesk/Revit/DB/Visual.py	559	563		0
GlobalIlluminationMode	Autodesk.AutoCAD.GraphicsInterface	Autodesk/AutoCAD/GraphicsInterface.py	400	404		0
GlobalParameter	Autodesk.Revit.DB	Autodesk/Revit/DB/__init__.py	8911	8961	ParameterElement	46
GlobalParametersManager	Autodesk.Revit.DB	Autodesk/Revit/DB/__init__.py	8962	8985		11
GlobalVariable	Autodesk.AutoCAD.Internal.Calculator	Autodesk/AutoCAD/Internal/Calculator.py	92	100	DisposableWrapper	5
GlobalVariableEventArgs	Autodesk.AutoCAD.Internal.Calculator	Autodesk/AutoCAD/Internal/Calculator.py	101	105	EventArgs	0
Glyph	Autodesk.AutoCAD.GraphicsInterface	Autodesk/AutoCAD/GraphicsInterface.py	405	417	Drawable	9
GlyphFontSizingType	System.Windows.Forms.VisualStyles	System/Windows/Forms/VisualStyles.py	731	777	Enum, IComparable, IFormattable, IConvertible	0
GlyphType	System.Windows.Forms.VisualStyles	System/Windows/Forms/VisualStyles.py	778	824	Enum, IComparable, IFormattable, IConvertible	0
GopherStyleUriParser	System	System/__init__.py	26464	26472	UriParser	0
GradeFormatType	Autodesk.Civil	Autodesk/Civil/__init__.py	619	623		0
GradeSlopeFormatType	Autodesk.Civil	Autodesk/Civil/__init__.py	624	628		0
Gradient	Autodesk.Revit.DB.Visual	Autodesk/Revit/DB/Visual.py	564	589		22
GradientBackground	Autodesk.AutoCAD.DatabaseServices	Autodesk/AutoCAD/DatabaseServices/__init__.py	9265	9314	Background	46
GradientBackgroundSettings	Autodesk.Revit.DB	Autodesk/Revit/DB/__init__.py	8986	8993	BackgroundSettings	4
GradientBackgroundTraits	Autodesk.AutoCAD.GraphicsInterface	Autodesk/AutoCAD/GraphicsInterface.py	418	450	NonEntityTraits	29
GradientColor	Autodesk.AutoCAD.DatabaseServices	Autodesk/AutoCAD/DatabaseServices/__init__.py	9315	9320		2
GradientFill	Autodesk.AutoCAD.GraphicsInterface	Autodesk/AutoCAD/GraphicsInterface.py	451	462	Fill	8
GradientInterpolationType	Autodesk.Revit.DB.Visual	Autodesk/Revit/DB/Visual.py	590	594		0
GradientNoiseType	Autodesk.Revit.DB.Visual	Autodesk/Revit/DB/Visual.py	595	599		0
GradientPatternType	Autodesk.AutoCAD.DatabaseServices	Autodesk/AutoCAD/DatabaseServices/__init__.py	9321	9325		0
GradientType	Autodesk.AutoCAD.GraphicsInterface	Autodesk/AutoCAD/GraphicsInterface.py	463	467		0
GradientType	Autodesk.Revit.DB.Visual	Autodesk/Revit/DB/Visual.py	600	604		0
Grading	Autodesk.Civil.DatabaseServices	Autodesk/Civil/DatabaseServices/__init__.py	7905	8019	Entity	111
GradingCriteria	Autodesk.Civil.DatabaseServices.Styles	Autodesk/Civil/DatabaseServices/Styles.py	1223	1294	StyleBase	68
GradingCriteriaSet	Autodesk.Civil.DatabaseServices.Styles	Autodesk/Civil/DatabaseServices/Styles.py	1295	1354	StyleBase	56
GradingCriteriaSetCollection	Autodesk.Civil.DatabaseServices.Styles	Autodesk/Civil/DatabaseServices/Styles.py	1355	1365	StyleCollectionBase	7
GradingDisplayStyleType	Autodesk.Civil.DatabaseServices.Styles	Autodesk/Civil/DatabaseServices/Styles.py	1366	1370		0
GradingDistanceProjectionType	Autodesk.Civil	Autodesk/Civil/__init__.py	629	633		0
GradingElevationProjectionType	Autodesk.Civil	Autodesk/Civil/__init__.py	634	638		0
GradingInteriorCornerOverlapSolutionType	Autodesk.Civil	Autodesk/Civil/__init__.py	639	643		0
GradingRelativeElevationProjectionType	Autodesk.Civil	Autodesk/Civil/__init__.py	644	648		0
GradingSearchOrderType	Autodesk.Civil	Autodesk/Civil/__init__.py	649	653		0
GradingSlopeFormatType	Autodesk.Civil	Autodesk/Civil/__init__.py	654	658		0
GradingSmoothOption	Autodesk.Civil.DatabaseServices	Autodesk/Civil/DatabaseServices/__init__.py	8020	8027		4
GradingStyle	Autodesk.Civil.DatabaseServices.Styles	Autodesk/Civil/DatabaseServices/Styles.py	1371	1435	StyleBase	61
GradingStyleCollection	Autodesk.Civil.DatabaseServices.Styles	Autodesk/Civil/DatabaseServices/Styles.py	1436	1448	StyleCollectionBase	9
GradingSurfaceProjectionType	Autodesk.Civil	Autodesk/Civil/__init__.py	659	663		0
GradingTargetType	Autodesk.Civil	Autodesk/Civil/__init__.py	664	668		0
Graph	Autodesk.AutoCAD.DatabaseServices	Autodesk/AutoCAD/DatabaseServices/__init__.py	9326	9347	DisposableWrapper	17
Graph	Autodesk.Civil.DatabaseServices	Autodesk/Civil/DatabaseServices/__init__.py	8028	8143	GeoEntity	112
GraphBandSet	Autodesk.Civil.DatabaseServices	Autodesk/Civil/DatabaseServices/__init__.py	8144	8150		3
GraphDirectionType	Autodesk.Civil.DatabaseServices.Styles	Autodesk/Civil/DatabaseServices/Styles.py	1449	1453		0
GraphDisplayOption	Autodesk.Civil.DatabaseServices	Autodesk/Civil/DatabaseServices/__init__.py	8151	8163	DisposableWrapper	9
GraphDisplayOptionCollection	Autodesk.Civil.DatabaseServices	Autodesk/Civil/DatabaseServices/__init__.py	8164	8172		5
GraphNode	Autodesk.AutoCAD.DatabaseServices	Autodesk/AutoCAD/DatabaseServices/__init__.py	9348	9376	DisposableWrapper	24
GraphNodeCollection	Autodesk.AutoCAD.DatabaseServices	Autodesk/AutoCAD/DatabaseServices/__init__.py	9377	9394	DisposableWrapper	14
GraphOverride	Autodesk.Civil.DatabaseServices	Autodesk/Civil/DatabaseServices/__init__.py	8173	8180	CivilWrapper<AeccDbGraph>	4
GraphOverrideCollection	Autodesk.Civil.DatabaseServices	Autodesk/Civil/DatabaseServices/__init__.py	8181	8190		6
GraphRangeOptions	Autodesk.Civil.DatabaseServices	Autodesk/Civil/DatabaseServices/__init__.py	8191	8195		0
GraphStyle	Autodesk.Civil.DatabaseServices.Styles	Autodesk/Civil/DatabaseServices/Styles.py	1454	1462	CivilWrapper<AeccDbGraphStyle>	5
GraphTitleJustificationType	Autodesk.Civil.DatabaseServices.Styles	Autodesk/Civil/DatabaseServices/Styles.py	1463	1467		0
GraphTitleLocationType	Autodesk.Civil.DatabaseServices.Styles	Autodesk/Civil/DatabaseServices/Styles.py	1468	1472		0
GraphTitleStyle	Autodesk.Civil.DatabaseServices.Styles	Autodesk/Civil/DatabaseServices/Styles.py	1473	1485	CivilWrapper<AeccDbGraphStyle>	9
Graphics	Autodesk.Navisworks.Api	Autodesk/Navisworks/Api/__init__.py	671	726	NativeHandle	50
Graphics	System.Drawing	System/Drawing/__init__.py	3611	7217	MarshalByRefObject, IDisposable, IDeviceContext	0
GraphicsContainer	System.Drawing.Drawing2D	System/Drawing/Drawing2D.py	809	811	MarshalByRefObject	0
GraphicsKernel	Autodesk.AutoCAD.GraphicsSystem	Autodesk/AutoCAD/GraphicsSystem.py	169	175	DisposableWrapper	3
GraphicsMetafileType	Autodesk.AutoCAD.DatabaseServices	Autodesk/AutoCAD/DatabaseServices/__init__.py	9395	9399		0
GraphicsPath	System.Drawing.Drawing2D	System/Drawing/Drawing2D.py	812	2535	MarshalByRefObject, ICloneable, IDisposable	0
GraphicsPathIterator	System.Drawing.Drawing2D	System/Drawing/Drawing2D.py	2536	2820	MarshalByRefObject, IDisposable	0
GraphicsState	System.Drawing.Drawing2D	System/Drawing/Drawing2D.py	2821	2823	MarshalByRefObject	0
GraphicsStorage	Autodesk.Aec.DatabaseServices	Autodesk/Aec/DatabaseServices.py	3608	3627	ImpObject	16
GraphicsStorageArc	Autodesk.Aec.DatabaseServices	Autodesk/Aec/DatabaseServices.py	3628	3648	GraphicsStorage	17
GraphicsStorageBody	Autodesk.Aec.DatabaseServices	Autodesk/Aec/DatabaseServices.py	3649	3670	GraphicsStorage	18
GraphicsStorageFace	Autodesk.Aec.DatabaseServices	Autodesk/Aec/DatabaseServices.py	3671	3692	GraphicsStorage	18
GraphicsStorageHatch	Autodesk.Aec.DatabaseServices	Autodesk/Aec/DatabaseServices.py	3693	3714	GraphicsStorage	18
GraphicsStorageHatchType	Autodesk.Aec.DatabaseServices	Autodesk/Aec/DatabaseServices.py	3715	3719		0
GraphicsStoragePolyline	Autodesk.Aec.DatabaseServices	Autodesk/Aec/DatabaseServices.py	3720	3740	GraphicsStorage	17
GraphicsStorageShell	Autodesk.Aec.DatabaseServices	Autodesk/Aec/DatabaseServices.py	3741	3764	GraphicsStorage	20
GraphicsStorageVisibility	Autodesk.Aec.DatabaseServices	Autodesk/Aec/DatabaseServices.py	3765	3769		0
GraphicsStyle	Autodesk.Revit.DB	Autodesk/Revit/DB/__init__.py	8994	9026	Element	29
GraphicsStyleType	Autodesk.Revit.DB	Autodesk/Revit/DB/__init__.py	9027	9031		0
GraphicsSystemEntityDrawData	Autodesk.Aec.DatabaseServices	Autodesk/Aec/DatabaseServices.py	3770	3780	DisposableWrapper	7
GraphicsUnit	System.Drawing	System/Drawing/__init__.py	7218	7268	Enum, IComparable, IFormattable, IConvertible	0
Grid	Autodesk.Revit.DB	Autodesk/Revit/DB/__init__.py	9032	9068	DatumPlane	32
GridAssembly	Autodesk.Aec.DatabaseServices	Autodesk/Aec/DatabaseServices.py	3781	3940	CellLayoutTool	156
GridAssemblyCell	Autodesk.Aec.DatabaseServices	Autodesk/Aec/DatabaseServices.py	3941	3972	LayoutCell	28
GridAssemblyComponentSet	Autodesk.Aec.DatabaseServices	Autodesk/Aec/DatabaseServices.py	3973	3986	ImpObject	10
GridAssemblyComponentType	Autodesk.Aec.DatabaseServices	Autodesk/Aec/DatabaseServices.py	3987	3991		0
GridAssemblyCustomDefinition	Autodesk.Aec.DatabaseServices	Autodesk/Aec/DatabaseServices.py	3992	4005	GridAssemblyDefinition	10
GridAssemblyDefinition	Autodesk.Aec.DatabaseServices	Autodesk/Aec/DatabaseServices.py	4006	4020	ImpObject	11
GridAssemblyEdge	Autodesk.Aec.DatabaseServices	Autodesk/Aec/DatabaseServices.py	4021	4045	ImpObject	21
GridAssemblyInterference	Autodesk.Aec.DatabaseServices	Autodesk/Aec/DatabaseServices.py	4046	4056	ImpObject	7
GridAssemblyInterferenceCollection	Autodesk.Aec.DatabaseServices	Autodesk/Aec/DatabaseServices.py	4057	4072		12
GridAssemblyStyle	Autodesk.Aec.DatabaseServices	Autodesk/Aec/DatabaseServices.py	4073	4141	DictionaryRecord	65
GridColumnStylesCollection	System.Windows.Forms	System/Windows/Forms/__init__.py	126230	126484	BaseCollection, ICollection, IEnumerable, IList	0
GridCoordinateType	Autodesk.Civil.Settings	Autodesk/Civil/Settings.py	43	47		0
GridCustom	Autodesk.Aec.DatabaseServices	Autodesk/Aec/DatabaseServices.py	4142	4171	GridAssemblyDefinition	26
GridCustomCell	Autodesk.Aec.DatabaseServices	Autodesk/Aec/DatabaseServices.py	4172	4184	LayoutCell	9
GridCustomNode	Autodesk.Aec.DatabaseServices	Autodesk/Aec/DatabaseServices.py	4185	4197	LayoutNode	9
GridCustomSegment	Autodesk.Aec.DatabaseServices	Autodesk/Aec/DatabaseServices.py	4198	4224	Segment2d	23
GridCustomSegmentCollection	Autodesk.Aec.DatabaseServices	Autodesk/Aec/DatabaseServices.py	4225	4240		12
GridDefinitionLocationType	Autodesk.Aec.DatabaseServices	Autodesk/Aec/DatabaseServices.py	4241	4245		0
GridIntersection	Autodesk.Navisworks.Api	Autodesk/Navisworks/Api/__init__.py	727	746	NativeHandle	14
GridItem	System.Windows.Forms	System/Windows/Forms/__init__.py	126485	126607	object	0
GridItemCollection	System.Windows.Forms	System/Windows/Forms/__init__.py	126608	126656	object, ICollection, IEnumerable	0
GridItemType	System.Windows.Forms	System/Windows/Forms/__init__.py	126657	126704	Enum, IComparable, IFormattable, IConvertible	0
GridLevel	Autodesk.Navisworks.Api	Autodesk/Navisworks/Api/__init__.py	747	759	NativeHandle	7
GridLevelCollection	Autodesk.Navisworks.Api	Autodesk/Navisworks/Api/__init__.py	760	782	NativeHandle	17
GridLine	Autodesk.Navisworks.Api	Autodesk/Navisworks/Api/__init__.py	783	794	NativeHandle	6
GridLineCollection	Autodesk.Navisworks.Api	Autodesk/Navisworks/Api/__init__.py	795	817	NativeHandle	17
GridLineSegment	Autodesk.Navisworks.Api	Autodesk/Navisworks/Api/__init__.py	818	833	NativeHandle	10
GridLineSegmentCollection	Autodesk.Navisworks.Api	Autodesk/Navisworks/Api/__init__.py	834	856	NativeHandle	17
GridLineStyle	Autodesk.AutoCAD.DatabaseServices	Autodesk/AutoCAD/DatabaseServices/__init__.py	9400	9404		0
GridLineType	Autodesk.AutoCAD.DatabaseServices	Autodesk/AutoCAD/DatabaseServices/__init__.py	9405	9409		0
GridLocation	Autodesk.Civil.DatabaseServices	Autodesk/Civil/DatabaseServices/__init__.py	8196	8202		3
GridNode	Autodesk.Revit.DB	Autodesk/Revit/DB/__init__.py	9069	9074		2
GridNodeLocation	Autodesk.Revit.DB	Autodesk/Revit/DB/__init__.py	9075	9079		0
GridOptions	Autodesk.Civil.DatabaseServices.Styles	Autodesk/Civil/DatabaseServices/Styles.py	1486	1492	CivilWrapper<AeccDbGraphStyle>	3
GridProperties	Autodesk.AutoCAD.DatabaseServices	Autodesk/AutoCAD/DatabaseServices/__init__.py	9410	9414		0
GridPropertyParameter	Autodesk.AutoCAD.DatabaseServices	Autodesk/AutoCAD/DatabaseServices/__init__.py	9415	9419		0
GridScaleFactorType	Autodesk.Civil.Settings	Autodesk/Civil/Settings.py	48	52		0
GridSegmentCurveType	Autodesk.Navisworks.Api	Autodesk/Navisworks/Api/__init__.py	857	861		0
GridSegmentDirection	Autodesk.Revit.DB	Autodesk/Revit/DB/__init__.py	9080	9084		0
GridStyle	Autodesk.Civil.DatabaseServices.Styles	Autodesk/Civil/DatabaseServices/Styles.py	1493	1506	CivilWrapper<AeccDbGraphStyle>	10
GridSurface	Autodesk.Civil.DatabaseServices	Autodesk/Civil/DatabaseServices/__init__.py	8203	8362	Surface	154
GridSurfaceCell	Autodesk.Civil.DatabaseServices	Autodesk/Civil/DatabaseServices/__init__.py	8363	8379	GridSurfaceObject	13
GridSurfaceCellCollection	Autodesk.Civil.DatabaseServices	Autodesk/Civil/DatabaseServices/__init__.py	8380	8389		6
GridSurfaceCellEnumerator	Autodesk.Civil.DatabaseServices	Autodesk/Civil/DatabaseServices/__init__.py	8390	8398		5
GridSurfaceEdge	Autodesk.Civil.DatabaseServices	Autodesk/Civil/DatabaseServices/__init__.py	8399	8410	GridSurfaceObject	8
GridSurfaceObject	Autodesk.Civil.DatabaseServices	Autodesk/Civil/DatabaseServices/__init__.py	8411	8417		3
GridSurfaceProperties	Autodesk.Civil.DatabaseServices	Autodesk/Civil/DatabaseServices/__init__.py	8418	8424		3
GridSurfaceVertex	Autodesk.Civil.DatabaseServices	Autodesk/Civil/DatabaseServices/__init__.py	8425	8434	GridSurfaceObject	6
GridSurfaceVertexCollection	Autodesk.Civil.DatabaseServices	Autodesk/Civil/DatabaseServices/__init__.py	8435	8444		6
GridSurfaceVertexEnumerator	Autodesk.Civil.DatabaseServices	Autodesk/Civil/DatabaseServices/__init__.py	8445	8453		5
GridSystem	Autodesk.Navisworks.Api	Autodesk/Navisworks/Api/__init__.py	862	878	NativeHandle	11
GridSystemCollection	Autodesk.Navisworks.Api	Autodesk/Navisworks/Api/__init__.py	879	901	NativeHandle	17
GridTableStylesCollection	System.Windows.Forms	System/Windows/Forms/__init__.py	126735	126929	BaseCollection, ICollection, IEnumerable, IList	0
GridTablesFactory	System.Windows.Forms	System/Windows/Forms/__init__.py	126705	126734	object	0
GridType	Autodesk.Aec.DatabaseServices	Autodesk/Aec/DatabaseServices.py	4246	4250		0
GridType	Autodesk.Civil.DatabaseServices.Styles	Autodesk/Civil/DatabaseServices/Styles.py	1507	1511		0
GridType	Autodesk.Revit.DB	Autodesk/Revit/DB/__init__.py	9085	9119	LineAndTextAttrSymbol	31
GridUv	Autodesk.Aec.DatabaseServices	Autodesk/Aec/DatabaseServices.py	4251	4291	ImpObject	37
GridUvRadial	Autodesk.Aec.DatabaseServices	Autodesk/Aec/DatabaseServices.py	4292	4322	GridUv	27
GridUvRectangular	Autodesk.Aec.DatabaseServices	Autodesk/Aec/DatabaseServices.py	4323	4348	GridUv	22
GridUvw	Autodesk.Aec.DatabaseServices	Autodesk/Aec/DatabaseServices.py	4349	4395	GridUv	43
GridVolumeSurface	Autodesk.Civil.DatabaseServices	Autodesk/Civil/DatabaseServices/__init__.py	8454	8588	Surface	130
GridsData	Autodesk.Navisworks.Api	Autodesk/Navisworks/Api/__init__.py	902	915	NativeHandle	8
GridsOptions	Autodesk.Navisworks.Api	Autodesk/Navisworks/Api/__init__.py	916	924		5
GridsRenderMode	Autodesk.Navisworks.Api	Autodesk/Navisworks/Api/__init__.py	925	929		0
GripData	Autodesk.AutoCAD.DatabaseServices	Autodesk/AutoCAD/DatabaseServices/__init__.py	9420	9446	DisposableWrapper	23
GripDataCollection	Autodesk.AutoCAD.DatabaseServices	Autodesk/AutoCAD/DatabaseServices/__init__.py	9447	9462	DisposableWrapper	12
GripMode	Autodesk.AutoCAD.DatabaseServices	Autodesk/AutoCAD/DatabaseServices/__init__.py	9463	9478	DisposableWrapper	12
GripModeCollection	Autodesk.AutoCAD.DatabaseServices	Autodesk/AutoCAD/DatabaseServices/__init__.py	9479	9494	DisposableWrapper	12
GripOverrule	Autodesk.AutoCAD.DatabaseServices	Autodesk/AutoCAD/DatabaseServices/__init__.py	9495	9511	Overrule	13
GripStatus	Autodesk.AutoCAD.DatabaseServices	Autodesk/AutoCAD/DatabaseServices/__init__.py	9512	9516		0
GroundPlaneBackground	Autodesk.AutoCAD.DatabaseServices	Autodesk/AutoCAD/DatabaseServices/__init__.py	9517	9566	Background	46
GroundPlaneBackgroundTraits	Autodesk.AutoCAD.GraphicsInterface	Autodesk/AutoCAD/GraphicsInterface.py	468	500	NonEntityTraits	29
Group	Autodesk.AutoCAD.DatabaseServices	Autodesk/AutoCAD/DatabaseServices/__init__.py	9567	9636	DBObject	66
Group	Autodesk.Revit.DB	Autodesk/Revit/DB/__init__.py	9120	9162	Element	39
GroupAccess	Autodesk.Navisworks.Internal.ApiImplementation.Schema	Autodesk/Navisworks/Internal/ApiImplementation/Schema.py	16	20	FieldAccess	1
GroupBox	System.Windows.Forms	System/Windows/Forms/__init__.py	126930	129111	Control, IComponent, IDisposable, IOleControl, IOleObject, IOleInPlaceObject, IOleInPlaceActiveObject, IOleWindow, IViewObject, IViewObject2, IPersist, IPersistStreamInit, IPersistPropertyBag, IPersistStorage, IQuickActivate, ISupportOleDropSource, IDropTarget, ISynchronizeInvoke, IWin32Window, IArrangedElement, IBindableComponent	0
GroupBoxRenderer	System.Windows.Forms	System/Windows/Forms/__init__.py	129112	129281	object	0
GroupBoxState	System.Windows.Forms.VisualStyles	System/Windows/Forms/VisualStyles.py	825	870	Enum, IComparable, IFormattable, IConvertible	0
GroupControl	Autodesk.AutoCAD.Internal	Autodesk/AutoCAD/Internal/__init__.py	1053	1145	Control	89
GroupControlEventHandler	Autodesk.AutoCAD.Internal	Autodesk/AutoCAD/Internal/__init__.py	1146	1154		5
GroupControlEventIndex	Autodesk.AutoCAD.Internal	Autodesk/AutoCAD/Internal/__init__.py	1155	1159		0
GroupControlHeaderButton	Autodesk.AutoCAD.Internal	Autodesk/AutoCAD/Internal/__init__.py	1160	1168		5
GroupControlStyles	Autodesk.AutoCAD.Internal	Autodesk/AutoCAD/Internal/__init__.py	1169	1173		0
GroupEditor	Autodesk.Navisworks.Internal.ApiImplementation.Schema	Autodesk/Navisworks/Internal/ApiImplementation/Schema.py	21	26	GroupAccess	2
GroupField	Autodesk.Navisworks.Api.Schema	Autodesk/Navisworks/Api/Schema.py	120	132	ComplexField	7
GroupItem	Autodesk.Navisworks.Api	Autodesk/Navisworks/Api/__init__.py	930	946	SavedItem	11
GroupLoadOptions	Autodesk.Revit.DB	Autodesk/Revit/DB/__init__.py	9163	9174		8
GroupNode	Autodesk.Revit.DB	Autodesk/Revit/DB/__init__.py	9175	9181	RenderNode	3
GroupPlotAlignType	Autodesk.Civil.DatabaseServices.Styles	Autodesk/Civil/DatabaseServices/Styles.py	1512	1516		0
GroupPlotCellSizeType	Autodesk.Civil.DatabaseServices.Styles	Autodesk/Civil/DatabaseServices/Styles.py	1517	1521		0
GroupPlotDisplayStyleType	Autodesk.Civil.DatabaseServices.Styles	Autodesk/Civil/DatabaseServices/Styles.py	1522	1526		0
GroupPlotStartCornerType	Autodesk.Civil.DatabaseServices.Styles	Autodesk/Civil/DatabaseServices/Styles.py	1527	1531		0
GroupPlotStyle	Autodesk.Civil.DatabaseServices.Styles	Autodesk/Civil/DatabaseServices/Styles.py	1532	1598	StyleBase	63
GroupPlotStyleCollection	Autodesk.Civil.DatabaseServices.Styles	Autodesk/Civil/DatabaseServices/Styles.py	1599	1609	StyleCollectionBase	7
GroupReader	Autodesk.Navisworks.Internal.ApiImplementation.Schema	Autodesk/Navisworks/Internal/ApiImplementation/Schema.py	27	32	GroupAccess	2
GroupResizedEventHandler	Autodesk.AutoCAD.Internal	Autodesk/AutoCAD/Internal/__init__.py	1174	1182		5
GroupSet	Autodesk.Revit.DB	Autodesk/Revit/DB/__init__.py	9182	9195	APIObject	10
GroupSetIterator	Autodesk.Revit.DB	Autodesk/Revit/DB/__init__.py	9196	9203	APIObject	4
GroupType	Autodesk.Revit.DB	Autodesk/Revit/DB/__init__.py	9204	9241	ElementType	34
GroupTypeId	Autodesk.Revit.DB	Autodesk/Revit/DB/__init__.py	9242	9373		128
GsMarkType	Autodesk.AutoCAD.DatabaseServices	Autodesk/AutoCAD/DatabaseServices/__init__.py	9637	9641		0
GsMarkerDisplayComponentInformationNode	Autodesk.Aec.DatabaseServices	Autodesk/Aec/DatabaseServices.py	4396	4410	GsMarkerInformationNode	11
GsMarkerDisplayRepresentationInformationNode	Autodesk.Aec.DatabaseServices	Autodesk/Aec/DatabaseServices.py	4411	4427	GsMarkerInformationNode	13
GsMarkerInformationNode	Autodesk.Aec.DatabaseServices	Autodesk/Aec/DatabaseServices.py	4428	4447	RXObject	15
GsMarkerInformationTree	Autodesk.Aec.DatabaseServices	Autodesk/Aec/DatabaseServices.py	4448	4505	GsMarkerInformationNode	54
GsToBeUnloadedEventHandler	Autodesk.AutoCAD.GraphicsSystem	Autodesk/AutoCAD/GraphicsSystem.py	176	184		5
GsfUtil	Autodesk.AutoCAD.Internal	Autodesk/AutoCAD/Internal/__init__.py	1183	1188		1
GuiImpl	Autodesk.Navisworks.Internal.ApiImplementation	Autodesk/Navisworks/Internal/ApiImplementation/__init__.py	189	200		8
Guid	System	System/__init__.py	26473	26816	object, IFormattable, IComparable, IComparable[Guid], IEquatable[Guid]	0
GuidEnum	Autodesk.Revit.DB	Autodesk/Revit/DB/__init__.py	9374	9380		3
GuidField	Autodesk.Navisworks.Api.Schema	Autodesk/Navisworks/Api/Schema.py	133	150	SimpleField	12
GuidFieldOwnershipType	Autodesk.Navisworks.Api.Schema	Autodesk/Navisworks/Api/Schema.py	151	155		0
Gutter	Autodesk.Revit.DB.Architecture	Autodesk/Revit/DB/Architecture.py	306	345	HostedSweep	36
GutterType	Autodesk.Revit.DB.Architecture	Autodesk/Revit/DB/Architecture.py	346	380	HostedSweepType	31
HPPrinter	Autodesk.AutoCAD.Internal	Autodesk/AutoCAD/Internal/__init__.py	1189	1196		4
HPPrinterPlotOption	Autodesk.AutoCAD.Internal	Autodesk/AutoCAD/Internal/__init__.py	1197	1202		2
HPPrinterPlotQuality	Autodesk.AutoCAD.Internal	Autodesk/AutoCAD/Internal/__init__.py	1203	1207		0
HPPrinterPlotResult	Autodesk.AutoCAD.Internal	Autodesk/AutoCAD/Internal/__init__.py	1208	1214		3
HScrollBar	System.Windows.Forms	System/Windows/Forms/__init__.py	132245	134358	ScrollBar, IComponent, IDisposable, IOleControl, IOleObject, IOleInPlaceObject, IOleInPlaceActiveObject, IOleWindow, IViewObject, IViewObject2, IPersist, IPersistStreamInit, IPersistPropertyBag, IPersistStorage, IQuickActivate, ISupportOleDropSource, IDropTarget, ISynchronizeInvoke, IWin32Window, IArrangedElement, IBindableComponent	0
HScrollProperties	System.Windows.Forms	System/Windows/Forms/__init__.py	134466	134487	ScrollProperties	0
HVACLoadBuildingType	Autodesk.Revit.DB.Analysis	Autodesk/Revit/DB/Analysis.py	1125	1179	HVACLoadType	48
HVACLoadConstructionClass	Autodesk.Revit.DB.Analysis	Autodesk/Revit/DB/Analysis.py	1180	1184		0
HVACLoadLoadsReportType	Autodesk.Revit.DB.Analysis	Autodesk/Revit/DB/Analysis.py	1185	1189		0
HVACLoadSpaceType	Autodesk.Revit.DB.Analysis	Autodesk/Revit/DB/Analysis.py	1190	1240	HVACLoadType	45
HVACLoadType	Autodesk.Revit.DB.Analysis	Autodesk/Revit/DB/Analysis.py	1241	1285	Element	41
HVACZoneData	Autodesk.Revit.DB.Mechanical	Autodesk/Revit/DB/Mechanical.py	632	637	GenericZoneDomainData	2
HandRail	Autodesk.Revit.DB.Architecture	Autodesk/Revit/DB/Architecture.py	381	413	ContinuousRail	29
HandRailPosition	Autodesk.Revit.DB.Architecture	Autodesk/Revit/DB/Architecture.py	414	418		0
HandRailType	Autodesk.Revit.DB.Architecture	Autodesk/Revit/DB/Architecture.py	419	471	ContinuousRailType	49
Handedness	Autodesk.AutoCAD.GraphicsSystem	Autodesk/AutoCAD/GraphicsSystem.py	185	189		0
Handle	Autodesk.AutoCAD.DatabaseServices	Autodesk/AutoCAD/DatabaseServices/__init__.py	9642	9650		5
HandledMouseEventArgs	System.Windows.Forms	System/Windows/Forms/__init__.py	83992	84025	MouseEventArgs	0
HardcodedOffsetBaseline	Autodesk.Civil.DatabaseServices	Autodesk/Civil/DatabaseServices/__init__.py	8589	8607	BaseBaseline	15
Hardwood	Autodesk.Revit.DB.Visual	Autodesk/Revit/DB/Visual.py	605	618		10
HardwoodApplicationType	Autodesk.Revit.DB.Visual	Autodesk/Revit/DB/Visual.py	619	623		0
HardwoodFinishType	Autodesk.Revit.DB.Visual	Autodesk/Revit/DB/Visual.py	624	628		0
HardwoodImperfectionsType	Autodesk.Revit.DB.Visual	Autodesk/Revit/DB/Visual.py	629	633		0
HardwoodTintEnabledType	Autodesk.Revit.DB.Visual	Autodesk/Revit/DB/Visual.py	634	638		0
HasNoValueFilterRule	Autodesk.Revit.DB	Autodesk/Revit/DB/__init__.py	9381	9386	ParameterValuePresenceRule	2
HasValueFilterRule	Autodesk.Revit.DB	Autodesk/Revit/DB/__init__.py	9387	9392	ParameterValuePresenceRule	2
Hashtable	System.Collections	System/Collections/__init__.py	2376	2830	object, IDictionary, ICollection, IEnumerable, ISerializable, IDeserializationCallback, ICloneable	0
Hatch	Autodesk.AutoCAD.DatabaseServices	Autodesk/AutoCAD/DatabaseServices/__init__.py	9651	9768	Entity	114
HatchBrush	System.Drawing.Drawing2D	System/Drawing/Drawing2D.py	2824	2973	Brush, ICloneable, IDisposable	0
HatchCommands	Autodesk.AutoCAD.Windows.Data	Autodesk/AutoCAD/Windows/Data/__init__.py	600	613		10
HatchCriteriaBoundaryType	Autodesk.Civil.DatabaseServices	Autodesk/Civil/DatabaseServices/__init__.py	8608	8612		0
HatchDisplayStyle	Autodesk.Civil.DatabaseServices.Styles	Autodesk/Civil/DatabaseServices/Styles.py	1610	1622	CivilWrapper<AeccDbStyle>	9
HatchEdgeType	Autodesk.AutoCAD.DatabaseServices	Autodesk/AutoCAD/DatabaseServices/__init__.py	9769	9773		0
HatchLoop	Autodesk.AutoCAD.DatabaseServices	Autodesk/AutoCAD/DatabaseServices/__init__.py	9774	9781		4
HatchLoopTypes	Autodesk.AutoCAD.DatabaseServices	Autodesk/AutoCAD/DatabaseServices/__init__.py	9782	9786		0
HatchObjectType	Autodesk.AutoCAD.DatabaseServices	Autodesk/AutoCAD/DatabaseServices/__init__.py	9787	9791		0
HatchPattern	Autodesk.AutoCAD.GraphicsInterface	Autodesk/AutoCAD/GraphicsInterface.py	501	508	Fill	4
HatchPatternDefinition	Autodesk.AutoCAD.GraphicsInterface	Autodesk/AutoCAD/GraphicsInterface.py	509	521	DisposableWrapper	9
HatchPatternType	Autodesk.AutoCAD.DatabaseServices	Autodesk/AutoCAD/DatabaseServices/__init__.py	9792	9796		0
HatchPatterns	Autodesk.AutoCAD.Windows.Data	Autodesk/AutoCAD/Windows/Data/__init__.py	614	638		17
HatchRibbonItem	Autodesk.AutoCAD.Windows.Data	Autodesk/AutoCAD/Windows/Data/__init__.py	639	690	RibbonItem	48
HatchStyle	Autodesk.AutoCAD.DatabaseServices	Autodesk/AutoCAD/DatabaseServices/__init__.py	9797	9801		0
HatchStyle	System.Drawing.Drawing2D	System/Drawing/Drawing2D.py	2974	3073	Enum, IComparable, IFormattable, IConvertible	0
HatchType	Autodesk.Aec.DatabaseServices	Autodesk/Aec/DatabaseServices.py	4506	4510		0
HatchType	Autodesk.Civil.DatabaseServices.Styles	Autodesk/Civil/DatabaseServices/Styles.py	1623	1627		0
Helix	Autodesk.AutoCAD.DatabaseServices	Autodesk/AutoCAD/DatabaseServices/__init__.py	9802	9909	Spline	104
Help	System.Windows.Forms	System/Windows/Forms/__init__.py	129282	129371	object	0
HelpEventArgs	System.Windows.Forms	System/Windows/Forms/__init__.py	129372	129410	EventArgs	0
HelpEventHandler	System.Windows.Forms	System/Windows/Forms/__init__.py	129411	129515	MulticastDelegate, ICloneable, ISerializable	0
HelpIdResult	Autodesk.Navisworks.Api	Autodesk/Navisworks/Api/__init__.py	947	952		2
HelpNavigator	System.Windows.Forms	System/Windows/Forms/__init__.py	129516	129566	Enum, IComparable, IFormattable, IConvertible	0
HelpParameter	Autodesk.AutoCAD.DatabaseServices	Autodesk/AutoCAD/DatabaseServices/__init__.py	9910	9922	ConstraintGroupNode	9
HelpProvider	Autodesk.AutoCAD.Internal.Forms	Autodesk/AutoCAD/Internal/Forms.py	11	24		10
HelpProvider	System.Windows.Forms	System/Windows/Forms/__init__.py	129567	129890	Component, IComponent, IDisposable, IExtenderProvider	0
HemisphericalLightDistribution	Autodesk.Revit.DB.Lighting	Autodesk/Revit/DB/Lighting.py	41	45	LightDistribution	1
HermiteFace	Autodesk.Revit.DB	Autodesk/Revit/DB/__init__.py	9393	9414	Face	18
HermiteSpline	Autodesk.Revit.DB	Autodesk/Revit/DB/__init__.py	9415	9436	Curve	17
HermiteSplineTangents	Autodesk.Revit.DB	Autodesk/Revit/DB/__init__.py	9437	9444		4
HermiteSurface	Autodesk.Revit.DB	Autodesk/Revit/DB/__init__.py	9445	9453	Surface	4
HiddenChangedEventHandler	Autodesk.AutoCAD.Internal	Autodesk/AutoCAD/Internal/__init__.py	1215	1223		5
HiddenLineDrawingImprove	Autodesk.Aec.Modeler	Autodesk/Aec/Modeler.py	378	382		0
HiddenLineViewsType	Autodesk.Revit.DB	Autodesk/Revit/DB/__init__.py	9454	9458		0
HiddenLinesDisplay	Autodesk.Aec.Modeler	Autodesk/Aec/Modeler.py	383	387		0
HighSideShoulderMethodType	Autodesk.Civil	Autodesk/Civil/__init__.py	669	673		0
HighlightOverrule	Autodesk.AutoCAD.DatabaseServices	Autodesk/AutoCAD/DatabaseServices/__init__.py	9923	9936	Overrule	10
HighlightStateOverrule	Autodesk.AutoCAD.DatabaseServices	Autodesk/AutoCAD/DatabaseServices/__init__.py	9937	9951	Overrule	11
HighlightStyle	Autodesk.AutoCAD.GraphicsInterface	Autodesk/AutoCAD/GraphicsInterface.py	522	526		0
HighlightStyle	Autodesk.AutoCAD.GraphicsSystem	Autodesk/AutoCAD/GraphicsSystem.py	190	194		0
HighsideLocationType	Autodesk.Civil	Autodesk/Civil/__init__.py	674	678		0
HitTestCode	System.Windows.Forms.VisualStyles	System/Windows/Forms/VisualStyles.py	871	924	Enum, IComparable, IFormattable, IConvertible	0
HitTestOptions	System.Windows.Forms.VisualStyles	System/Windows/Forms/VisualStyles.py	925	978	Enum, IComparable, IFormattable, IConvertible	0
HoldOnResizeType	Autodesk.Civil.DatabaseServices	Autodesk/Civil/DatabaseServices/__init__.py	8613	8617		0
HomeCamera	Autodesk.Revit.DB	Autodesk/Revit/DB/__init__.py	9459	9475		13
HomeScreenError	Autodesk.Navisworks.Api.Plugins	Autodesk/Navisworks/Api/Plugins.py	390	395		2
HomeScreenErrorStatus	Autodesk.Navisworks.Api.Plugins	Autodesk/Navisworks/Api/Plugins.py	396	400		0
HomeScreenExtensionPlugin	Autodesk.Navisworks.Api.Plugins	Autodesk/Navisworks/Api/Plugins.py	401	414	Plugin	10
HomeScreenExtensionPluginRecord	Autodesk.Navisworks.Api.Plugins	Autodesk/Navisworks/Api/Plugins.py	415	434	PluginRecord	16
HorizontalAlign	Autodesk.Revit.DB	Autodesk/Revit/DB/__init__.py	9476	9480		0
HorizontalAlign	System.Windows.Forms.VisualStyles	System/Windows/Forms/VisualStyles.py	979	1025	Enum, IComparable, IFormattable, IConvertible	0
HorizontalAlignment	System.Windows.Forms	System/Windows/Forms/__init__.py	129891	129937	Enum, IComparable, IFormattable, IConvertible	0
HorizontalAlignmentStyle	Autodesk.Revit.DB	Autodesk/Revit/DB/__init__.py	9481	9485		0
HorizontalConstraint	Autodesk.AutoCAD.DatabaseServices	Autodesk/AutoCAD/DatabaseServices/__init__.py	9952	9967	ParallelConstraint	12
HorizontalGeometryBandLabelGroup	Autodesk.Civil.DatabaseServices	Autodesk/Civil/DatabaseServices/__init__.py	8618	8758	ProfileBandLabelGroup	135
HorizontalGeometryBandStyle	Autodesk.Civil.DatabaseServices.Styles	Autodesk/Civil/DatabaseServices/Styles.py	1628	1701	BandStyle	70
HorizontalGeometryDisplayStyleType	Autodesk.Civil.DatabaseServices.Styles	Autodesk/Civil/DatabaseServices/Styles.py	1702	1706		0
HorizontalTextAlignment	Autodesk.Revit.DB	Autodesk/Revit/DB/__init__.py	9486	9490		0
HostAppServices	Autodesk.AutoCAD.PlottingServices	Autodesk/AutoCAD/PlottingServices.py	177	183		2
HostApplicationServices	Autodesk.AutoCAD.DatabaseServices	Autodesk/AutoCAD/DatabaseServices/__init__.py	9968	10000	RXObject	29
HostObjAttributes	Autodesk.Revit.DB	Autodesk/Revit/DB/__init__.py	9491	9527	ElementType	33
HostObject	Autodesk.Revit.DB	Autodesk/Revit/DB/__init__.py	9528	9559	Element	28
HostObjectUtils	Autodesk.Revit.DB	Autodesk/Revit/DB/__init__.py	9560	9569		3
HostedSweep	Autodesk.Revit.DB	Autodesk/Revit/DB/__init__.py	9570	9613	HostObject	40
HostedSweepType	Autodesk.Revit.DB	Autodesk/Revit/DB/__init__.py	9614	9648	HostObjAttributes	31
HotkeyPrefix	System.Drawing.Text	System/Drawing/Text.py	107	153	Enum, IComparable, IFormattable, IConvertible	0
HtmlDocument	System.Windows.Forms	System/Windows/Forms/__init__.py	134488	134968	object	0
HtmlElement	System.Windows.Forms	System/Windows/Forms/__init__.py	134969	135509	object	0
HtmlElementCollection	System.Windows.Forms	System/Windows/Forms/__init__.py	135510	135574	object, ICollection, IEnumerable	0
HtmlElementErrorEventArgs	System.Windows.Forms	System/Windows/Forms/__init__.py	135575	135624	EventArgs	0
HtmlElementErrorEventHandler	System.Windows.Forms	System/Windows/Forms/__init__.py	135625	135729	MulticastDelegate, ICloneable, ISerializable	0
HtmlElementEventArgs	System.Windows.Forms	System/Windows/Forms/__init__.py	135730	135880	EventArgs	0
HtmlElementEventHandler	System.Windows.Forms	System/Windows/Forms/__init__.py	135881	135985	MulticastDelegate, ICloneable, ISerializable	0
HtmlElementInsertionOrientation	System.Windows.Forms	System/Windows/Forms/__init__.py	135986	136033	Enum, IComparable, IFormattable, IConvertible	0
HtmlHistory	System.Windows.Forms	System/Windows/Forms/__init__.py	136034	136155	object, IDisposable	0
HtmlWindow	System.Windows.Forms	System/Windows/Forms/__init__.py	136156	136757	object	0
HtmlWindowCollection	System.Windows.Forms	System/Windows/Forms/__init__.py	136758	136808	object, ICollection, IEnumerable	0
HttpMethod	Autodesk.AutoCAD.Internal	Autodesk/AutoCAD/Internal/__init__.py	1224	1228		0
HttpStyleUriParser	System	System/__init__.py	26817	26825	UriParser	0
Hub	Autodesk.Revit.DB.Structure	Autodesk/Revit/DB/Structure/__init__.py	1351	1385	Element	31
HybridDictionary	System.Collections.Specialized	System/Collections/Specialized.py	282	540	object, IDictionary, ICollection, IEnumerable	0
HydrographShapeType	Autodesk.Civil.DatabaseServices	Autodesk/Civil/DatabaseServices/__init__.py	8759	8763		0
HydrologicalSoilGroup	Autodesk.Civil.DatabaseServices	Autodesk/Civil/DatabaseServices/__init__.py	8764	8768		0
HyperLink	Autodesk.AutoCAD.DatabaseServices	Autodesk/AutoCAD/DatabaseServices/__init__.py	10001	10015	DisposableWrapper	11
HyperLinkCollection	Autodesk.AutoCAD.DatabaseServices	Autodesk/AutoCAD/DatabaseServices/__init__.py	10016	10033	DisposableWrapper	14
Hyperlink	Autodesk.Navisworks.Api	Autodesk/Navisworks/Api/__init__.py	953	967	NativeHandle	9
HyperlinkCollection	Autodesk.Navisworks.Api	Autodesk/Navisworks/Api/__init__.py	968	990	NativeHandle	17
IAppDomainSetup	System	System/__init__.py	26826	26963		0
IApplicationGui	Autodesk.Navisworks.Api.ApplicationParts	Autodesk/Navisworks/Api/ApplicationParts.py	62	76		11
IAppliedSubassemblyParam	Autodesk.Civil.DatabaseServices	Autodesk/Civil/DatabaseServices/__init__.py	8769	8780		8
IAsyncResult	System	System/__init__.py	26964	27015		0
IBLBackground	Autodesk.AutoCAD.DatabaseServices	Autodesk/AutoCAD/DatabaseServices/__init__.py	10034	10082	Background	45
IBLBackgroundTraits	Autodesk.AutoCAD.GraphicsInterface	Autodesk/AutoCAD/GraphicsInterface.py	527	558	NonEntityTraits	28
IBindableComponent	System.Windows.Forms	System/Windows/Forms/__init__.py	1931	1980	IComponent, IDisposable	0
IButtonControl	System.Windows.Forms	System/Windows/Forms/__init__.py	22027	22071		0
ICentralLockedCallback	Autodesk.Revit.DB	Autodesk/Revit/DB/__init__.py	9649	9653		1
IClashResult	Autodesk.Navisworks.Api.Clash	Autodesk/Navisworks/Api/Clash.py	304	346		39
ICloneable	System	System/__init__.py	8436	8454		0
ICloudPrintingService	Autodesk.AutoCAD.Internal	Autodesk/AutoCAD/Internal/__init__.py	1229	1235		3
ICodeCheckingParameterServer	Autodesk.Revit.DB.Structure	Autodesk/Revit/DB/Structure/__init__.py	1386	1390		1
ICollection	System.Collections	System/Collections/__init__.py	1348	1410	IEnumerable	0
ICollection	System.Collections.Generic	System/Collections/Generic.py	412	517	IEnumerable[T], IEnumerable	0
ICom2PropertyPageDisplayService	System.Windows.Forms.ComponentModel.Com2Interop	System/Windows/Forms/ComponentModel/Com2Interop.py	20	46		0
IComPropertyBrowser	System.Windows.Forms.ComponentModel.Com2Interop	System/Windows/Forms/ComponentModel/Com2Interop.py	47	122		0
ICommandExecutor	System.Windows.Forms	System/Windows/Forms/__init__.py	136809	136823		0
ICommandHandlerPlugin	Autodesk.Navisworks.Api.Interop	Autodesk/Navisworks/Api/Interop/__init__.py	65	75		7
ICommandLayoutPlugin	Autodesk.Navisworks.Api.Interop	Autodesk/Navisworks/Api/Interop/__init__.py	76	86		7
ICommandLineCallable	Autodesk.AutoCAD.Runtime	Autodesk/AutoCAD/Runtime.py	231	241		7
ICommonLabel	Autodesk.Civil.DatabaseServices	Autodesk/Civil/DatabaseServices/__init__.py	8781	8813		29
ICommonLabelOptions	Autodesk.Civil.DatabaseServices	Autodesk/Civil/DatabaseServices/__init__.py	8814	8827		10
IComparer	System.Collections	System/Collections/__init__.py	2831	2867		0
IComparer	System.Collections.Generic	System/Collections/Generic.py	518	554		0
IComponentEditorPageSite	System.Windows.Forms	System/Windows/Forms/__init__.py	136824	136850		0
ICondition	Autodesk.AutoCAD.Runtime	Autodesk/AutoCAD/Runtime.py	242	246		1
IConfigurationSection	Autodesk.AutoCAD.ApplicationServices	Autodesk/AutoCAD/ApplicationServices/__init__.py	510	523		10
IConnector	Autodesk.Revit.DB	Autodesk/Revit/DB/__init__.py	9654	9664		7
IContainerControl	System.Windows.Forms	System/Windows/Forms/__init__.py	40491	40527		0
IContextMenuCreator	Autodesk.Revit.UI	Autodesk/Revit/UI/__init__.py	364	368		1
IControllableDropHandler	Autodesk.Revit.UI	Autodesk/Revit/UI/__init__.py	369	373		1
IConvertible	System	System/__init__.py	6370	6778		0
ICurrencyManagerProvider	System.Windows.Forms	System/Windows/Forms/__init__.py	18413	18457		0
ICustomFieldProperties	Autodesk.Revit.DB	Autodesk/Revit/DB/__init__.py	9665	9669		1
ICustomFormatter	System	System/__init__.py	27016	27048		0
IDataConversionMonitor	Autodesk.Revit.DB	Autodesk/Revit/DB/__init__.py	9670	9675		2
IDataEditAccess	Autodesk.Navisworks.Internal.ApiImplementation.Schema	Autodesk/Navisworks/Internal/ApiImplementation/Schema.py	33	37		1
IDataGridColumnStyleEditingNotificationService	System.Windows.Forms	System/Windows/Forms/__init__.py	58010	58028		0
IDataGridEditingService	System.Windows.Forms	System/Windows/Forms/__init__.py	54344	54388		0
IDataGridViewEditingCell	System.Windows.Forms	System/Windows/Forms/__init__.py	136851	136916		0
IDataGridViewEditingControl	System.Windows.Forms	System/Windows/Forms/__init__.py	88490	88643		0
IDataItem	Autodesk.AutoCAD.Windows.Data	Autodesk/AutoCAD/Windows/Data/__init__.py	691	696		2
IDataItemTransaction	Autodesk.AutoCAD.Windows.Data	Autodesk/AutoCAD/Windows/Data/__init__.py	697	702		2
IDataObject	System.Windows.Forms	System/Windows/Forms/__init__.py	104683	104905		0
IDataReadAccess	Autodesk.Navisworks.Internal.ApiImplementation.Schema	Autodesk/Navisworks/Internal/ApiImplementation/Schema.py	38	42		1
IDeviceContext	System.Drawing	System/Drawing/__init__.py	7627	7653	IDisposable	0
IDictionary	System.Collections	System/Collections/__init__.py	1901	2042	ICollection, IEnumerable	0
IDictionary	System.Collections.Generic	System/Collections/Generic.py	555	666	ICollection[KeyValuePair[TKey, TValue]], IEnumerable[KeyValuePair[TKey, TValue]], IEnumerable	0
IDictionaryEnumerator	System.Collections	System/Collections/__init__.py	2917	2957	IEnumerator	0
IDirectContext3DServer	Autodesk.Revit.DB.DirectContext3D	Autodesk/Revit/DB/DirectContext3D.py	108	118		7
IDisplayThemeComponentOperation	Autodesk.Aec.DatabaseServices	Autodesk/Aec/DatabaseServices.py	4511	4520		6
IDisplayThemeRuleOperation	Autodesk.Aec.DatabaseServices	Autodesk/Aec/DatabaseServices.py	4521	4530		6
IDisposable	System	System/__init__.py	497	531		0
IDockToolPlugin	Autodesk.Navisworks.Api.Interop	Autodesk/Navisworks/Api/Interop/__init__.py	87	98		8
IDockablePaneProvider	Autodesk.Revit.UI	Autodesk/Revit/UI/__init__.py	374	378		1
IDocumentClash	Autodesk.Navisworks.Api.DocumentParts	Autodesk/Navisworks/Api/DocumentParts.py	228	232		0
IDocumentTakeoff	Autodesk.Navisworks.Api.DocumentParts	Autodesk/Navisworks/Api/DocumentParts.py	233	237		0
IDocumentTimeliner	Autodesk.Navisworks.Api.DocumentParts	Autodesk/Navisworks/Api/DocumentParts.py	238	242		0
IDropHandler	Autodesk.Revit.UI	Autodesk/Revit/UI/__init__.py	379	383		1
IDropTarget	System.Windows.Forms	System/Windows/Forms/__init__.py	1981	2035		0
IDuctFittingAndAccessoryPressureDropServer	Autodesk.Revit.DB.Mechanical	Autodesk/Revit/DB/Mechanical.py	638	644		3
IDuctFittingAndAccessoryPressureDropUIServer	Autodesk.Revit.UI.Mechanical	Autodesk/Revit/UI/Mechanical.py	20	25		2
IDuctPressureDropServer	Autodesk.Revit.DB.Mechanical	Autodesk/Revit/DB/Mechanical.py	645	651		3
IDuplicateTypeNamesHandler	Autodesk.Revit.DB	Autodesk/Revit/DB/__init__.py	9676	9680		1
IEdgeOperation	Autodesk.Aec.Modeler	Autodesk/Aec/Modeler.py	388	397		6
IEntryPoint	Autodesk.Revit.DB.Macros	Autodesk/Revit/DB/Macros.py	73	80		4
IEnumerable	System.Collections	System/Collections/__init__.py	1325	1347		0
IEnumerable	System.Collections.Generic	System/Collections/Generic.py	667	685	IEnumerable	0
IEnumerator	System.Collections	System/Collections/__init__.py	2868	2916		0
IEnumerator	System.Collections.Generic	System/Collections/Generic.py	686	730	IDisposable, IEnumerator	0
IEqualityComparer	System.Collections	System/Collections/__init__.py	2958	3002		0
IEqualityComparer	System.Collections.Generic	System/Collections/Generic.py	731	775		0
IEquatable	System	System/__init__.py	27049	27075		0
IEventPlugin	Autodesk.Navisworks.Api.Interop	Autodesk/Navisworks/Api/Interop/__init__.py	99	105		3
IExportContext	Autodesk.Revit.DB	Autodesk/Revit/DB/__init__.py	9681	9701		17
IExportContext2D	Autodesk.Revit.DB	Autodesk/Revit/DB/__init__.py	9702	9709		4
IExportContextBase	Autodesk.Revit.DB	Autodesk/Revit/DB/__init__.py	9710	9718		5
IExtElemChangeBeamSection	Autodesk.Revit.DB.Structure	Autodesk/Revit/DB/Structure/__init__.py	1391	1395		1
IExtension	Autodesk.Revit.DB	Autodesk/Revit/DB/__init__.py	9719	9726		4
IExtensionApplication	Autodesk.AutoCAD.Runtime	Autodesk/AutoCAD/Runtime.py	247	252		2
IExternalApplication	Autodesk.Revit.UI	Autodesk/Revit/UI/__init__.py	384	389		2
IExternalCommand	Autodesk.Revit.UI	Autodesk/Revit/UI/__init__.py	390	394		1
IExternalCommandAvailability	Autodesk.Revit.UI	Autodesk/Revit/UI/__init__.py	395	399		1
IExternalDBApplication	Autodesk.Revit.DB	Autodesk/Revit/DB/__init__.py	9727	9732		2
IExternalData	Autodesk.Revit.DB.ExternalService	Autodesk/Revit/DB/ExternalService.py	71	75		0
IExternalDataManagerServer	Autodesk.Revit.UI	Autodesk/Revit/UI/__init__.py	400	412		9
IExternalEventHandler	Autodesk.Revit.UI	Autodesk/Revit/UI/__init__.py	413	418		2
IExternalResourceServer	Autodesk.Revit.DB	Autodesk/Revit/DB/__init__.py	9733	9747		11
IExternalResourceUIServer	Autodesk.Revit.UI	Autodesk/Revit/UI/__init__.py	419	425		3
IExternalServer	Autodesk.Revit.DB.ExternalService	Autodesk/Revit/DB/ExternalService.py	76	84		5
IExternalService	Autodesk.Revit.DB.ExternalService	Autodesk/Revit/DB/ExternalService.py	85	96		8
IFCBuiltInCategoryKey	Autodesk.Revit.DB	Autodesk/Revit/DB/__init__.py	9748	9753		2
IFCCategoryTemplate	Autodesk.Revit.DB	Autodesk/Revit/DB/__init__.py	9754	9809	Element	44
IFCExportElement	Autodesk.Revit.DB	Autodesk/Revit/DB/__init__.py	9810	9814		0
IFCExportElementType	Autodesk.Revit.DB	Autodesk/Revit/DB/__init__.py	9815	9819		0
IFCExportOptions	Autodesk.Revit.DB	Autodesk/Revit/DB/__init__.py	9820	9833		10
IFCExternalServiceUIData	Autodesk.Revit.UI	Autodesk/Revit/UI/__init__.py	426	437		8
IFCImportAction	Autodesk.Revit.DB.IFC	Autodesk/Revit/DB/IFC.py	3	7		0
IFCImportIntent	Autodesk.Revit.DB.IFC	Autodesk/Revit/DB/IFC.py	8	12		0
IFCImportOptions	Autodesk.Revit.DB.IFC	Autodesk/Revit/DB/IFC.py	13	30		14
IFCLinkOrientation	Autodesk.Revit.DB.IFC	Autodesk/Revit/DB/IFC.py	31	35		0
IFCLinkPosition	Autodesk.Revit.DB.IFC	Autodesk/Revit/DB/IFC.py	36	40		0
IFCParameterTemplate	Autodesk.Revit.DB	Autodesk/Revit/DB/__init__.py	9834	9908	Element	63
IFCPropertyMappingInfo	Autodesk.Revit.DB	Autodesk/Revit/DB/__init__.py	9909	9920		7
IFCPropertySetMappingInfo	Autodesk.Revit.DB	Autodesk/Revit/DB/__init__.py	9921	9926		2
IFCUserDefinedProperty	Autodesk.Revit.DB	Autodesk/Revit/DB/__init__.py	9927	9938		8
IFCUserDefinedPropertySet	Autodesk.Revit.DB	Autodesk/Revit/DB/__init__.py	9939	9991	Element	43
IFCUserDefinedPropertySetType	Autodesk.Revit.DB	Autodesk/Revit/DB/__init__.py	9992	9996		0
IFCUserDefinedPropertyType	Autodesk.Revit.DB	Autodesk/Revit/DB/__init__.py	9997	10001		0
IFCVersion	Autodesk.Revit.DB	Autodesk/Revit/DB/__init__.py	10002	10006		0
IFailuresPreprocessor	Autodesk.Revit.DB	Autodesk/Revit/DB/__init__.py	10007	10011		1
IFailuresProcessor	Autodesk.Revit.DB	Autodesk/Revit/DB/__init__.py	10012	10017		2
IFamilyLoadOptions	Autodesk.Revit.DB	Autodesk/Revit/DB/__init__.py	10018	10023		2
IFeatureSupport	System.Windows.Forms	System/Windows/Forms/__init__.py	136917	136975		0
IFileReaderService	System.Windows.Forms	System/Windows/Forms/__init__.py	136976	136998		0
IFormatProvider	System	System/__init__.py	27076	27100		0
IFormattable	System	System/__init__.py	6779	6815		0
IFrameworkElementCreator	Autodesk.Revit.UI	Autodesk/Revit/UI/__init__.py	438	442		1
IGUICommand	Autodesk.Navisworks.Api.Interop	Autodesk/Navisworks/Api/Interop/__init__.py	106	113		4
IGetLocalPathForOpenCallback	Autodesk.Revit.DB	Autodesk/Revit/DB/__init__.py	10024	10028		1
IGridSurface	Autodesk.Civil.DatabaseServices	Autodesk/Civil/DatabaseServices/__init__.py	8828	8832		1
IHasDynamicProperties	Autodesk.Navisworks.Api	Autodesk/Navisworks/Api/__init__.py	991	997		3
IHashCodeProvider	System.Collections	System/Collections/__init__.py	3003	3025		0
IIFCEntityTreeUIServer	Autodesk.Revit.UI	Autodesk/Revit/UI/__init__.py	443	447		1
IImpTreeOperation	Autodesk.Aec.DatabaseServices	Autodesk/Aec/DatabaseServices.py	4531	4540		6
IInvalidateProperty	Autodesk.AutoCAD.Windows.Data	Autodesk/AutoCAD/Windows/Data/__init__.py	703	707		1
IJavaScriptCallable	Autodesk.AutoCAD.Runtime	Autodesk/AutoCAD/Runtime.py	253	257		1
IJavaScriptCallableInternal	Autodesk.AutoCAD.Runtime	Autodesk/AutoCAD/Runtime.py	258	262		1
ILayerKeyDefinitionOperation	Autodesk.Aec.DatabaseServices	Autodesk/Aec/DatabaseServices.py	4541	4552		8
IList	System.Collections	System/Collections/__init__.py	1411	1556	ICollection, IEnumerable	0
IList	System.Collections.Generic	System/Collections/Generic.py	776	856	ICollection[T], IEnumerable[T], IEnumerable	0
ILivePreviewControl	Autodesk.AutoCAD.Internal	Autodesk/AutoCAD/Internal/__init__.py	1236	1242		3
ILivePreviewRule	Autodesk.AutoCAD.Internal	Autodesk/AutoCAD/Internal/__init__.py	1243	1247		1
ILookup	Autodesk.AutoCAD.Windows.Data	Autodesk/AutoCAD/Windows/Data/__init__.py	708	712		1
IMemberForcesServer	Autodesk.Revit.DB.Structure	Autodesk/Revit/DB/Structure/__init__.py	1396	1400		1
IMenuItem	Autodesk.AutoCAD.Runtime	Autodesk/AutoCAD/Runtime.py	263	273		7
IMessageFilter	System.Windows.Forms	System/Windows/Forms/__init__.py	137890	137914		0
IModelExportContext	Autodesk.Revit.DB	Autodesk/Revit/DB/__init__.py	10029	10033		1
IMultiCommandHandlerPlugin	Autodesk.Navisworks.Api.Interop	Autodesk/Navisworks/Api/Interop/__init__.py	114	124		7
IMultiServerService	Autodesk.Revit.DB.ExternalService	Autodesk/Revit/DB/ExternalService.py	97	101		1
INamedImageProvider	Autodesk.AutoCAD.Windows.Data	Autodesk/AutoCAD/Windows/Data/__init__.py	713	717		1
INamedValue	Autodesk.AutoCAD.Windows.Data	Autodesk/AutoCAD/Windows/Data/__init__.py	718	723		2
INavisworksExporter	Autodesk.Revit.DB	Autodesk/Revit/DB/__init__.py	10034	10039		2
INavisworksFileProtocol	Autodesk.AutoCAD.Internal	Autodesk/AutoCAD/Internal/__init__.py	1248	1256		5
INavisworksService	Autodesk.AutoCAD.Internal	Autodesk/AutoCAD/Internal/__init__.py	1257	1261		1
INotifyCollectionChanged	System.Collections.Specialized	System/Collections/Specialized.py	541	549		0
INotifyCollectionItemsChanged	Autodesk.AutoCAD.Windows.Data	Autodesk/AutoCAD/Windows/Data/__init__.py	724	728		0
IOException	Autodesk.Revit.Exceptions	Autodesk/Revit/Exceptions.py	411	424	ApplicationException	10
IOStringEventArgs	Autodesk.AutoCAD.Internal.Calculator	Autodesk/AutoCAD/Internal/Calculator.py	106	110	EventArgs	1
IObjectManager	Autodesk.Navisworks.Internal.ApiImplementation	Autodesk/Navisworks/Internal/ApiImplementation/__init__.py	201	205		1
IObservable	System	System/__init__.py	28623	28647		0
IObserver	System	System/__init__.py	28648	28686		0
IOnLocalLinkSharedCoordinatesSavedCallback	Autodesk.Revit.DB	Autodesk/Revit/DB/__init__.py	10040	10044		1
IOpenFromCloudCallback	Autodesk.Revit.DB	Autodesk/Revit/DB/__init__.py	10045	10049		1
IOrderedDictionary	System.Collections.Specialized	System/Collections/Specialized.py	550	638	IDictionary, ICollection, IEnumerable	0
IOverrideOperation	Autodesk.Aec.DatabaseServices	Autodesk/Aec/DatabaseServices.py	4553	4561		5
IPEAttachmentPoint	Autodesk.AutoCAD.Windows.Data	Autodesk/AutoCAD/Windows/Data/__init__.py	729	733		0
IPECallbackType	Autodesk.AutoCAD.Internal	Autodesk/AutoCAD/Internal/__init__.py	1262	1266		0
IPECharFlags	Autodesk.AutoCAD.Internal	Autodesk/AutoCAD/Internal/__init__.py	1267	1271		0
IPECharFlowType	Autodesk.AutoCAD.Internal	Autodesk/AutoCAD/Internal/__init__.py	1272	1276		0
IPECharStateWrapper	Autodesk.AutoCAD.Internal	Autodesk/AutoCAD/Internal/__init__.py	1277	1298	DisposableWrapper	18
IPEColumnCommandType	Autodesk.AutoCAD.Internal	Autodesk/AutoCAD/Internal/__init__.py	1299	1303		0
IPEColumnType	Autodesk.AutoCAD.Windows.Data	Autodesk/AutoCAD/Windows/Data/__init__.py	734	738		0
IPECommandBase	Autodesk.AutoCAD.Windows.Data	Autodesk/AutoCAD/Windows/Data/__init__.py	739	745		3
IPECommands	Autodesk.AutoCAD.Internal	Autodesk/AutoCAD/Internal/__init__.py	1304	1308		0
IPEControlIconType	Autodesk.AutoCAD.Internal	Autodesk/AutoCAD/Internal/__init__.py	1309	1313		0
IPEDimensionStateWrapper	Autodesk.AutoCAD.Internal	Autodesk/AutoCAD/Internal/__init__.py	1314	1326	DisposableWrapper	9
IPEDynamicColumnType	Autodesk.AutoCAD.Windows.Data	Autodesk/AutoCAD/Windows/Data/__init__.py	746	750		0
IPEEditorSettings	Autodesk.AutoCAD.Windows.Data	Autodesk/AutoCAD/Windows/Data/__init__.py	751	755		0
IPEEventArgs	Autodesk.AutoCAD.Internal.Reactors	Autodesk/AutoCAD/Internal/Reactors.py	115	120	EventArgs	2
IPEEventHandler	Autodesk.AutoCAD.Internal.Reactors	Autodesk/AutoCAD/Internal/Reactors.py	121	129		5
IPEEventManager	Autodesk.AutoCAD.Internal.Reactors	Autodesk/AutoCAD/Internal/Reactors.py	130	137		3
IPEExitType	Autodesk.AutoCAD.Internal	Autodesk/AutoCAD/Internal/__init__.py	1327	1331		0
IPEFlowAlignmentType	Autodesk.AutoCAD.Windows.Data	Autodesk/AutoCAD/Windows/Data/__init__.py	756	760		0
IPELineSpacingCommandType	Autodesk.AutoCAD.Internal	Autodesk/AutoCAD/Internal/__init__.py	1332	1336		0
IPELineSpacingStyle	Autodesk.AutoCAD.Internal	Autodesk/AutoCAD/Internal/__init__.py	1337	1341		0
IPENumberingCommandType	Autodesk.AutoCAD.Internal	Autodesk/AutoCAD/Internal/__init__.py	1342	1346		0
IPENumberingType	Autodesk.AutoCAD.Internal	Autodesk/AutoCAD/Internal/__init__.py	1347	1351		0
IPENumberingType	Autodesk.AutoCAD.Windows.Data	Autodesk/AutoCAD/Windows/Data/__init__.py	761	765		0
IPENumberingTypeEnumConverter	Autodesk.AutoCAD.Windows.Data	Autodesk/AutoCAD/Windows/Data/__init__.py	766	772	EnumConverter	3
IPEOptionsCommandType	Autodesk.AutoCAD.Internal	Autodesk/AutoCAD/Internal/__init__.py	1352	1356		0
IPEParagraphAlignmentType	Autodesk.AutoCAD.Internal	Autodesk/AutoCAD/Internal/__init__.py	1357	1361		0
IPEParagraphAlignmentType	Autodesk.AutoCAD.Windows.Data	Autodesk/AutoCAD/Windows/Data/__init__.py	773	777		0
IPEParagraphFlags	Autodesk.AutoCAD.Internal	Autodesk/AutoCAD/Internal/__init__.py	1362	1366		0
IPEParagraphStateWrapper	Autodesk.AutoCAD.Internal	Autodesk/AutoCAD/Internal/__init__.py	1367	1386	DisposableWrapper	16
IPESettingsWrapper	Autodesk.AutoCAD.Internal	Autodesk/AutoCAD/Internal/__init__.py	1387	1410	DisposableWrapper	20
IPEStateWrapper	Autodesk.AutoCAD.Internal	Autodesk/AutoCAD/Internal/__init__.py	1411	1464	DisposableWrapper	50
IPEStaticColumnType	Autodesk.AutoCAD.Windows.Data	Autodesk/AutoCAD/Windows/Data/__init__.py	778	782		0
IPESymbolCommandType	Autodesk.AutoCAD.Internal	Autodesk/AutoCAD/Internal/__init__.py	1465	1469		0
IPETableFlags	Autodesk.AutoCAD.Internal	Autodesk/AutoCAD/Internal/__init__.py	1470	1474		0
IPETestingEventArgs	Autodesk.AutoCAD.Internal	Autodesk/AutoCAD/Internal/__init__.py	1475	1479	EventArgs	1
IPETestingHandler	Autodesk.AutoCAD.Internal	Autodesk/AutoCAD/Internal/__init__.py	1480	1488		5
IPETestingWrapper	Autodesk.AutoCAD.Internal	Autodesk/AutoCAD/Internal/__init__.py	1489	1495		3
IPEUpdateUIEventArgs	Autodesk.AutoCAD.Internal	Autodesk/AutoCAD/Internal/__init__.py	1496	1500	EventArgs	1
IPEWrapper	Autodesk.AutoCAD.Internal	Autodesk/AutoCAD/Internal/__init__.py	1501	1506		2
IParam	Autodesk.Civil.Runtime	Autodesk/Civil/Runtime.py	90	100		7
IParameter	Autodesk.AutoCAD.DatabaseServices	Autodesk/AutoCAD/DatabaseServices/__init__.py	10083	10096		10
IPerformanceAdviserRule	Autodesk.Revit.DB	Autodesk/Revit/DB/__init__.py	10050	10060		7
IPhotoRenderContext	Autodesk.Revit.DB	Autodesk/Revit/DB/__init__.py	10061	10065		0
IPipeFittingAndAccessoryPressureDropServer	Autodesk.Revit.DB.Plumbing	Autodesk/Revit/DB/Plumbing.py	170	176		3
IPipeFittingAndAccessoryPressureDropUIServer	Autodesk.Revit.UI.Plumbing	Autodesk/Revit/UI/Plumbing.py	3	8		2
IPipePlumbingFixtureFlowServer	Autodesk.Revit.DB.Plumbing	Autodesk/Revit/DB/Plumbing.py	177	183		3
IPipePressureDropServer	Autodesk.Revit.DB.Plumbing	Autodesk/Revit/DB/Plumbing.py	184	190		3
IPlugin	Autodesk.Navisworks.Api.Interop	Autodesk/Navisworks/Api/Interop/__init__.py	125	129		0
IPluginFactory	Autodesk.Navisworks.Api.Interop	Autodesk/Navisworks/Api/Interop/__init__.py	130	134		1
IPoint	Autodesk.Civil.DatabaseServices	Autodesk/Civil/DatabaseServices/__init__.py	8833	8841		5
IPointCloudAccess	Autodesk.Revit.DB.PointClouds	Autodesk/Revit/DB/PointClouds.py	8	19		8
IPointCloudEngine	Autodesk.Revit.DB.PointClouds	Autodesk/Revit/DB/PointClouds.py	20	25		2
IPointCloudExtractionProgressCallback	Autodesk.AutoCAD.Runtime	Autodesk/AutoCAD/Runtime.py	274	283		6
IPointSetIterator	Autodesk.Revit.DB.PointClouds	Autodesk/Revit/DB/PointClouds.py	26	31		2
IPreviewContext	Autodesk.AutoCAD.Internal	Autodesk/AutoCAD/Internal/__init__.py	1507	1512		2
IPreviewContextProvider	Autodesk.AutoCAD.Internal	Autodesk/AutoCAD/Internal/__init__.py	1513	1518		2
IPrintSetting	Autodesk.Revit.DB	Autodesk/Revit/DB/__init__.py	10066	10070		1
IProducerConsumerCollection	System.Collections.Concurrent	System/Collections/Concurrent.py	1127	1187	IEnumerable[T], IEnumerable, ICollection	0
IProgress	System	System/__init__.py	28687	28697		0
IProperty	Autodesk.Civil	Autodesk/Civil/__init__.py	679	686		4
IPropertyProvider	Autodesk.AutoCAD.ComponentModel	Autodesk/AutoCAD/ComponentModel.py	3	7		1
IPropertyValueUIService	System.Drawing.Design	System/Drawing/Design.py	97	175		0
IReadOnlyCollection	System.Collections.Generic	System/Collections/Generic.py	857	879	IEnumerable[T], IEnumerable	0
IReadOnlyDictionary	System.Collections.Generic	System/Collections/Generic.py	880	921	IReadOnlyCollection[KeyValuePair[TKey, TValue]], IEnumerable[KeyValuePair[TKey, TValue]], IEnumerable	0
IReadOnlyList	System.Collections.Generic	System/Collections/Generic.py	922	940	IReadOnlyCollection[T], IEnumerable[T], IEnumerable	0
IRebarUpdateServer	Autodesk.Revit.DB.Structure	Autodesk/Revit/DB/Structure/__init__.py	1401	1409		5
IRevisionsOnSheetUIServer	Autodesk.Revit.UI	Autodesk/Revit/UI/__init__.py	448	452		1
IRootGridEntry	System.Windows.Forms.PropertyGridInternal	System/Windows/Forms/PropertyGridInternal.py	11	53		0
ISaveSharedCoordinatesCallback	Autodesk.Revit.DB	Autodesk/Revit/DB/__init__.py	10071	10075		1
ISaveSharedCoordinatesCallbackForUnloadLocally	Autodesk.Revit.DB	Autodesk/Revit/DB/__init__.py	10076	10080		1
ISelectionFilter	Autodesk.Revit.UI.Selection	Autodesk/Revit/UI/Selection.py	3	8		2
IServiceProvider	System	System/__init__.py	28698	28720		0
ISet	System.Collections.Generic	System/Collections/Generic.py	941	1151	ICollection[T], IEnumerable[T], IEnumerable	0
ISingleServerService	Autodesk.Revit.DB.ExternalService	Autodesk/Revit/DB/ExternalService.py	102	106		0
ISpecialValueConverter	Autodesk.AutoCAD.DatabaseServices	Autodesk/AutoCAD/DatabaseServices/__init__.py	10097	10103		3
IStringOperation	Autodesk.Aec.DatabaseServices	Autodesk/Aec/DatabaseServices.py	4562	4576		11
IStringPairOperation	Autodesk.Aec.DatabaseServices	Autodesk/Aec/DatabaseServices.py	4577	4591		11
IStructuralComparable	System.Collections	System/Collections/__init__.py	3026	3081		0
IStructuralEquatable	System.Collections	System/Collections/__init__.py	3082	3129		0
IStructuralSectionsServer	Autodesk.Revit.DB.Structure	Autodesk/Revit/DB/Structure/__init__.py	1410	1414		1
ISubObject	Autodesk.AutoCAD.DatabaseServices	Autodesk/AutoCAD/DatabaseServices/__init__.py	10104	10108		1
ITemporaryGraphicsHandler	Autodesk.Revit.UI	Autodesk/Revit/UI/__init__.py	453	457		1
ITerrainSurface	Autodesk.Civil.DatabaseServices	Autodesk/Civil/DatabaseServices/__init__.py	8842	8856		11
ITestPlugin	Autodesk.Navisworks.Api.Interop	Autodesk/Navisworks/Api/Interop/__init__.py	135	139		1
ITextEditorSelectable	Autodesk.AutoCAD.DatabaseServices	Autodesk/AutoCAD/DatabaseServices/__init__.py	10109	10114		2
ITinSurface	Autodesk.Civil.DatabaseServices	Autodesk/Civil/DatabaseServices/__init__.py	8857	8861		1
IToolboxItemProvider	System.Drawing.Design	System/Drawing/Design.py	176	194		0
IToolboxService	System.Drawing.Design	System/Drawing/Design.py	195	648		0
IToolboxUser	System.Drawing.Design	System/Drawing/Design.py	649	685		0
ITransactionFinalizer	Autodesk.Revit.DB	Autodesk/Revit/DB/__init__.py	10081	10086		2
ITransientElementMaker	Autodesk.Revit.DB	Autodesk/Revit/DB/__init__.py	10087	10091		1
ITypeDescriptor	Autodesk.AutoCAD.ComponentModel	Autodesk/AutoCAD/ComponentModel.py	8	18		7
IUIService	System.Windows.Forms.Design	System/Windows/Forms/Design.py	5319	5517		0
IUpdater	Autodesk.Revit.DB	Autodesk/Revit/DB/__init__.py	10092	10100		5
IViewSheetSet	Autodesk.Revit.DB	Autodesk/Revit/DB/__init__.py	10101	10109		5
IVolumeSurface	Autodesk.Civil.DatabaseServices	Autodesk/Civil/DatabaseServices/__init__.py	8862	8868		3
IWin32Window	System.Windows.Forms	System/Windows/Forms/__init__.py	2036	2054		0
IWindowTarget	System.Windows.Forms	System/Windows/Forms/__init__.py	139248	139280		0
IWindowsFormsEditorService	System.Windows.Forms.Design	System/Windows/Forms/Design.py	5518	5566		0
Icon	System.Drawing	System/Drawing/__init__.py	7269	7513	MarshalByRefObject, ISerializable, ICloneable, IDisposable	0
IconConverter	System.Drawing	System/Drawing/__init__.py	7514	7626	ExpandableObjectConverter	0
IconEffect	System.Windows.Forms.VisualStyles	System/Windows/Forms/VisualStyles.py	1026	1074	Enum, IComparable, IFormattable, IConvertible	0
IconType	Autodesk.AutoCAD.Windows	Autodesk/AutoCAD/Windows/__init__.py	96	100		0
IdMapping	Autodesk.AutoCAD.DatabaseServices	Autodesk/AutoCAD/DatabaseServices/__init__.py	10115	10132	RXObject	14
IdMappingEventArgs	Autodesk.AutoCAD.DatabaseServices	Autodesk/AutoCAD/DatabaseServices/__init__.py	10133	10137	EventArgs	1
IdMappingEventHandler	Autodesk.AutoCAD.DatabaseServices	Autodesk/AutoCAD/DatabaseServices/__init__.py	10138	10146		5
IdPair	Autodesk.AutoCAD.DatabaseServices	Autodesk/AutoCAD/DatabaseServices/__init__.py	10147	10158		8
IdlingEventArgs	Autodesk.Revit.UI.Events	Autodesk/Revit/UI/Events.py	132	138	RevitAPIPreEventArgs	3
IlluminationModel	Autodesk.AutoCAD.GraphicsInterface	Autodesk/AutoCAD/GraphicsInterface.py	559	563		0
Image	Autodesk.AutoCAD.DatabaseServices	Autodesk/AutoCAD/DatabaseServices/__init__.py	10159	10233	Entity	71
Image	System.Drawing	System/Drawing/__init__.py	11	688	MarshalByRefObject, ISerializable, ICloneable, IDisposable	0
ImageAnimator	System.Drawing	System/Drawing/__init__.py	7654	7728	object	0
ImageAttributes	System.Drawing.Imaging	System/Drawing/Imaging.py	1569	2207	object, ICloneable, IDisposable	0
ImageBGRA32	Autodesk.AutoCAD.GraphicsInterface	Autodesk/AutoCAD/GraphicsInterface.py	564	573	DisposableWrapper	6
ImageBackground	Autodesk.AutoCAD.DatabaseServices	Autodesk/AutoCAD/DatabaseServices/__init__.py	10234	10283	Background	46
ImageBackgroundSettings	Autodesk.Revit.DB	Autodesk/Revit/DB/__init__.py	10110	10118	BackgroundSettings	5
ImageBackgroundTraits	Autodesk.AutoCAD.GraphicsInterface	Autodesk/AutoCAD/GraphicsInterface.py	574	608	NonEntityTraits	31
ImageCodecFlags	System.Drawing.Imaging	System/Drawing/Imaging.py	2208	2260	Enum, IComparable, IFormattable, IConvertible	0
ImageCodecInfo	System.Drawing.Imaging	System/Drawing/Imaging.py	2261	2449	object	0
ImageConverter	System.Drawing	System/Drawing/__init__.py	7729	7883	TypeConverter	0
ImageDisplayOptions	Autodesk.AutoCAD.DatabaseServices	Autodesk/AutoCAD/DatabaseServices/__init__.py	10284	10288		0
ImageExportOptions	Autodesk.Revit.DB	Autodesk/Revit/DB/__init__.py	10119	10143		18
ImageFileTexture	Autodesk.AutoCAD.GraphicsInterface	Autodesk/AutoCAD/GraphicsInterface.py	609	619	ImageTexture	7
ImageFileType	Autodesk.Revit.DB	Autodesk/Revit/DB/__init__.py	10144	10148		0
ImageFlags	System.Drawing.Imaging	System/Drawing/Imaging.py	2450	2507	Enum, IComparable, IFormattable, IConvertible	0
ImageFormat	System.Drawing.Imaging	System/Drawing/Imaging.py	2508	2599	object	0
ImageFormatConverter	System.Drawing	System/Drawing/__init__.py	7884	8058	TypeConverter	0
ImageGenerationStyle	Autodesk.Navisworks.Api	Autodesk/Navisworks/Api/__init__.py	998	1002		0
ImageIndexConverter	System.Windows.Forms	System/Windows/Forms/__init__.py	136999	137143	Int32Converter	0
ImageInstance	Autodesk.Revit.DB	Autodesk/Revit/DB/__init__.py	10149	10193	Element	39
ImageKeyConverter	System.Windows.Forms	System/Windows/Forms/__init__.py	137144	137314	StringConverter	0
ImageLayout	System.Windows.Forms	System/Windows/Forms/__init__.py	137315	137363	Enum, IComparable, IFormattable, IConvertible	0
ImageList	System.Windows.Forms	System/Windows/Forms/__init__.py	137364	137663	Component, IComponent, IDisposable	0
ImageListStreamer	System.Windows.Forms	System/Windows/Forms/__init__.py	137664	137723	object, ISerializable, IDisposable	0
ImageLockMode	System.Drawing.Imaging	System/Drawing/Imaging.py	2600	2647	Enum, IComparable, IFormattable, IConvertible	0
ImageOrg	Autodesk.AutoCAD.GraphicsInterface	Autodesk/AutoCAD/GraphicsInterface.py	620	624		0
ImageOrientation	System.Windows.Forms.VisualStyles	System/Windows/Forms/VisualStyles.py	1075	1120	Enum, IComparable, IFormattable, IConvertible	0
ImagePlacementOptions	Autodesk.Revit.DB	Autodesk/Revit/DB/__init__.py	10194	10201		4
ImageQuality	Autodesk.AutoCAD.DatabaseServices	Autodesk/AutoCAD/DatabaseServices/__init__.py	10289	10293		0
ImageResolution	Autodesk.Revit.DB	Autodesk/Revit/DB/__init__.py	10202	10206		0
ImageSelectType	System.Windows.Forms.VisualStyles	System/Windows/Forms/VisualStyles.py	1121	1167	Enum, IComparable, IFormattable, IConvertible	0
ImageSource	Autodesk.AutoCAD.GraphicsInterface	Autodesk/AutoCAD/GraphicsInterface.py	625	629		0
ImageTexture	Autodesk.AutoCAD.GraphicsInterface	Autodesk/AutoCAD/GraphicsInterface.py	630	636	MaterialTexture	3
ImageType	Autodesk.Revit.DB	Autodesk/Revit/DB/__init__.py	10207	10259	ElementType	48
ImageTypeOptions	Autodesk.Revit.DB	Autodesk/Revit/DB/__init__.py	10260	10272		9
ImageTypeSource	Autodesk.Revit.DB	Autodesk/Revit/DB/__init__.py	10273	10277		0
ImageTypeStatus	Autodesk.Revit.DB	Autodesk/Revit/DB/__init__.py	10278	10282		0
ImageView	Autodesk.Revit.DB	Autodesk/Revit/DB/__init__.py	10283	10352	ViewDrafting	65
ImeContext	System.Windows.Forms	System/Windows/Forms/__init__.py	137724	137825	object	0
ImeMode	System.Windows.Forms	System/Windows/Forms/__init__.py	137826	137883	Enum, IComparable, IFormattable, IConvertible	0
ImeModeConversion	System.Windows.Forms	System/Windows/Forms/__init__.py	137884	137889	object	0
ImpArray	Autodesk.Aec.DatabaseServices	Autodesk/Aec/DatabaseServices.py	4592	4614	ImpObject	19
ImpObject	Autodesk.Aec.DatabaseServices	Autodesk/Aec/DatabaseServices.py	4615	4625	RXObject	7
ImpObjectCollection	Autodesk.Aec.DatabaseServices	Autodesk/Aec/DatabaseServices.py	4626	4643	DisposableWrapper	14
ImpTree	Autodesk.Aec.DatabaseServices	Autodesk/Aec/DatabaseServices.py	4644	4659	ImpObject	12
ImpTreeCollection	Autodesk.Aec.DatabaseServices	Autodesk/Aec/DatabaseServices.py	4660	4674		11
ImperialToMetricConversionType	Autodesk.Civil.Settings	Autodesk/Civil/Settings.py	53	57		0
ImplicitPointType	Autodesk.AutoCAD.DatabaseServices	Autodesk/AutoCAD/DatabaseServices/__init__.py	10294	10298		0
ImpliedPointOfIntersectionDisplayType	Autodesk.Civil	Autodesk/Civil/__init__.py	687	691		0
ImportColorMode	Autodesk.Revit.DB	Autodesk/Revit/DB/__init__.py	10353	10357		0
ImportCommand	Autodesk.AutoCAD.Windows.Data	Autodesk/AutoCAD/Windows/Data/__init__.py	783	787	IPECommandBase	1
ImportExportFileFormat	Autodesk.Revit.DB	Autodesk/Revit/DB/__init__.py	10358	10362		0
ImportIFCOptions	Autodesk.Revit.DB	Autodesk/Revit/DB/__init__.py	10363	10371		4
ImportInstance	Autodesk.Revit.DB	Autodesk/Revit/DB/__init__.py	10372	10407	Instance	31
ImportOptions3DM	Autodesk.Revit.DB	Autodesk/Revit/DB/__init__.py	10408	10421	BaseImportOptions	10
ImportPlacement	Autodesk.Revit.DB	Autodesk/Revit/DB/__init__.py	10422	10426		0
ImportUnit	Autodesk.Revit.DB	Autodesk/Revit/DB/__init__.py	10427	10431		0
InCanvasControlData	Autodesk.Revit.DB	Autodesk/Revit/DB/__init__.py	10432	10439		4
InSessionPrintSetting	Autodesk.Revit.DB	Autodesk/Revit/DB/__init__.py	10440	10445		2
InSessionViewSheetSet	Autodesk.Revit.DB	Autodesk/Revit/DB/__init__.py	10446	10455		6
InapplicableDataException	Autodesk.Revit.Exceptions	Autodesk/Revit/Exceptions.py	425	438	InvalidOperationException	10
IndependentTag	Autodesk.Revit.DB	Autodesk/Revit/DB/__init__.py	10456	10522	Element	62
Index	Autodesk.AutoCAD.DatabaseServices.Filters	Autodesk/AutoCAD/DatabaseServices/Filters.py	63	112	DBObject	46
IndexBuffer	Autodesk.Revit.DB.DirectContext3D	Autodesk/Revit/DB/DirectContext3D.py	119	131		9
IndexCreation	Autodesk.AutoCAD.DatabaseServices	Autodesk/AutoCAD/DatabaseServices/__init__.py	10299	10303		0
IndexLine	Autodesk.Revit.DB.DirectContext3D	Autodesk/Revit/DB/DirectContext3D.py	132	140	IndexPrimitive	4
IndexOutOfRangeException	System	System/__init__.py	27101	27142	SystemException, ISerializable, _Exception	0
IndexPoint	Autodesk.Revit.DB.DirectContext3D	Autodesk/Revit/DB/DirectContext3D.py	141	148	IndexPrimitive	3
IndexPrimitive	Autodesk.Revit.DB.DirectContext3D	Autodesk/Revit/DB/DirectContext3D.py	149	154		2
IndexSpecifier	Autodesk.Aec.DatabaseServices	Autodesk/Aec/DatabaseServices.py	4675	4684	ImpObject	6
IndexSpecifierBoundaryEdge	Autodesk.Aec.DatabaseServices	Autodesk/Aec/DatabaseServices.py	4685	4698	IndexSpecifier	10
IndexSpecifierExplicit	Autodesk.Aec.DatabaseServices	Autodesk/Aec/DatabaseServices.py	4699	4711	IndexSpecifier	9
IndexSpecifierLocation	Autodesk.Aec.DatabaseServices	Autodesk/Aec/DatabaseServices.py	4712	4723	IndexSpecifier	8
IndexStream	Autodesk.Revit.DB.DirectContext3D	Autodesk/Revit/DB/DirectContext3D.py	155	160		2
IndexStreamLine	Autodesk.Revit.DB.DirectContext3D	Autodesk/Revit/DB/DirectContext3D.py	161	167	IndexStream	3
IndexStreamPoint	Autodesk.Revit.DB.DirectContext3D	Autodesk/Revit/DB/DirectContext3D.py	168	174	IndexStream	3
IndexStreamTriangle	Autodesk.Revit.DB.DirectContext3D	Autodesk/Revit/DB/DirectContext3D.py	175	181	IndexStream	3
IndexTriangle	Autodesk.Revit.DB.DirectContext3D	Autodesk/Revit/DB/DirectContext3D.py	182	191	IndexPrimitive	5
IndexUpdateData	Autodesk.AutoCAD.DatabaseServices.Filters	Autodesk/AutoCAD/DatabaseServices/Filters.py	113	125	DisposableWrapper	9
InfiltrationMethod	Autodesk.Civil.DatabaseServices	Autodesk/Civil/DatabaseServices/__init__.py	8869	8873		0
InfoCenter	Autodesk.AutoCAD.Windows	Autodesk/AutoCAD/Windows/__init__.py	101	113		9
InfoPropertyCategory	Autodesk.Navisworks.Api	Autodesk/Navisworks/Api/__init__.py	1003	1016	NativeHandle	8
InfoPropertyCategoryCollection	Autodesk.Navisworks.Api	Autodesk/Navisworks/Api/__init__.py	1017	1030	NativeHandle	8
InfoToolbarMoveDelegate	Autodesk.AutoCAD.Windows	Autodesk/AutoCAD/Windows/__init__.py	114	122		5
InfoToolbarResizeTo	Autodesk.AutoCAD.Windows	Autodesk/AutoCAD/Windows/__init__.py	123	131		5
InitPublishOptionsDialogEventHandler	Autodesk.AutoCAD.Publishing	Autodesk/AutoCAD/Publishing.py	231	239		5
InitialAbstractionType	Autodesk.Civil.DatabaseServices	Autodesk/Civil/DatabaseServices/__init__.py	8874	8878		0
InitialColor	Autodesk.Revit.DB.Lighting	Autodesk/Revit/DB/Lighting.py	46	53		4
InitialFluxIntensity	Autodesk.Revit.DB.Lighting	Autodesk/Revit/DB/Lighting.py	54	60	InitialIntensity	3
InitialIlluminanceIntensity	Autodesk.Revit.DB.Lighting	Autodesk/Revit/DB/Lighting.py	61	68	InitialIntensity	4
InitialIntensity	Autodesk.Revit.DB.Lighting	Autodesk/Revit/DB/Lighting.py	69	76		4
InitialLuminousIntensity	Autodesk.Revit.DB.Lighting	Autodesk/Revit/DB/Lighting.py	77	83	InitialIntensity	3
InitialWattageIntensity	Autodesk.Revit.DB.Lighting	Autodesk/Revit/DB/Lighting.py	84	91	InitialIntensity	4
InletGrateType	Autodesk.Civil.DatabaseServices	Autodesk/Civil/DatabaseServices/__init__.py	8879	8883		0
InletLocationType	Autodesk.Civil.DatabaseServices	Autodesk/Civil/DatabaseServices/__init__.py	8884	8888		0
InletThroatAngleType	Autodesk.Civil.DatabaseServices	Autodesk/Civil/DatabaseServices/__init__.py	8889	8893		0
InplaceEditor	Autodesk.Aec.DatabaseServices	Autodesk/Aec/DatabaseServices.py	4724	4792	DictionaryRecord	65
InplaceEditorClassInformation	Autodesk.Aec.DatabaseServices	Autodesk/Aec/DatabaseServices.py	4793	4798		2
InplaceEditorMap	Autodesk.Aec.DatabaseServices	Autodesk/Aec/DatabaseServices.py	4799	4817	DisposableWrapper	15
InplaceEditorUtilities	Autodesk.Aec.DatabaseServices	Autodesk/Aec/DatabaseServices.py	4818	4865		22
InplaceTextEditor	Autodesk.AutoCAD.ApplicationServices	Autodesk/AutoCAD/ApplicationServices/__init__.py	524	615	TextEditor	87
InplaceTextEditor	Autodesk.AutoCAD.Windows.Data	Autodesk/AutoCAD/Windows/Data/__init__.py	788	879		88
InplaceTextEditorSettings	Autodesk.AutoCAD.ApplicationServices	Autodesk/AutoCAD/ApplicationServices/__init__.py	616	627	DisposableWrapper	8
InputBuffer	Autodesk.AutoCAD.Windows.Data	Autodesk/AutoCAD/Windows/Data/__init__.py	880	896		13
InputCharactersQueuedEventArgs	Autodesk.AutoCAD.Internal.Windows	Autodesk/AutoCAD/Internal/Windows.py	91	95	EventArgs	1
InputCharactersQueuedEventHandler	Autodesk.AutoCAD.Internal.Windows	Autodesk/AutoCAD/Internal/Windows.py	96	104		5
InputControlFlags	Autodesk.AutoCAD.Internal.PreviousInput	Autodesk/AutoCAD/Internal/PreviousInput.py	85	89		0
InputLanguage	System.Windows.Forms	System/Windows/Forms/__init__.py	137915	138007	object	0
InputLanguageChangedEventArgs	System.Windows.Forms	System/Windows/Forms/__init__.py	138008	138061	EventArgs	0
InputLanguageChangedEventHandler	System.Windows.Forms	System/Windows/Forms/__init__.py	138062	138166	MulticastDelegate, ICloneable, ISerializable	0
InputLanguageChangingEventArgs	System.Windows.Forms	System/Windows/Forms/__init__.py	138167	138220	CancelEventArgs	0
InputLanguageChangingEventHandler	System.Windows.Forms	System/Windows/Forms/__init__.py	138221	138325	MulticastDelegate, ICloneable, ISerializable	0
InputLanguageCollection	System.Windows.Forms	System/Windows/Forms/__init__.py	138326	138412	ReadOnlyCollectionBase, ICollection, IEnumerable	0
InputModes	Autodesk.AutoCAD.Internal.PreviousInput	Autodesk/AutoCAD/Internal/PreviousInput.py	90	94		0
InputPlugin	Autodesk.Navisworks.Api.Plugins	Autodesk/Navisworks/Api/Plugins.py	435	458	Plugin	20
InputPluginRecord	Autodesk.Navisworks.Api.Plugins	Autodesk/Navisworks/Api/Plugins.py	459	480	PluginRecord	18
InputPointContext	Autodesk.AutoCAD.EditorInput	Autodesk/AutoCAD/EditorInput.py	327	349		19
InputSearchOptions	Autodesk.AutoCAD.Windows.Data	Autodesk/AutoCAD/Windows/Data/__init__.py	897	901		0
InputStringEventArgs	Autodesk.AutoCAD.Internal.PreviousInput	Autodesk/AutoCAD/Internal/PreviousInput.py	95	99	EventArgs	1
InputStringEventHandler	Autodesk.AutoCAD.Internal.PreviousInput	Autodesk/AutoCAD/Internal/PreviousInput.py	100	108		5
InsertKeyMode	System.Windows.Forms	System/Windows/Forms/__init__.py	138413	138459	Enum, IComparable, IFormattable, IConvertible	0
InsertOrientation	Autodesk.Revit.DB	Autodesk/Revit/DB/__init__.py	10523	10527		0
InsertableObject	Autodesk.Revit.DB	Autodesk/Revit/DB/__init__.py	10528	10562	ElementType	31
InstalledFontCollection	System.Drawing.Text	System/Drawing/Text.py	154	200	FontCollection, IDisposable	0
Instance	Autodesk.Revit.DB	Autodesk/Revit/DB/__init__.py	10563	10595	Element	29
InstanceBinding	Autodesk.Revit.DB	Autodesk/Revit/DB/__init__.py	10596	10601	ElementBinding	2
InstanceNode	Autodesk.Revit.DB	Autodesk/Revit/DB/__init__.py	10602	10608	GroupNode	3
InstanceVoidCutUtils	Autodesk.Revit.DB	Autodesk/Revit/DB/__init__.py	10609	10626		7
InsufficientExecutionStackException	System	System/__init__.py	27143	27184	SystemException, ISerializable, _Exception	0
InsufficientMemoryException	System	System/__init__.py	27229	27270	OutOfMemoryException, ISerializable, _Exception	0
InsufficientResourcesException	Autodesk.Revit.Exceptions	Autodesk/Revit/Exceptions.py	439	452	InvalidOperationException	10
InsulationLiningBase	Autodesk.Revit.DB	Autodesk/Revit/DB/__init__.py	10627	10672	MEPCurve	39
InsulationMaterial	Autodesk.Revit.DB.Electrical	Autodesk/Revit/DB/Electrical.py	1422	1437		8
Int16	System	System/__init__.py	27271	27759	object, IComparable, IFormattable, IConvertible, IComparable[Int16], IEquatable[Int16]	0
Int32	System	System/__init__.py	12077	12293	object	0
Int32Collection	Autodesk.AutoCAD.Geometry	Autodesk/AutoCAD/Geometry.py	807	829		19
Int32CollectionEnumerator	Autodesk.AutoCAD.Geometry	Autodesk/AutoCAD/Geometry.py	830	836		3
Int32Field	Autodesk.Navisworks.Api.Schema	Autodesk/Navisworks/Api/Schema.py	156	171	SimpleField	10
Int32ToImageConverter	Autodesk.AutoCAD.Windows.Data	Autodesk/AutoCAD/Windows/Data/__init__.py	902	908		3
Int64	System	System/__init__.py	27760	28242	object, IComparable, IFormattable, IConvertible, IComparable[Int64], IEquatable[Int64]	0
IntPtr	System	System/__init__.py	28243	28444	object, ISerializable	0
IntPtrCollection	Autodesk.AutoCAD.Geometry	Autodesk/AutoCAD/Geometry.py	837	859		19
IntPtrCollectionEnumerator	Autodesk.AutoCAD.Geometry	Autodesk/AutoCAD/Geometry.py	860	866		3
IntegerCollection	Autodesk.AutoCAD.Geometry	Autodesk/AutoCAD/Geometry.py	867	889		19
IntegerCollectionEnumerator	Autodesk.AutoCAD.Geometry	Autodesk/AutoCAD/Geometry.py	890	896		3
IntegerParameterValue	Autodesk.Revit.DB	Autodesk/Revit/DB/__init__.py	10673	10678	ParameterValue	2
IntegerProperty	System.Windows.Forms.VisualStyles	System/Windows/Forms/VisualStyles.py	1168	1235	Enum, IComparable, IFormattable, IConvertible	0
IntegerRange	Autodesk.Revit.DB	Autodesk/Revit/DB/__init__.py	10679	10686		4
InterfaceAttribute	Autodesk.Navisworks.Api.Plugins	Autodesk/Navisworks/Api/Plugins.py	481	489	Attribute	5
InterfaceRecord	Autodesk.Navisworks.Api.Plugins	Autodesk/Navisworks/Api/Plugins.py	490	498		5
Interference	Autodesk.Civil.DatabaseServices	Autodesk/Civil/DatabaseServices/__init__.py	8894	9010	GeoEntity	113
InterferenceCheck	Autodesk.Civil.DatabaseServices	Autodesk/Civil/DatabaseServices/__init__.py	9011	9125	GeoEntity	111
InterferenceDisplayStyleType	Autodesk.Civil.DatabaseServices.Styles	Autodesk/Civil/DatabaseServices/Styles.py	1707	1711		0
InterferenceModelSizeOptionType	Autodesk.Civil.DatabaseServices.Styles	Autodesk/Civil/DatabaseServices/Styles.py	1712	1716		0
InterferenceModelSizeType	Autodesk.Civil.DatabaseServices.Styles	Autodesk/Civil/DatabaseServices/Styles.py	1717	1721		0
InterferenceModelType	Autodesk.Civil.DatabaseServices.Styles	Autodesk/Civil/DatabaseServices/Styles.py	1722	1726		0
InterferenceProtocolExtension	Autodesk.AutoCAD.DatabaseServices	Autodesk/AutoCAD/DatabaseServices/__init__.py	10304	10311	RXObject	4
InterferenceStyle	Autodesk.Civil.DatabaseServices.Styles	Autodesk/Civil/DatabaseServices/Styles.py	1727	1788	StyleBase	58
InterferenceStyleCollection	Autodesk.Civil.DatabaseServices.Styles	Autodesk/Civil/DatabaseServices/Styles.py	1789	1799	StyleCollectionBase	7
InternalC3DPipesToStmMigration	Autodesk.Civil	Autodesk/Civil/__init__.py	692	697		1
InternalDefinition	Autodesk.Revit.DB	Autodesk/Revit/DB/__init__.py	10687	10702	Definition	12
InternalDefinitions	Autodesk.Revit.DB	Autodesk/Revit/DB/__init__.py	10703	10709	Definitions	3
InternalException	Autodesk.Revit.Exceptions	Autodesk/Revit/Exceptions.py	453	466	ApplicationException	10
InternalOrigin	Autodesk.Revit.DB	Autodesk/Revit/DB/__init__.py	10710	10744	Element	30
InternalRouting	Autodesk.Civil.DatabaseServices	Autodesk/Civil/DatabaseServices/__init__.py	9126	9130		0
Interop	Autodesk.AutoCAD.Runtime	Autodesk/AutoCAD/Runtime.py	284	307		10
InterpolationMode	System.Drawing.Drawing2D	System/Drawing/Drawing2D.py	3074	3126	Enum, IComparable, IFormattable, IConvertible	0
Intersect	Autodesk.AutoCAD.DatabaseServices	Autodesk/AutoCAD/DatabaseServices/__init__.py	10312	10316		0
IntersectingElementData	Autodesk.Revit.DB	Autodesk/Revit/DB/__init__.py	10745	10754		6
Intersection	Autodesk.Civil.DatabaseServices	Autodesk/Civil/DatabaseServices/__init__.py	9131	9252	Entity	118
IntersectionCorridorType	Autodesk.Civil.DatabaseServices	Autodesk/Civil/DatabaseServices/__init__.py	9253	9257		0
IntersectionLocationLabel	Autodesk.Civil.DatabaseServices	Autodesk/Civil/DatabaseServices/__init__.py	9258	9409	FeatureLabel	146
IntersectionRegion	Autodesk.Civil.DatabaseServices	Autodesk/Civil/DatabaseServices/__init__.py	9410	9419	CivilWrapper<AeccDbIntersection>	6
IntersectionRegionCollection	Autodesk.Civil.DatabaseServices	Autodesk/Civil/DatabaseServices/__init__.py	9420	9427	CivilWrapper<AeccDbIntersection>	4
IntersectionResult	Autodesk.Revit.DB	Autodesk/Revit/DB/__init__.py	10755	10765	APIObject	7
IntersectionResultArray	Autodesk.Revit.DB	Autodesk/Revit/DB/__init__.py	10766	10779	APIObject	10
IntersectionResultArrayIterator	Autodesk.Revit.DB	Autodesk/Revit/DB/__init__.py	10780	10787	APIObject	4
IntersectionRoad	Autodesk.Civil.DatabaseServices	Autodesk/Civil/DatabaseServices/__init__.py	9428	9437	CivilWrapper<AeccDbIntersection>	6
IntersectionRoadCollection	Autodesk.Civil.DatabaseServices	Autodesk/Civil/DatabaseServices/__init__.py	9438	9445	CivilWrapper<AeccDbIntersection>	4
IntersectionStyle	Autodesk.Civil.DatabaseServices.Styles	Autodesk/Civil/DatabaseServices/Styles.py	1800	1855	StyleBase	52
IntersectionStyleCollection	Autodesk.Civil.DatabaseServices.Styles	Autodesk/Civil/DatabaseServices/Styles.py	1856	1866	StyleCollectionBase	7
IntersectionType	Autodesk.Revit.DB	Autodesk/Revit/DB/__init__.py	10788	10792		0
Interval	Autodesk.AutoCAD.Geometry	Autodesk/AutoCAD/Geometry.py	897	925	DisposableWrapper	25
InvalidCastException	System	System/__init__.py	28445	28492	SystemException, ISerializable, _Exception	0
InvalidDataStreamException	Autodesk.Revit.Exceptions	Autodesk/Revit/Exceptions.py	467	480	IOException	10
InvalidObjectException	Autodesk.Revit.Exceptions	Autodesk/Revit/Exceptions.py	481	494	InvalidOperationException	10
InvalidOperationException	Autodesk.Revit.Exceptions	Autodesk/Revit/Exceptions.py	495	508	ApplicationException	10
InvalidOperationException	System	System/__init__.py	28493	28536	SystemException, ISerializable, _Exception	0
InvalidPathArgumentException	Autodesk.Revit.Exceptions	Autodesk/Revit/Exceptions.py	509	523	ArgumentException	11
InvalidPrinterException	System.Drawing.Printing	System/Drawing/Printing.py	59	118	SystemException, ISerializable, _Exception	0
InvalidProgramException	System	System/__init__.py	28537	28578	SystemException, ISerializable, _Exception	0
InvalidTimeZoneException	System	System/__init__.py	28579	28622	Exception, ISerializable, _Exception	0
InvalidateEventArgs	System.Windows.Forms	System/Windows/Forms/__init__.py	138460	138485	EventArgs	0
InvalidateEventHandler	System.Windows.Forms	System/Windows/Forms/__init__.py	138486	138590	MulticastDelegate, ICloneable, ISerializable	0
InvalidationHint	Autodesk.AutoCAD.GraphicsSystem	Autodesk/AutoCAD/GraphicsSystem.py	195	199		0
InwBase	Autodesk.Navisworks.Api.Interop.ComApi	Autodesk/Navisworks/Api/Interop/ComApi.py	3	19		13
InwClashPlugin	Autodesk.Navisworks.Api.Interop.ComApi	Autodesk/Navisworks/Api/Interop/ComApi.py	20	29		6
InwClashPlugin_Site	Autodesk.Navisworks.Api.Interop.ComApi	Autodesk/Navisworks/Api/Interop/ComApi.py	30	47		14
InwClashTestsColl	Autodesk.Navisworks.Api.Interop.ComApi	Autodesk/Navisworks/Api/Interop/ComApi.py	48	62		11
InwClippingPlaneColl	Autodesk.Navisworks.Api.Interop.ComApi	Autodesk/Navisworks/Api/Interop/ComApi.py	63	77		11
InwClippingPlaneColl2	Autodesk.Navisworks.Api.Interop.ComApi	Autodesk/Navisworks/Api/Interop/ComApi.py	78	97		16
InwCollBase	Autodesk.Navisworks.Api.Interop.ComApi	Autodesk/Navisworks/Api/Interop/ComApi.py	98	112		11
InwCommentsColl	Autodesk.Navisworks.Api.Interop.ComApi	Autodesk/Navisworks/Api/Interop/ComApi.py	113	127		11
InwControl	Autodesk.Navisworks.Api.Interop.ComApi	Autodesk/Navisworks/Api/Interop/ComApi.py	128	146		15
InwControl2	Autodesk.Navisworks.Api.Interop.ComApi	Autodesk/Navisworks/Api/Interop/ComApi.py	147	169		19
InwControl3	Autodesk.Navisworks.Api.Interop.ComApi	Autodesk/Navisworks/Api/Interop/ComApi.py	170	197		24
InwControl4	Autodesk.Navisworks.Api.Interop.ComApi	Autodesk/Navisworks/Api/Interop/ComApi.py	198	226		25
InwControl5	Autodesk.Navisworks.Api.Interop.ComApi	Autodesk/Navisworks/Api/Interop/ComApi.py	227	256		26
InwExportPlugin	Autodesk.Navisworks.Api.Interop.ComApi	Autodesk/Navisworks/Api/Interop/ComApi.py	257	271		11
InwExportPlugin_Site	Autodesk.Navisworks.Api.Interop.ComApi	Autodesk/Navisworks/Api/Interop/ComApi.py	272	289		14
InwGUIAttribute	Autodesk.Navisworks.Api.Interop.ComApi	Autodesk/Navisworks/Api/Interop/ComApi.py	290	310		17
InwGUIAttribute2	Autodesk.Navisworks.Api.Interop.ComApi	Autodesk/Navisworks/Api/Interop/ComApi.py	311	332		18
InwGUIAttributesColl	Autodesk.Navisworks.Api.Interop.ComApi	Autodesk/Navisworks/Api/Interop/ComApi.py	333	347		11
InwGUIPropertyNode	Autodesk.Navisworks.Api.Interop.ComApi	Autodesk/Navisworks/Api/Interop/ComApi.py	348	365		14
InwGUIPropertyNode2	Autodesk.Navisworks.Api.Interop.ComApi	Autodesk/Navisworks/Api/Interop/ComApi.py	366	385		16
InwGlobalProperties	Autodesk.Navisworks.Api.Interop.ComApi	Autodesk/Navisworks/Api/Interop/ComApi.py	386	411		22
InwGlobalProperties2	Autodesk.Navisworks.Api.Interop.ComApi	Autodesk/Navisworks/Api/Interop/ComApi.py	412	439		24
InwLBaseVec3f	Autodesk.Navisworks.Api.Interop.ComApi	Autodesk/Navisworks/Api/Interop/ComApi.py	440	459		16
InwLBox3f	Autodesk.Navisworks.Api.Interop.ComApi	Autodesk/Navisworks/Api/Interop/ComApi.py	460	481		18
InwLPlane3f	Autodesk.Navisworks.Api.Interop.ComApi	Autodesk/Navisworks/Api/Interop/ComApi.py	482	501		16
InwLPlane3f2	Autodesk.Navisworks.Api.Interop.ComApi	Autodesk/Navisworks/Api/Interop/ComApi.py	502	522		17
InwLPos3f	Autodesk.Navisworks.Api.Interop.ComApi	Autodesk/Navisworks/Api/Interop/ComApi.py	523	544		18
InwLPos3fColl	Autodesk.Navisworks.Api.Interop.ComApi	Autodesk/Navisworks/Api/Interop/ComApi.py	545	559		11
InwLRotation3f	Autodesk.Navisworks.Api.Interop.ComApi	Autodesk/Navisworks/Api/Interop/ComApi.py	560	579		16
InwLRotation3f2	Autodesk.Navisworks.Api.Interop.ComApi	Autodesk/Navisworks/Api/Interop/ComApi.py	580	600		17
InwLTransform3f	Autodesk.Navisworks.Api.Interop.ComApi	Autodesk/Navisworks/Api/Interop/ComApi.py	601	618		14
InwLTransform3f2	Autodesk.Navisworks.Api.Interop.ComApi	Autodesk/Navisworks/Api/Interop/ComApi.py	619	654		32
InwLTransform3f3	Autodesk.Navisworks.Api.Interop.ComApi	Autodesk/Navisworks/Api/Interop/ComApi.py	655	691		33
InwLUnitVec3f	Autodesk.Navisworks.Api.Interop.ComApi	Autodesk/Navisworks/Api/Interop/ComApi.py	692	713		18
InwLVec3f	Autodesk.Navisworks.Api.Interop.ComApi	Autodesk/Navisworks/Api/Interop/ComApi.py	714	735		18
InwLightsColl	Autodesk.Navisworks.Api.Interop.ComApi	Autodesk/Navisworks/Api/Interop/ComApi.py	736	750		11
InwNodeAttributesColl	Autodesk.Navisworks.Api.Interop.ComApi	Autodesk/Navisworks/Api/Interop/ComApi.py	751	765		11
InwNodeFragsColl	Autodesk.Navisworks.Api.Interop.ComApi	Autodesk/Navisworks/Api/Interop/ComApi.py	766	780		11
InwNodeNodesColl	Autodesk.Navisworks.Api.Interop.ComApi	Autodesk/Navisworks/Api/Interop/ComApi.py	781	795		11
InwNvCamera	Autodesk.Navisworks.Api.Interop.ComApi	Autodesk/Navisworks/Api/Interop/ComApi.py	796	821		22
InwNvViewPoint	Autodesk.Navisworks.Api.Interop.ComApi	Autodesk/Navisworks/Api/Interop/ComApi.py	822	846		21
InwNvViewPoint2	Autodesk.Navisworks.Api.Interop.ComApi	Autodesk/Navisworks/Api/Interop/ComApi.py	847	874		24
InwNvViewer	Autodesk.Navisworks.Api.Interop.ComApi	Autodesk/Navisworks/Api/Interop/ComApi.py	875	895		17
InwOaAttribute	Autodesk.Navisworks.Api.Interop.ComApi	Autodesk/Navisworks/Api/Interop/ComApi.py	896	916		17
InwOaBinaryAttribute	Autodesk.Navisworks.Api.Interop.ComApi	Autodesk/Navisworks/Api/Interop/ComApi.py	917	941		21
InwOaClipPlane	Autodesk.Navisworks.Api.Interop.ComApi	Autodesk/Navisworks/Api/Interop/ComApi.py	942	962		17
InwOaCommonLight	Autodesk.Navisworks.Api.Interop.ComApi	Autodesk/Navisworks/Api/Interop/ComApi.py	963	983		17
InwOaDistantLight	Autodesk.Navisworks.Api.Interop.ComApi	Autodesk/Navisworks/Api/Interop/ComApi.py	984	1005		18
InwOaFragment	Autodesk.Navisworks.Api.Interop.ComApi	Autodesk/Navisworks/Api/Interop/ComApi.py	1006	1029		20
InwOaFragment2	Autodesk.Navisworks.Api.Interop.ComApi	Autodesk/Navisworks/Api/Interop/ComApi.py	1030	1054		21
InwOaFragment3	Autodesk.Navisworks.Api.Interop.ComApi	Autodesk/Navisworks/Api/Interop/ComApi.py	1055	1082		24
InwOaGeometry	Autodesk.Navisworks.Api.Interop.ComApi	Autodesk/Navisworks/Api/Interop/ComApi.py	1083	1115		29
InwOaGroup	Autodesk.Navisworks.Api.Interop.ComApi	Autodesk/Navisworks/Api/Interop/ComApi.py	1116	1149		30
InwOaMaterial	Autodesk.Navisworks.Api.Interop.ComApi	Autodesk/Navisworks/Api/Interop/ComApi.py	1150	1176		23
InwOaNameAttribute	Autodesk.Navisworks.Api.Interop.ComApi	Autodesk/Navisworks/Api/Interop/ComApi.py	1177	1197		17
InwOaNat64Attribute	Autodesk.Navisworks.Api.Interop.ComApi	Autodesk/Navisworks/Api/Interop/ComApi.py	1198	1219		18
InwOaNode	Autodesk.Navisworks.Api.Interop.ComApi	Autodesk/Navisworks/Api/Interop/ComApi.py	1220	1252		29
InwOaPartition	Autodesk.Navisworks.Api.Interop.ComApi	Autodesk/Navisworks/Api/Interop/ComApi.py	1253	1287		31
InwOaPartition2	Autodesk.Navisworks.Api.Interop.ComApi	Autodesk/Navisworks/Api/Interop/ComApi.py	1288	1324		33
InwOaPartition3	Autodesk.Navisworks.Api.Interop.ComApi	Autodesk/Navisworks/Api/Interop/ComApi.py	1325	1364		36
InwOaPath	Autodesk.Navisworks.Api.Interop.ComApi	Autodesk/Navisworks/Api/Interop/ComApi.py	1365	1385		17
InwOaPath2	Autodesk.Navisworks.Api.Interop.ComApi	Autodesk/Navisworks/Api/Interop/ComApi.py	1386	1407		18
InwOaPath3	Autodesk.Navisworks.Api.Interop.ComApi	Autodesk/Navisworks/Api/Interop/ComApi.py	1408	1431		20
InwOaPointLight	Autodesk.Navisworks.Api.Interop.ComApi	Autodesk/Navisworks/Api/Interop/ComApi.py	1432	1454		19
InwOaProperty	Autodesk.Navisworks.Api.Interop.ComApi	Autodesk/Navisworks/Api/Interop/ComApi.py	1455	1474		16
InwOaPropertyAttribute	Autodesk.Navisworks.Api.Interop.ComApi	Autodesk/Navisworks/Api/Interop/ComApi.py	1475	1496		18
InwOaPropertyColl	Autodesk.Navisworks.Api.Interop.ComApi	Autodesk/Navisworks/Api/Interop/ComApi.py	1497	1512		12
InwOaPropertyVec	Autodesk.Navisworks.Api.Interop.ComApi	Autodesk/Navisworks/Api/Interop/ComApi.py	1513	1530		14
InwOaPublishAttribute	Autodesk.Navisworks.Api.Interop.ComApi	Autodesk/Navisworks/Api/Interop/ComApi.py	1531	1563		29
InwOaSceneBase	Autodesk.Navisworks.Api.Interop.ComApi	Autodesk/Navisworks/Api/Interop/ComApi.py	1564	1584		17
InwOaSpotLight	Autodesk.Navisworks.Api.Interop.ComApi	Autodesk/Navisworks/Api/Interop/ComApi.py	1585	1610		22
InwOaTextAttribute	Autodesk.Navisworks.Api.Interop.ComApi	Autodesk/Navisworks/Api/Interop/ComApi.py	1611	1632		18
InwOaTransform	Autodesk.Navisworks.Api.Interop.ComApi	Autodesk/Navisworks/Api/Interop/ComApi.py	1633	1655		19
InwOaURLAttribute	Autodesk.Navisworks.Api.Interop.ComApi	Autodesk/Navisworks/Api/Interop/ComApi.py	1656	1677		18
InwOclClashTest	Autodesk.Navisworks.Api.Interop.ComApi	Autodesk/Navisworks/Api/Interop/ComApi.py	1678	1714		33
InwOclClashTest2	Autodesk.Navisworks.Api.Interop.ComApi	Autodesk/Navisworks/Api/Interop/ComApi.py	1715	1753		35
InwOclTestResult	Autodesk.Navisworks.Api.Interop.ComApi	Autodesk/Navisworks/Api/Interop/ComApi.py	1754	1786		29
InwOclTestResult2	Autodesk.Navisworks.Api.Interop.ComApi	Autodesk/Navisworks/Api/Interop/ComApi.py	1787	1821		31
InwOpAnimView	Autodesk.Navisworks.Api.Interop.ComApi	Autodesk/Navisworks/Api/Interop/ComApi.py	1822	1844		19
InwOpAnonView	Autodesk.Navisworks.Api.Interop.ComApi	Autodesk/Navisworks/Api/Interop/ComApi.py	1845	1863		15
InwOpClashElement	Autodesk.Navisworks.Api.Interop.ComApi	Autodesk/Navisworks/Api/Interop/ComApi.py	1864	1884		17
InwOpComment	Autodesk.Navisworks.Api.Interop.ComApi	Autodesk/Navisworks/Api/Interop/ComApi.py	1885	1904		16
InwOpComment2	Autodesk.Navisworks.Api.Interop.ComApi	Autodesk/Navisworks/Api/Interop/ComApi.py	1905	1925		17
InwOpComment3	Autodesk.Navisworks.Api.Interop.ComApi	Autodesk/Navisworks/Api/Interop/ComApi.py	1926	1947		18
InwOpCutView	Autodesk.Navisworks.Api.Interop.ComApi	Autodesk/Navisworks/Api/Interop/ComApi.py	1948	1967		16
InwOpFind	Autodesk.Navisworks.Api.Interop.ComApi	Autodesk/Navisworks/Api/Interop/ComApi.py	1968	1987		16
InwOpFindCondition	Autodesk.Navisworks.Api.Interop.ComApi	Autodesk/Navisworks/Api/Interop/ComApi.py	1988	2015		24
InwOpFindConditionsColl	Autodesk.Navisworks.Api.Interop.ComApi	Autodesk/Navisworks/Api/Interop/ComApi.py	2016	2030		11
InwOpFindSpec	Autodesk.Navisworks.Api.Interop.ComApi	Autodesk/Navisworks/Api/Interop/ComApi.py	2031	2051		17
InwOpFolderView	Autodesk.Navisworks.Api.Interop.ComApi	Autodesk/Navisworks/Api/Interop/ComApi.py	2052	2072		17
InwOpGroupView	Autodesk.Navisworks.Api.Interop.ComApi	Autodesk/Navisworks/Api/Interop/ComApi.py	2073	2093		17
InwOpInternalPlugin	Autodesk.Navisworks.Api.Interop.ComApi	Autodesk/Navisworks/Api/Interop/ComApi.py	2094	2117		20
InwOpProgress	Autodesk.Navisworks.Api.Interop.ComApi	Autodesk/Navisworks/Api/Interop/ComApi.py	2118	2135		14
InwOpSavedView	Autodesk.Navisworks.Api.Interop.ComApi	Autodesk/Navisworks/Api/Interop/ComApi.py	2136	2155		16
InwOpSelection	Autodesk.Navisworks.Api.Interop.ComApi	Autodesk/Navisworks/Api/Interop/ComApi.py	2156	2176		17
InwOpSelection2	Autodesk.Navisworks.Api.Interop.ComApi	Autodesk/Navisworks/Api/Interop/ComApi.py	2177	2214		34
InwOpSelectionSet	Autodesk.Navisworks.Api.Interop.ComApi	Autodesk/Navisworks/Api/Interop/ComApi.py	2215	2236		18
InwOpSelectionSet2	Autodesk.Navisworks.Api.Interop.ComApi	Autodesk/Navisworks/Api/Interop/ComApi.py	2237	2260		20
InwOpSelectionTreeInterface	Autodesk.Navisworks.Api.Interop.ComApi	Autodesk/Navisworks/Api/Interop/ComApi.py	2261	2278		14
InwOpState	Autodesk.Navisworks.Api.Interop.ComApi	Autodesk/Navisworks/Api/Interop/ComApi.py	2279	2342		60
InwOpState10	Autodesk.Navisworks.Api.Interop.ComApi	Autodesk/Navisworks/Api/Interop/ComApi.py	2343	2446		100
InwOpState11	Autodesk.Navisworks.Api.Interop.ComApi	Autodesk/Navisworks/Api/Interop/ComApi.py	2447	2551		101
InwOpState2	Autodesk.Navisworks.Api.Interop.ComApi	Autodesk/Navisworks/Api/Interop/ComApi.py	2552	2618		63
InwOpState3	Autodesk.Navisworks.Api.Interop.ComApi	Autodesk/Navisworks/Api/Interop/ComApi.py	2619	2702		80
InwOpState4	Autodesk.Navisworks.Api.Interop.ComApi	Autodesk/Navisworks/Api/Interop/ComApi.py	2703	2793		87
InwOpState5	Autodesk.Navisworks.Api.Interop.ComApi	Autodesk/Navisworks/Api/Interop/ComApi.py	2794	2885		88
InwOpState6	Autodesk.Navisworks.Api.Interop.ComApi	Autodesk/Navisworks/Api/Interop/ComApi.py	2886	2980		91
InwOpState7	Autodesk.Navisworks.Api.Interop.ComApi	Autodesk/Navisworks/Api/Interop/ComApi.py	2981	3078		94
InwOpState8	Autodesk.Navisworks.Api.Interop.ComApi	Autodesk/Navisworks/Api/Interop/ComApi.py	3079	3178		96
InwOpState9	Autodesk.Navisworks.Api.Interop.ComApi	Autodesk/Navisworks/Api/Interop/ComApi.py	3179	3279		97
InwOpUserFindSpec	Autodesk.Navisworks.Api.Interop.ComApi	Autodesk/Navisworks/Api/Interop/ComApi.py	3280	3308		25
InwOpUserFindSpecsColl	Autodesk.Navisworks.Api.Interop.ComApi	Autodesk/Navisworks/Api/Interop/ComApi.py	3309	3323		11
InwOpUserSelectionTreePlugin	Autodesk.Navisworks.Api.Interop.ComApi	Autodesk/Navisworks/Api/Interop/ComApi.py	3324	3345		18
InwOpUserSelectionTreeSpec	Autodesk.Navisworks.Api.Interop.ComApi	Autodesk/Navisworks/Api/Interop/ComApi.py	3346	3367		18
InwOpView	Autodesk.Navisworks.Api.Interop.ComApi	Autodesk/Navisworks/Api/Interop/ComApi.py	3368	3390		19
InwOpView2	Autodesk.Navisworks.Api.Interop.ComApi	Autodesk/Navisworks/Api/Interop/ComApi.py	3391	3414		20
InwPathNodesColl	Autodesk.Navisworks.Api.Interop.ComApi	Autodesk/Navisworks/Api/Interop/ComApi.py	3415	3429		11
InwPlugin	Autodesk.Navisworks.Api.Interop.ComApi	Autodesk/Navisworks/Api/Interop/ComApi.py	3430	3445		12
InwPluginLicense	Autodesk.Navisworks.Api.Interop.ComApi	Autodesk/Navisworks/Api/Interop/ComApi.py	3446	3450		1
InwPlugin_Site	Autodesk.Navisworks.Api.Interop.ComApi	Autodesk/Navisworks/Api/Interop/ComApi.py	3451	3468		14
InwPluginsColl	Autodesk.Navisworks.Api.Interop.ComApi	Autodesk/Navisworks/Api/Interop/ComApi.py	3469	3483		11
InwPropertyPlugin	Autodesk.Navisworks.Api.Interop.ComApi	Autodesk/Navisworks/Api/Interop/ComApi.py	3484	3493		6
InwPropertyPlugin2	Autodesk.Navisworks.Api.Interop.ComApi	Autodesk/Navisworks/Api/Interop/ComApi.py	3494	3504		7
InwPropertyPlugin2_Site	Autodesk.Navisworks.Api.Interop.ComApi	Autodesk/Navisworks/Api/Interop/ComApi.py	3505	3523		15
InwPropertyPlugin_Site	Autodesk.Navisworks.Api.Interop.ComApi	Autodesk/Navisworks/Api/Interop/ComApi.py	3524	3541		14
InwSavedViewsColl	Autodesk.Navisworks.Api.Interop.ComApi	Autodesk/Navisworks/Api/Interop/ComApi.py	3542	3556		11
InwScriptParser	Autodesk.Navisworks.Api.Interop.ComApi	Autodesk/Navisworks/Api/Interop/ComApi.py	3557	3567		7
InwSeekSelection	Autodesk.Navisworks.Api.Interop.ComApi	Autodesk/Navisworks/Api/Interop/ComApi.py	3568	3572		1
InwSelectionPathsColl	Autodesk.Navisworks.Api.Interop.ComApi	Autodesk/Navisworks/Api/Interop/ComApi.py	3573	3587		11
InwSelectionSetColl	Autodesk.Navisworks.Api.Interop.ComApi	Autodesk/Navisworks/Api/Interop/ComApi.py	3588	3602		11
InwSelectionSetExColl	Autodesk.Navisworks.Api.Interop.ComApi	Autodesk/Navisworks/Api/Interop/ComApi.py	3603	3617		11
InwSelectionSetFolder	Autodesk.Navisworks.Api.Interop.ComApi	Autodesk/Navisworks/Api/Interop/ComApi.py	3618	3636		15
InwSelectionTreePlugin	Autodesk.Navisworks.Api.Interop.ComApi	Autodesk/Navisworks/Api/Interop/ComApi.py	3637	3643		3
InwSelectionTreePlugin_Site	Autodesk.Navisworks.Api.Interop.ComApi	Autodesk/Navisworks/Api/Interop/ComApi.py	3644	3661		14
InwSimplePrimitivesCB	Autodesk.Navisworks.Api.Interop.ComApi	Autodesk/Navisworks/Api/Interop/ComApi.py	3662	3669		4
InwSimpleVertex	Autodesk.Navisworks.Api.Interop.ComApi	Autodesk/Navisworks/Api/Interop/ComApi.py	3670	3690		17
InwSmartTagsOpts	Autodesk.Navisworks.Api.Interop.ComApi	Autodesk/Navisworks/Api/Interop/ComApi.py	3691	3708		14
InwTestResultsColl	Autodesk.Navisworks.Api.Interop.ComApi	Autodesk/Navisworks/Api/Interop/ComApi.py	3709	3723		11
InwUInt32Vector	Autodesk.Navisworks.Api.Interop.ComApi	Autodesk/Navisworks/Api/Interop/ComApi.py	3724	3741		14
InwURL	Autodesk.Navisworks.Api.Interop.ComApi	Autodesk/Navisworks/Api/Interop/ComApi.py	3742	3760		15
InwURL2	Autodesk.Navisworks.Api.Interop.ComApi	Autodesk/Navisworks/Api/Interop/ComApi.py	3761	3783		19
InwURLCategoriesColl	Autodesk.Navisworks.Api.Interop.ComApi	Autodesk/Navisworks/Api/Interop/ComApi.py	3784	3798		11
InwURLCategory	Autodesk.Navisworks.Api.Interop.ComApi	Autodesk/Navisworks/Api/Interop/ComApi.py	3799	3819		17
InwURLColl	Autodesk.Navisworks.Api.Interop.ComApi	Autodesk/Navisworks/Api/Interop/ComApi.py	3820	3834		11
InwURLOverride	Autodesk.Navisworks.Api.Interop.ComApi	Autodesk/Navisworks/Api/Interop/ComApi.py	3835	3852		14
InwUResource	Autodesk.Navisworks.Api.Interop.ComApi	Autodesk/Navisworks/Api/Interop/ComApi.py	3853	3862		6
InwUResource2	Autodesk.Navisworks.Api.Interop.ComApi	Autodesk/Navisworks/Api/Interop/ComApi.py	3863	3873		7
InwUtilityObject	Autodesk.Navisworks.Api.Interop.ComApi	Autodesk/Navisworks/Api/Interop/ComApi.py	3874	3879		2
InwX64	Autodesk.Navisworks.Api.Interop.ComApi	Autodesk/Navisworks/Api/Interop/ComApi.py	3880	3886		3
InwX64State	Autodesk.Navisworks.Api.Interop.ComApi	Autodesk/Navisworks/Api/Interop/ComApi.py	3887	3891		1
IsoDraft	Autodesk.AutoCAD.Windows.Data	Autodesk/AutoCAD/Windows/Data/__init__.py	909	914		2
ItemActivation	System.Windows.Forms	System/Windows/Forms/__init__.py	138591	138637	Enum, IComparable, IFormattable, IConvertible	0
ItemBoundsPortion	System.Windows.Forms	System/Windows/Forms/__init__.py	138638	138685	Enum, IComparable, IFormattable, IConvertible	0
ItemChangedEventArgs	System.Windows.Forms	System/Windows/Forms/__init__.py	138686	138700	EventArgs	0
ItemChangedEventHandler	System.Windows.Forms	System/Windows/Forms/__init__.py	138701	138805	MulticastDelegate, ICloneable, ISerializable	0
ItemCheckEventArgs	System.Windows.Forms	System/Windows/Forms/__init__.py	138941	138990	EventArgs	0
ItemCheckEventHandler	System.Windows.Forms	System/Windows/Forms/__init__.py	138991	139095	MulticastDelegate, ICloneable, ISerializable	0
ItemCheckedEventArgs	System.Windows.Forms	System/Windows/Forms/__init__.py	138806	138835	EventArgs	0
ItemCheckedEventHandler	System.Windows.Forms	System/Windows/Forms/__init__.py	138836	138940	MulticastDelegate, ICloneable, ISerializable	0
ItemData	Autodesk.Revit.UI	Autodesk/Revit/UI/__init__.py	458	465		4
ItemDragEventArgs	System.Windows.Forms	System/Windows/Forms/__init__.py	139096	139142	EventArgs	0
ItemDragEventHandler	System.Windows.Forms	System/Windows/Forms/__init__.py	139143	139247	MulticastDelegate, ICloneable, ISerializable	0
ItemFactoryBase	Autodesk.Revit.Creation	Autodesk/Revit/Creation.py	125	141	APIObject	13
ItemLocator	Autodesk.AutoCAD.DatabaseServices	Autodesk/AutoCAD/DatabaseServices/__init__.py	10317	10323		3
ItemSelectionDialogResult	Autodesk.Revit.UI	Autodesk/Revit/UI/__init__.py	466	470		0
ItemTypeEnum	Autodesk.AutoCAD.Internal	Autodesk/AutoCAD/Internal/__init__.py	1519	1523		0
JSInteropApplicationAttribute	Autodesk.AutoCAD.Runtime	Autodesk/AutoCAD/Runtime.py	308	313	Attribute	2
JavaScriptCallableInternalAttribute	Autodesk.AutoCAD.Runtime	Autodesk/AutoCAD/Runtime.py	314	319	Attribute	2
JavaScriptCallbackAttribute	Autodesk.AutoCAD.Runtime	Autodesk/AutoCAD/Runtime.py	320	325	Attribute	2
JavaScriptClassAttribute	Autodesk.AutoCAD.Runtime	Autodesk/AutoCAD/Runtime.py	326	331	Attribute	2
Jig	Autodesk.AutoCAD.EditorInput	Autodesk/AutoCAD/EditorInput.py	350	354		0
JigPromptAngleOptions	Autodesk.AutoCAD.EditorInput	Autodesk/AutoCAD/EditorInput.py	355	367	JigPromptGeometryOptions	9
JigPromptDistanceOptions	Autodesk.AutoCAD.EditorInput	Autodesk/AutoCAD/EditorInput.py	368	380	JigPromptGeometryOptions	9
JigPromptGeometryOptions	Autodesk.AutoCAD.EditorInput	Autodesk/AutoCAD/EditorInput.py	381	392	JigPromptOptions	8
JigPromptOptions	Autodesk.AutoCAD.EditorInput	Autodesk/AutoCAD/EditorInput.py	393	402	PromptOptions	6
JigPromptPointOptions	Autodesk.AutoCAD.EditorInput	Autodesk/AutoCAD/EditorInput.py	403	415	JigPromptGeometryOptions	9
JigPromptStringOptions	Autodesk.AutoCAD.EditorInput	Autodesk/AutoCAD/EditorInput.py	416	426	JigPromptOptions	7
JigPrompts	Autodesk.AutoCAD.EditorInput	Autodesk/AutoCAD/EditorInput.py	427	434		4
JoinGeometryUtils	Autodesk.Revit.DB	Autodesk/Revit/DB/__init__.py	10793	10808		6
JoinStyle	Autodesk.AutoCAD.DatabaseServices	Autodesk/AutoCAD/DatabaseServices/__init__.py	10324	10328		0
JoinType	Autodesk.Revit.DB	Autodesk/Revit/DB/__init__.py	10809	10813		0
JournalingAttribute	Autodesk.Revit.Attributes	Autodesk/Revit/Attributes.py	3	8	Attribute	2
JournalingMode	Autodesk.Revit.Attributes	Autodesk/Revit/Attributes.py	9	13		0
JunctionType	Autodesk.Revit.DB	Autodesk/Revit/DB/__init__.py	10814	10818		0
KernelDescriptor	Autodesk.AutoCAD.GraphicsSystem	Autodesk/AutoCAD/GraphicsSystem.py	200	208	DisposableWrapper	5
KeyBasedTreeEntries	Autodesk.Revit.DB	Autodesk/Revit/DB/__init__.py	10819	10827		5
KeyBasedTreeEntriesIterator	Autodesk.Revit.DB	Autodesk/Revit/DB/__init__.py	10828	10837		6
KeyBasedTreeEntriesLoadContent	Autodesk.Revit.DB	Autodesk/Revit/DB/__init__.py	10838	10852	ExternalResourceLoadContent	10
KeyBasedTreeEntriesLoadResults	Autodesk.Revit.DB	Autodesk/Revit/DB/__init__.py	10853	10862		6
KeyBasedTreeEntry	Autodesk.Revit.DB	Autodesk/Revit/DB/__init__.py	10863	10871		5
KeyBasedTreeEntryError	Autodesk.Revit.DB	Autodesk/Revit/DB/__init__.py	10872	10879		4
KeyBasedTreeEntryErrorType	Autodesk.Revit.DB	Autodesk/Revit/DB/__init__.py	10880	10884		0
KeyBasedTreeEntryTable	Autodesk.Revit.DB	Autodesk/Revit/DB/__init__.py	10885	10919	Element	31
KeyEventArgs	System.Windows.Forms	System/Windows/Forms/__init__.py	139281	139398	EventArgs	0
KeyEventHandler	System.Windows.Forms	System/Windows/Forms/__init__.py	139399	139503	MulticastDelegate, ICloneable, ISerializable	0
KeyModifiers	Autodesk.Navisworks.Api	Autodesk/Navisworks/Api/__init__.py	1031	1035		0
KeyNotFoundException	System.Collections.Generic	System/Collections/Generic.py	1152	1195	SystemException, ISerializable, _Exception	0
KeyPressEventArgs	System.Windows.Forms	System/Windows/Forms/__init__.py	139504	139544	EventArgs	0
KeyPressEventHandler	System.Windows.Forms	System/Windows/Forms/__init__.py	139545	139649	MulticastDelegate, ICloneable, ISerializable	0
KeyValuePair	System.Collections.Generic	System/Collections/Generic.py	1196	1248	object	0
KeyedCollection	System.Collections.ObjectModel	System/Collections/ObjectModel.py	289	469	Collection[TItem], IList[TItem], ICollection[TItem], IEnumerable[TItem], IEnumerable, IList, ICollection, IReadOnlyList[TItem], IReadOnlyCollection[TItem]	0
KeynoteEntries	Autodesk.Revit.DB	Autodesk/Revit/DB/__init__.py	10920	10926	KeyBasedTreeEntries	2
KeynoteEntry	Autodesk.Revit.DB	Autodesk/Revit/DB/__init__.py	10927	10934	KeyBasedTreeEntry	4
KeynoteTable	Autodesk.Revit.DB	Autodesk/Revit/DB/__init__.py	10935	10967	KeyBasedTreeEntryTable	28
Keys	System.Windows.Forms	System/Windows/Forms/__init__.py	139650	139887	Enum, IComparable, IFormattable, IConvertible	0
KeysConverter	System.Windows.Forms	System/Windows/Forms/__init__.py	139888	140170	TypeConverter, IComparer	0
Keyword	Autodesk.AutoCAD.EditorInput	Autodesk/AutoCAD/EditorInput.py	435	444		6
KeywordCollection	Autodesk.AutoCAD.EditorInput	Autodesk/AutoCAD/EditorInput.py	445	457		9
KnotCollection	Autodesk.AutoCAD.Geometry	Autodesk/AutoCAD/Geometry.py	926	952	DisposableWrapper	23
KnotParameterizationEnum	Autodesk.AutoCAD.Geometry	Autodesk/AutoCAD/Geometry.py	953	957		0
KnownColor	System.Drawing	System/Drawing/__init__.py	8059	8276	Enum, IComparable, IFormattable, IConvertible	0
KrigingMethodOptions	Autodesk.Civil.DatabaseServices	Autodesk/Civil/DatabaseServices/__init__.py	9446	9454		5
KrigingSemivariogramType	Autodesk.Civil	Autodesk/Civil/__init__.py	698	702		0
Label	Autodesk.Civil.DatabaseServices	Autodesk/Civil/DatabaseServices/__init__.py	9455	9614	LabelBase	156
Label	System.Windows.Forms	System/Windows/Forms/__init__.py	140171	142539	Control, IComponent, IDisposable, IOleControl, IOleObject, IOleInPlaceObject, IOleInPlaceActiveObject, IOleWindow, IViewObject, IViewObject2, IPersist, IPersistStreamInit, IPersistPropertyBag, IPersistStorage, IQuickActivate, ISupportOleDropSource, IDropTarget, ISynchronizeInvoke, IWin32Window, IArrangedElement, IBindableComponent	0
LabelBase	Autodesk.Civil.DatabaseServices	Autodesk/Civil/DatabaseServices/__init__.py	9615	9745	Entity	127
LabelContentDisplayType	Autodesk.Civil	Autodesk/Civil/__init__.py	703	707		0
LabelDisplayModeType	Autodesk.Civil.DatabaseServices.Styles	Autodesk/Civil/DatabaseServices/Styles.py	1867	1871		0
LabelEditEventArgs	System.Windows.Forms	System/Windows/Forms/__init__.py	142540	142599	EventArgs	0
LabelEditEventHandler	System.Windows.Forms	System/Windows/Forms/__init__.py	142600	142704	MulticastDelegate, ICloneable, ISerializable	0
LabelGroup	Autodesk.Civil.DatabaseServices	Autodesk/Civil/DatabaseServices/__init__.py	9746	9882	LabelBase	133
LabelGroupSubEntity	Autodesk.Civil.DatabaseServices	Autodesk/Civil/DatabaseServices/__init__.py	9883	9929		43
LabelInsertionType	Autodesk.Civil	Autodesk/Civil/__init__.py	708	712		0
LabelInsideCurveType	Autodesk.Civil	Autodesk/Civil/__init__.py	713	717		0
LabelMaskType	Autodesk.Civil	Autodesk/Civil/__init__.py	718	722		0
LabelRotationType	Autodesk.Civil	Autodesk/Civil/__init__.py	723	727		0
LabelSelectionProperties	Autodesk.Civil.DatabaseServices	Autodesk/Civil/DatabaseServices/__init__.py	9930	9946		12
LabelSetStylesRoot	Autodesk.Civil.DatabaseServices.Styles	Autodesk/Civil/DatabaseServices/Styles.py	1872	1881	TreeOidWrapper	6
LabelStyle	Autodesk.Civil.DatabaseServices.Styles	Autodesk/Civil/DatabaseServices/Styles.py	1882	1953	StyleBase	68
LabelStyleBase	Autodesk.Civil.DatabaseServices.Styles	Autodesk/Civil/DatabaseServices/Styles.py	1954	1962	CivilWrapper<AeccDbLabelStyleCollector>	5
LabelStyleBlockComponent	Autodesk.Civil.DatabaseServices.Styles	Autodesk/Civil/DatabaseServices/Styles.py	1963	2017	LabelStyleComponent	51
LabelStyleCollection	Autodesk.Civil.DatabaseServices.Styles	Autodesk/Civil/DatabaseServices/Styles.py	2018	2032	StyleCollectionBase	11
LabelStyleComponent	Autodesk.Civil.DatabaseServices.Styles	Autodesk/Civil/DatabaseServices/Styles.py	2033	2085	StyleBase	49
LabelStyleComponentType	Autodesk.Civil.DatabaseServices.Styles	Autodesk/Civil/DatabaseServices/Styles.py	2086	2090		0
LabelStyleDefault	Autodesk.Civil.DatabaseServices.Styles	Autodesk/Civil/DatabaseServices/Styles.py	2091	2103	TreeOidWrapper	9
LabelStyleDirectionArrowComponent	Autodesk.Civil.DatabaseServices.Styles	Autodesk/Civil/DatabaseServices/Styles.py	2104	2158	LabelStyleComponent	51
LabelStyleLengthType	Autodesk.Civil	Autodesk/Civil/__init__.py	728	732		0
LabelStyleLineComponent	Autodesk.Civil.DatabaseServices.Styles	Autodesk/Civil/DatabaseServices/Styles.py	2159	2213	LabelStyleComponent	51
LabelStyleReferenceTextComponent	Autodesk.Civil.DatabaseServices.Styles	Autodesk/Civil/DatabaseServices/Styles.py	2214	2269	LabelStyleComponent	52
LabelStyleTextComponent	Autodesk.Civil.DatabaseServices.Styles	Autodesk/Civil/DatabaseServices/Styles.py	2270	2325	LabelStyleComponent	52
LabelStyleTextForEachComponent	Autodesk.Civil.DatabaseServices.Styles	Autodesk/Civil/DatabaseServices/Styles.py	2326	2381	LabelStyleComponent	52
LabelStyleTickComponent	Autodesk.Civil.DatabaseServices.Styles	Autodesk/Civil/DatabaseServices/Styles.py	2382	2436	LabelStyleComponent	51
LabelStyleType	Autodesk.Civil.DatabaseServices.Styles	Autodesk/Civil/DatabaseServices/Styles.py	2437	2441		0
LabelStylesAlignmentRoot	Autodesk.Civil.DatabaseServices.Styles	Autodesk/Civil/DatabaseServices/Styles.py	2442	2463	LabelStylesNode	18
LabelStylesCatchmentRoot	Autodesk.Civil.DatabaseServices.Styles	Autodesk/Civil/DatabaseServices/Styles.py	2464	2473	LabelStylesNode	6
LabelStylesIntersectionRoot	Autodesk.Civil.DatabaseServices.Styles	Autodesk/Civil/DatabaseServices/Styles.py	2474	2482	LabelStylesNode	5
LabelStylesMatchLineRoot	Autodesk.Civil.DatabaseServices.Styles	Autodesk/Civil/DatabaseServices/Styles.py	2483	2492	LabelStylesNode	6
LabelStylesNode	Autodesk.Civil.DatabaseServices.Styles	Autodesk/Civil/DatabaseServices/Styles.py	2493	2500	TreeOidWrapper	4
LabelStylesParcelRoot	Autodesk.Civil.DatabaseServices.Styles	Autodesk/Civil/DatabaseServices/Styles.py	2501	2511	LabelStylesNode	7
LabelStylesPipeRoot	Autodesk.Civil.DatabaseServices.Styles	Autodesk/Civil/DatabaseServices/Styles.py	2512	2522	LabelStylesNode	7
LabelStylesPointRoot	Autodesk.Civil.DatabaseServices.Styles	Autodesk/Civil/DatabaseServices/Styles.py	2523	2531	LabelStylesNode	5
LabelStylesProfileRoot	Autodesk.Civil.DatabaseServices.Styles	Autodesk/Civil/DatabaseServices/Styles.py	2532	2546	LabelStylesNode	11
LabelStylesProfileViewRoot	Autodesk.Civil.DatabaseServices.Styles	Autodesk/Civil/DatabaseServices/Styles.py	2547	2556	LabelStylesNode	6
LabelStylesProjectionRoot	Autodesk.Civil.DatabaseServices.Styles	Autodesk/Civil/DatabaseServices/Styles.py	2557	2566	LabelStylesNode	6
LabelStylesRoot	Autodesk.Civil.DatabaseServices.Styles	Autodesk/Civil/DatabaseServices/Styles.py	2567	2597	LabelStylesNode	27
LabelStylesSampleLineRoot	Autodesk.Civil.DatabaseServices.Styles	Autodesk/Civil/DatabaseServices/Styles.py	2598	2606	LabelStylesNode	5
LabelStylesSectionRoot	Autodesk.Civil.DatabaseServices.Styles	Autodesk/Civil/DatabaseServices/Styles.py	2607	2619	LabelStylesNode	9
LabelStylesSectionViewRoot	Autodesk.Civil.DatabaseServices.Styles	Autodesk/Civil/DatabaseServices/Styles.py	2620	2629	LabelStylesNode	6
LabelStylesStructureRoot	Autodesk.Civil.DatabaseServices.Styles	Autodesk/Civil/DatabaseServices/Styles.py	2630	2638	LabelStylesNode	5
LabelStylesSurfaceRoot	Autodesk.Civil.DatabaseServices.Styles	Autodesk/Civil/DatabaseServices/Styles.py	2639	2650	LabelStylesNode	8
LabelStylesSurveyRoot	Autodesk.Civil.DatabaseServices.Styles	Autodesk/Civil/DatabaseServices/Styles.py	2651	2661	LabelStylesNode	7
LabelStylesViewFrameRoot	Autodesk.Civil.DatabaseServices.Styles	Autodesk/Civil/DatabaseServices/Styles.py	2662	2670	LabelStylesNode	5
LabelTextAttachmentType	Autodesk.Civil	Autodesk/Civil/__init__.py	733	737		0
LabelType	Autodesk.Civil.DatabaseServices	Autodesk/Civil/DatabaseServices/__init__.py	9947	9951		0
LabelType	Autodesk.Revit.DB	Autodesk/Revit/DB/__init__.py	10968	10972		0
LabelUtils	Autodesk.Revit.DB	Autodesk/Revit/DB/__init__.py	10973	10996		11
LabelingPromptType	Autodesk.Civil	Autodesk/Civil/__init__.py	738	742		0
LampColorPreset	Autodesk.AutoCAD.DatabaseServices	Autodesk/AutoCAD/DatabaseServices/__init__.py	10329	10333		0
LampColorType	Autodesk.AutoCAD.DatabaseServices	Autodesk/AutoCAD/DatabaseServices/__init__.py	10334	10338		0
LandDatabaseExtension	Autodesk.Civil.DatabaseServices	Autodesk/Civil/DatabaseServices/__init__.py	9952	9981		13
LandXMLAngularUnits	Autodesk.Civil.Settings	Autodesk/Civil/Settings.py	58	62		0
LandXMLAttributeExportType	Autodesk.Civil.Settings	Autodesk/Civil/Settings.py	63	67		0
LandXMLConflictResolutionType	Autodesk.Civil.Settings	Autodesk/Civil/Settings.py	68	72		0
LandXMLImperialUnitType	Autodesk.Civil.Settings	Autodesk/Civil/Settings.py	73	77		0
LandXMLImportAlignmentType	Autodesk.Civil	Autodesk/Civil/__init__.py	743	747		0
LandXMLImportFeatureLineSite	Autodesk.Civil	Autodesk/Civil/__init__.py	748	752		0
LandXMLLinearUnits	Autodesk.Civil.Settings	Autodesk/Civil/Settings.py	78	82		0
LandXMLMetricUnitType	Autodesk.Civil.Settings	Autodesk/Civil/Settings.py	83	87		0
LandXMLPointDescriptionType	Autodesk.Civil.Settings	Autodesk/Civil/Settings.py	88	92		0
LandXMLSurfaceDataExportType	Autodesk.Civil.Settings	Autodesk/Civil/Settings.py	93	97		0
LandXMLSurfaceDataImportType	Autodesk.Civil.Settings	Autodesk/Civil/Settings.py	98	102		0
LanguageType	Autodesk.Revit.ApplicationServices	Autodesk/Revit/ApplicationServices.py	124	128		0
LatLongDirectionType	Autodesk.Civil	Autodesk/Civil/__init__.py	753	757		0
LayerCategoryType	Autodesk.Revit.DB	Autodesk/Revit/DB/__init__.py	10997	11001		0
LayerCollection	Autodesk.AutoCAD.LayerManager	Autodesk/AutoCAD/LayerManager.py	8	19		8
LayerEvaluation	Autodesk.AutoCAD.DatabaseServices	Autodesk/AutoCAD/DatabaseServices/__init__.py	10339	10343		0
LayerFilter	Autodesk.AutoCAD.DatabaseServices.Filters	Autodesk/AutoCAD/DatabaseServices/Filters.py	126	175	Filter	46
LayerFilter	Autodesk.AutoCAD.LayerManager	Autodesk/AutoCAD/LayerManager.py	20	42	RXObject	19
LayerFilterCollection	Autodesk.AutoCAD.LayerManager	Autodesk/AutoCAD/LayerManager.py	43	54		8
LayerFilterCollection	Autodesk.AutoCAD.Windows.Data	Autodesk/AutoCAD/Windows/Data/__init__.py	915	923	NamedObjectCollection	5
LayerFilterDisplayImages	Autodesk.AutoCAD.LayerManager	Autodesk/AutoCAD/LayerManager.py	55	61		3
LayerFilterTree	Autodesk.AutoCAD.LayerManager	Autodesk/AutoCAD/LayerManager.py	62	67		2
LayerGroup	Autodesk.AutoCAD.LayerManager	Autodesk/AutoCAD/LayerManager.py	68	86	LayerFilter	15
LayerIndex	Autodesk.AutoCAD.DatabaseServices.Filters	Autodesk/AutoCAD/DatabaseServices/Filters.py	176	224	Index	45
LayerKeyDefinition	Autodesk.Aec.DatabaseServices	Autodesk/Aec/DatabaseServices.py	4866	4883	ImpObject	14
LayerKeyDefinitionCollection	Autodesk.Aec.DatabaseServices	Autodesk/Aec/DatabaseServices.py	4884	4899		12
LayerKeyStyle	Autodesk.Aec.DatabaseServices	Autodesk/Aec/DatabaseServices.py	4900	4964	DictionaryRecord	61
LayerModifier	Autodesk.Revit.DB	Autodesk/Revit/DB/__init__.py	11002	11009		4
LayerRecordCollection	Autodesk.AutoCAD.Windows.Data	Autodesk/AutoCAD/Windows/Data/__init__.py	924	932	DbObjectCollection	5
LayerStateDeletedEventArgs	Autodesk.AutoCAD.DatabaseServices	Autodesk/AutoCAD/DatabaseServices/__init__.py	10344	10348	EventArgs	1
LayerStateDeletedEventHandler	Autodesk.AutoCAD.DatabaseServices	Autodesk/AutoCAD/DatabaseServices/__init__.py	10349	10357		5
LayerStateEventArgs	Autodesk.AutoCAD.DatabaseServices	Autodesk/AutoCAD/DatabaseServices/__init__.py	10358	10363	EventArgs	2
LayerStateEventHandler	Autodesk.AutoCAD.DatabaseServices	Autodesk/AutoCAD/DatabaseServices/__init__.py	10364	10372		5
LayerStateManager	Autodesk.AutoCAD.DatabaseServices	Autodesk/AutoCAD/DatabaseServices/__init__.py	10373	10397	RXObject	21
LayerStateMasks	Autodesk.AutoCAD.DatabaseServices	Autodesk/AutoCAD/DatabaseServices/__init__.py	10398	10402		0
LayerStateRenameEventArgs	Autodesk.AutoCAD.DatabaseServices	Autodesk/AutoCAD/DatabaseServices/__init__.py	10403	10408	EventArgs	2
LayerStateRenameEventHandler	Autodesk.AutoCAD.DatabaseServices	Autodesk/AutoCAD/DatabaseServices/__init__.py	10409	10417		5
LayerTable	Autodesk.AutoCAD.DatabaseServices	Autodesk/AutoCAD/DatabaseServices/__init__.py	10418	10469	SymbolTable	48
LayerTableRecord	Autodesk.AutoCAD.DatabaseServices	Autodesk/AutoCAD/DatabaseServices/__init__.py	10470	10537	SymbolTableRecord	64
LayerTransparencyDialog	Autodesk.AutoCAD.Windows	Autodesk/AutoCAD/Windows/__init__.py	132	138		3
LayerUtilities	Autodesk.AutoCAD.Internal	Autodesk/AutoCAD/Internal/__init__.py	1524	1582		31
LayerViewportProperties	Autodesk.AutoCAD.DatabaseServices	Autodesk/AutoCAD/DatabaseServices/__init__.py	10538	10553		12
LayeredNdfType	Autodesk.Revit.DB.Visual	Autodesk/Revit/DB/Visual.py	639	643		0
Layout	Autodesk.AutoCAD.DatabaseServices	Autodesk/AutoCAD/DatabaseServices/__init__.py	10554	10640	PlotSettings	83
LayoutCell	Autodesk.Aec.DatabaseServices	Autodesk/Aec/DatabaseServices.py	4965	4974	ImpObject	6
LayoutCopiedEventArgs	Autodesk.AutoCAD.DatabaseServices	Autodesk/AutoCAD/DatabaseServices/__init__.py	10641	10648	EventArgs	4
LayoutCopiedEventHandler	Autodesk.AutoCAD.DatabaseServices	Autodesk/AutoCAD/DatabaseServices/__init__.py	10649	10657		5
LayoutCurve	Autodesk.Aec.DatabaseServices	Autodesk/Aec/DatabaseServices.py	4975	5101	LayoutTool	123
LayoutCurveNode	Autodesk.Aec.DatabaseServices	Autodesk/Aec/DatabaseServices.py	5102	5112	LayoutNode	7
LayoutEngine	System.Windows.Forms.Layout	System/Windows/Forms/Layout.py	144	178	object	0
LayoutEventArgs	Autodesk.AutoCAD.DatabaseServices	Autodesk/AutoCAD/DatabaseServices/__init__.py	10658	10663	EventArgs	2
LayoutEventArgs	System.Windows.Forms	System/Windows/Forms/__init__.py	142705	142758	EventArgs	0
LayoutEventHandler	Autodesk.AutoCAD.DatabaseServices	Autodesk/AutoCAD/DatabaseServices/__init__.py	10664	10672		5
LayoutEventHandler	System.Windows.Forms	System/Windows/Forms/__init__.py	142759	142863	MulticastDelegate, ICloneable, ISerializable	0
LayoutGrid2d	Autodesk.Aec.DatabaseServices	Autodesk/Aec/DatabaseServices.py	5113	5233	CellLayoutTool	117
LayoutGrid2dCell	Autodesk.Aec.DatabaseServices	Autodesk/Aec/DatabaseServices.py	5234	5245	LayoutCell	8
LayoutGrid2dNode	Autodesk.Aec.DatabaseServices	Autodesk/Aec/DatabaseServices.py	5246	5257	LayoutCurveNode	8
LayoutGrid3d	Autodesk.Aec.DatabaseServices	Autodesk/Aec/DatabaseServices.py	5258	5372	VolumeLayoutTool	111
LayoutGrid3dCell	Autodesk.Aec.DatabaseServices	Autodesk/Aec/DatabaseServices.py	5373	5386	LayoutGrid2dCell	10
LayoutGrid3dNode	Autodesk.Aec.DatabaseServices	Autodesk/Aec/DatabaseServices.py	5387	5399	LayoutGrid2dNode	9
LayoutGrid3dVolume	Autodesk.Aec.DatabaseServices	Autodesk/Aec/DatabaseServices.py	5400	5412	LayoutVolume	9
LayoutManager	Autodesk.AutoCAD.DatabaseServices	Autodesk/AutoCAD/DatabaseServices/__init__.py	10673	10691	RXObject	15
LayoutModeType	Autodesk.Aec.DatabaseServices	Autodesk/Aec/DatabaseServices.py	5413	5417		0
LayoutModeType	Autodesk.Civil	Autodesk/Civil/__init__.py	758	762		0
LayoutNode	Autodesk.Aec.DatabaseServices	Autodesk/Aec/DatabaseServices.py	5418	5427	ImpObject	6
LayoutRenamedEventArgs	Autodesk.AutoCAD.DatabaseServices	Autodesk/AutoCAD/DatabaseServices/__init__.py	10692	10698	EventArgs	3
LayoutRenamedEventHandler	Autodesk.AutoCAD.DatabaseServices	Autodesk/AutoCAD/DatabaseServices/__init__.py	10699	10707		5
LayoutRule	Autodesk.Revit.DB	Autodesk/Revit/DB/__init__.py	11010	11014	APIObject	1
LayoutRuleClearSpacing	Autodesk.Revit.DB	Autodesk/Revit/DB/__init__.py	11015	11021	LayoutRule	3
LayoutRuleFixedDistance	Autodesk.Revit.DB	Autodesk/Revit/DB/__init__.py	11022	11028	LayoutRule	3
LayoutRuleFixedNumber	Autodesk.Revit.DB	Autodesk/Revit/DB/__init__.py	11029	11034	LayoutRule	2
LayoutRuleMaximumSpacing	Autodesk.Revit.DB	Autodesk/Revit/DB/__init__.py	11035	11040	LayoutRule	2
LayoutSettings	System.Windows.Forms	System/Windows/Forms/__init__.py	121429	121443	object	0
LayoutSwitchedEventArgs	Autodesk.AutoCAD.ApplicationServices	Autodesk/AutoCAD/ApplicationServices/__init__.py	628	632	EventArgs	1
LayoutSwitchedEventHandler	Autodesk.AutoCAD.ApplicationServices	Autodesk/AutoCAD/ApplicationServices/__init__.py	633	641		5
LayoutSwitchingEventArgs	Autodesk.AutoCAD.ApplicationServices	Autodesk/AutoCAD/ApplicationServices/__init__.py	642	647	EventArgs	2
LayoutSwitchingEventHandler	Autodesk.AutoCAD.ApplicationServices	Autodesk/AutoCAD/ApplicationServices/__init__.py	648	656		5
LayoutTabCtrl	Autodesk.AutoCAD.Internal	Autodesk/AutoCAD/Internal/__init__.py	1583	1594		7
LayoutThumbnailEnumerator	Autodesk.AutoCAD.Internal	Autodesk/AutoCAD/Internal/__init__.py	1595	1611	DisposableWrapper	12
LayoutTool	Autodesk.Aec.DatabaseServices	Autodesk/Aec/DatabaseServices.py	5428	5541	Geo	110
LayoutVolume	Autodesk.Aec.DatabaseServices	Autodesk/Aec/DatabaseServices.py	5542	5551	ImpObject	6
Lazy	System	System/__init__.py	28721	28791	object	0
LcClClashDisplaySettings	Autodesk.Navisworks.Api.Interop	Autodesk/Navisworks/Api/Interop/__init__.py	140	165	NativeHandle	20
LcClClashElementHelper	Autodesk.Navisworks.Api.Interop	Autodesk/Navisworks/Api/Interop/__init__.py	166	187	LcOpStateWatcher	10
LcClClashGUIProxy	Autodesk.Navisworks.Api.Interop	Autodesk/Navisworks/Api/Interop/__init__.py	188	200	NativeHandle	7
LcClClashProgress	Autodesk.Navisworks.Api.Interop	Autodesk/Navisworks/Api/Interop/__init__.py	201	212	NativeHandle	6
LcClClashReport	Autodesk.Navisworks.Api.Interop	Autodesk/Navisworks/Api/Interop/__init__.py	213	290	NativeHandle	38
LcClClashResultHighlighter	Autodesk.Navisworks.Api.Interop	Autodesk/Navisworks/Api/Interop/__init__.py	291	331	NativeHandle	27
LcClClashRules	Autodesk.Navisworks.Api.Interop	Autodesk/Navisworks/Api/Interop/__init__.py	332	349	NativeHandle	8
LcClClashTestRunner	Autodesk.Navisworks.Api.Interop	Autodesk/Navisworks/Api/Interop/__init__.py	350	377	NativeHandle	16
LcClClashUtils	Autodesk.Navisworks.Api.Interop	Autodesk/Navisworks/Api/Interop/__init__.py	378	403	NativeHandle	12
LcClCurrentIssue	Autodesk.Navisworks.Api.Interop	Autodesk/Navisworks/Api/Interop/__init__.py	404	437	NativeHandle	22
LcClCurrentIssueNotify	Autodesk.Navisworks.Api.Interop	Autodesk/Navisworks/Api/Interop/__init__.py	438	449	NativeHandle	6
LcClCustomClashTests	Autodesk.Navisworks.Api.Interop	Autodesk/Navisworks/Api/Interop/__init__.py	450	463	NativeHandle	6
LcClReportField	Autodesk.Navisworks.Api.Interop	Autodesk/Navisworks/Api/Interop/__init__.py	464	476	NativeHandle	7
LcClStatusFlag	Autodesk.Navisworks.Api.Interop	Autodesk/Navisworks/Api/Interop/__init__.py	477	489	NativeHandle	7
LcClTestDefaultsStore	Autodesk.Navisworks.Api.Interop	Autodesk/Navisworks/Api/Interop/__init__.py	490	513	NativeHandle	11
LcClashReportResultSelector	Autodesk.Navisworks.Api.Interop	Autodesk/Navisworks/Api/Interop/__init__.py	514	526	NativeHandle	7
LcLAffine3f	Autodesk.Navisworks.Api.Interop	Autodesk/Navisworks/Api/Interop/__init__.py	527	536	NativeHandle	4
LcLFrustum3f	Autodesk.Navisworks.Api.Interop	Autodesk/Navisworks/Api/Interop/__init__.py	537	546	NativeHandle	4
LcLFrustum3fCornerIndex	Autodesk.Navisworks.Api.Interop	Autodesk/Navisworks/Api/Interop/__init__.py	547	551		0
LcLFrustum3fFrustumType	Autodesk.Navisworks.Api.Interop	Autodesk/Navisworks/Api/Interop/__init__.py	552	556		0
LcLFrustum3fPlaneIndex	Autodesk.Navisworks.Api.Interop	Autodesk/Navisworks/Api/Interop/__init__.py	557	561		0
LcLMatrix4f	Autodesk.Navisworks.Api.Interop	Autodesk/Navisworks/Api/Interop/__init__.py	562	597	NativeHandle	30
LcLPickResultTypes	Autodesk.Navisworks.Api.Interop	Autodesk/Navisworks/Api/Interop/__init__.py	598	607	NativeHandle	4
LcLPickTypes	Autodesk.Navisworks.Api.Interop	Autodesk/Navisworks/Api/Interop/__init__.py	608	617	NativeHandle	4
LcLPlane3f	Autodesk.Navisworks.Api.Interop	Autodesk/Navisworks/Api/Interop/__init__.py	618	652	NativeHandle	28
LcLPos2fListBase	Autodesk.Navisworks.Api.Interop	Autodesk/Navisworks/Api/Interop/__init__.py	653	664	NativeHandle	6
LcLPos3fListBase	Autodesk.Navisworks.Api.Interop	Autodesk/Navisworks/Api/Interop/__init__.py	665	676	NativeHandle	6
LcLPrimitiveTypes	Autodesk.Navisworks.Api.Interop	Autodesk/Navisworks/Api/Interop/__init__.py	677	686	NativeHandle	4
LcLVec	Autodesk.Navisworks.Api.Interop	Autodesk/Navisworks/Api/Interop/__init__.py	687	708	NativeHandle	10
LcNvCamera	Autodesk.Navisworks.Api.Interop	Autodesk/Navisworks/Api/Interop/__init__.py	709	763	NativeHandle	46
LcNvNavBase	Autodesk.Navisworks.Api.Interop	Autodesk/Navisworks/Api/Interop/__init__.py	764	787	NativeHandle	18
LcNvNavDriver	Autodesk.Navisworks.Api.Interop	Autodesk/Navisworks/Api/Interop/__init__.py	788	797	LcNvNavBase	4
LcNvNavigator	Autodesk.Navisworks.Api.Interop	Autodesk/Navisworks/Api/Interop/__init__.py	798	807	LcNvNavDriver	4
LcNvTool	Autodesk.Navisworks.Api.Interop	Autodesk/Navisworks/Api/Interop/__init__.py	808	853	NativeHandle	22
LcNvToolDriverParadigm	Autodesk.Navisworks.Api.Interop	Autodesk/Navisworks/Api/Interop/__init__.py	854	858		0
LcNvViewPoint	Autodesk.Navisworks.Api.Interop	Autodesk/Navisworks/Api/Interop/__init__.py	859	922	NativeHandle	58
LcNvViewPointParadigm	Autodesk.Navisworks.Api.Interop	Autodesk/Navisworks/Api/Interop/__init__.py	923	927		0
LcNvViewPointParts	Autodesk.Navisworks.Api.Interop	Autodesk/Navisworks/Api/Interop/__init__.py	928	932		0
LcNvViewer	Autodesk.Navisworks.Api.Interop	Autodesk/Navisworks/Api/Interop/__init__.py	933	973	NativeHandle	35
LcOaAttribute	Autodesk.Navisworks.Api.Interop	Autodesk/Navisworks/Api/Interop/__init__.py	974	983	LcOaSceneBase	4
LcOaBase	Autodesk.Navisworks.Api.Interop	Autodesk/Navisworks/Api/Interop/__init__.py	984	993	NativeHandle	4
LcOaBaseVector	Autodesk.Navisworks.Api.Interop	Autodesk/Navisworks/Api/Interop/__init__.py	994	1005	NativeHandle	6
LcOaData	Autodesk.Navisworks.Api.Interop	Autodesk/Navisworks/Api/Interop/__init__.py	1006	1025	NativeHandle	9
LcOaExGroup	Autodesk.Navisworks.Api.Interop	Autodesk/Navisworks/Api/Interop/__init__.py	1026	1035	LcOaGroup	4
LcOaFragment	Autodesk.Navisworks.Api.Interop	Autodesk/Navisworks/Api/Interop/__init__.py	1036	1047	NativeHandle	6
LcOaGroup	Autodesk.Navisworks.Api.Interop	Autodesk/Navisworks/Api/Interop/__init__.py	1048	1058	LcOaNode	5
LcOaNode	Autodesk.Navisworks.Api.Interop	Autodesk/Navisworks/Api/Interop/__init__.py	1059	1079	LcOaSceneBase	15
LcOaNodeGroupType	Autodesk.Navisworks.Api.Interop	Autodesk/Navisworks/Api/Interop/__init__.py	1080	1084		0
LcOaPartition	Autodesk.Navisworks.Api.Interop	Autodesk/Navisworks/Api/Interop/__init__.py	1085	1108	LcOaGroup	18
LcOaPartitionViewDirection	Autodesk.Navisworks.Api.Interop	Autodesk/Navisworks/Api/Interop/__init__.py	1109	1113		0
LcOaPathLinkGuidIt	Autodesk.Navisworks.Api.Interop	Autodesk/Navisworks/Api/Interop/__init__.py	1114	1128	NativeHandle	9
LcOaPathLinkImplicitFragPathIt	Autodesk.Navisworks.Api.Interop	Autodesk/Navisworks/Api/Interop/__init__.py	1129	1143	NativeHandle	9
LcOaPathLinkIt	Autodesk.Navisworks.Api.Interop	Autodesk/Navisworks/Api/Interop/__init__.py	1144	1160	NativeHandle	11
LcOaPathLinkVector	Autodesk.Navisworks.Api.Interop	Autodesk/Navisworks/Api/Interop/__init__.py	1161	1172	NativeHandle	6
LcOaPropOverrideCatVec	Autodesk.Navisworks.Api.Interop	Autodesk/Navisworks/Api/Interop/__init__.py	1173	1195	NativeHandle	17
LcOaPropOverrideCategory	Autodesk.Navisworks.Api.Interop	Autodesk/Navisworks/Api/Interop/__init__.py	1196	1217	NativeHandle	12
LcOaSceneBase	Autodesk.Navisworks.Api.Interop	Autodesk/Navisworks/Api/Interop/__init__.py	1218	1230	LcOaBase	7
LcOaUnit	Autodesk.Navisworks.Api.Interop	Autodesk/Navisworks/Api/Interop/__init__.py	1231	1286	NativeHandle	27
LcOaUnitAngular	Autodesk.Navisworks.Api.Interop	Autodesk/Navisworks/Api/Interop/__init__.py	1287	1291		0
LcOaUnitAngularDisplayFormat	Autodesk.Navisworks.Api.Interop	Autodesk/Navisworks/Api/Interop/__init__.py	1292	1296		0
LcOaUnitLinearDisplayFormat	Autodesk.Navisworks.Api.Interop	Autodesk/Navisworks/Api/Interop/__init__.py	1297	1301		0
LcOaUnitParseStatus	Autodesk.Navisworks.Api.Interop	Autodesk/Navisworks/Api/Interop/__init__.py	1302	1306		0
LcOaUnitProps	Autodesk.Navisworks.Api.Interop	Autodesk/Navisworks/Api/Interop/__init__.py	1307	1338	NativeHandle	15
LcOaUnitState	Autodesk.Navisworks.Api.Interop	Autodesk/Navisworks/Api/Interop/__init__.py	1339	1349	NativeHandle	5
LcOaViewer	Autodesk.Navisworks.Api.Interop	Autodesk/Navisworks/Api/Interop/__init__.py	1350	1383	NativeHandle	28
LcOaViewerRedrawType	Autodesk.Navisworks.Api.Interop	Autodesk/Navisworks/Api/Interop/__init__.py	1384	1388		0
LcOaViewerStereoCameraInterface	Autodesk.Navisworks.Api.Interop	Autodesk/Navisworks/Api/Interop/__init__.py	1389	1399	NativeHandle	5
LcOclClashResultStatus	Autodesk.Navisworks.Api.Interop	Autodesk/Navisworks/Api/Interop/__init__.py	1400	1409	NativeHandle	4
LcOclClashUtils	Autodesk.Navisworks.Api.Interop	Autodesk/Navisworks/Api/Interop/__init__.py	1410	1423	NativeHandle	6
LcOclDirectionSortEnum	Autodesk.Navisworks.Api.Interop	Autodesk/Navisworks/Api/Interop/__init__.py	1424	1433	NativeHandle	4
LcOclResultSortEnum	Autodesk.Navisworks.Api.Interop	Autodesk/Navisworks/Api/Interop/__init__.py	1434	1443	NativeHandle	4
LcOclTestIssue	Autodesk.Navisworks.Api.Interop	Autodesk/Navisworks/Api/Interop/__init__.py	1444	1453	NativeHandle	4
LcOclTestSortEnum	Autodesk.Navisworks.Api.Interop	Autodesk/Navisworks/Api/Interop/__init__.py	1454	1463	NativeHandle	4
LcOdpClashUtils	Autodesk.Navisworks.Api.Interop	Autodesk/Navisworks/Api/Interop/__init__.py	1464	1477	NativeHandle	6
LcOglJsonProteinAsset	Autodesk.Navisworks.Api.Interop	Autodesk/Navisworks/Api/Interop/__init__.py	1478	1489	NativeHandle	6
LcOglProteinAsset	Autodesk.Navisworks.Api.Interop	Autodesk/Navisworks/Api/Interop/__init__.py	1490	1504	NativeHandle	9
LcOglProteinProperty	Autodesk.Navisworks.Api.Interop	Autodesk/Navisworks/Api/Interop/__init__.py	1505	1515	NativeHandle	5
LcOmViewer	Autodesk.Navisworks.Api.Interop	Autodesk/Navisworks/Api/Interop/__init__.py	1516	1531	LcOmWin32KernelViewerEx	10
LcOmWin32BuiltinDataObjectFormat	Autodesk.Navisworks.Api.Interop	Autodesk/Navisworks/Api/Interop/__init__.py	1532	1545	NativeHandle	6
LcOmWin32DataObjectEnum	Autodesk.Navisworks.Api.Interop	Autodesk/Navisworks/Api/Interop/__init__.py	1546	1556	NativeHandle	5
LcOmWin32DataObjectEnumBuiltIn	Autodesk.Navisworks.Api.Interop	Autodesk/Navisworks/Api/Interop/__init__.py	1557	1561		0
LcOmWin32Kernel	Autodesk.Navisworks.Api.Interop	Autodesk/Navisworks/Api/Interop/__init__.py	1562	1571	LcOpKernelEx	4
LcOmWin32KernelEx	Autodesk.Navisworks.Api.Interop	Autodesk/Navisworks/Api/Interop/__init__.py	1572	1581	LcOmWin32Kernel	4
LcOmWin32KernelViewer	Autodesk.Navisworks.Api.Interop	Autodesk/Navisworks/Api/Interop/__init__.py	1582	1595	LcOpKernelExViewer	8
LcOmWin32KernelViewerEx	Autodesk.Navisworks.Api.Interop	Autodesk/Navisworks/Api/Interop/__init__.py	1596	1605	LcOmWin32KernelViewer	4
LcOmWin32RedlineTool	Autodesk.Navisworks.Api.Interop	Autodesk/Navisworks/Api/Interop/__init__.py	1606	1621	LcOpRedlineTool	7
LcOpActiveSheetEvent	Autodesk.Navisworks.Api.Interop	Autodesk/Navisworks/Api/Interop/__init__.py	1622	1634	LcOpStateEvent	7
LcOpActiveSheetEventPhase	Autodesk.Navisworks.Api.Interop	Autodesk/Navisworks/Api/Interop/__init__.py	1635	1639		0
LcOpAnimBase	Autodesk.Navisworks.Api.Interop	Autodesk/Navisworks/Api/Interop/__init__.py	1640	1653	NativeHandle	8
LcOpAnimSet	Autodesk.Navisworks.Api.Interop	Autodesk/Navisworks/Api/Interop/__init__.py	1654	1665	LcOpAnimBase	6
LcOpAnimSetRefPtr	Autodesk.Navisworks.Api.Interop	Autodesk/Navisworks/Api/Interop/__init__.py	1666	1675	NativeHandle	4
LcOpAnimSetVector	Autodesk.Navisworks.Api.Interop	Autodesk/Navisworks/Api/Interop/__init__.py	1676	1685	NativeHandle	4
LcOpAnimViewFlag	Autodesk.Navisworks.Api.Interop	Autodesk/Navisworks/Api/Interop/__init__.py	1686	1690		0
LcOpAnimation	Autodesk.Navisworks.Api.Interop	Autodesk/Navisworks/Api/Interop/__init__.py	1691	1740	LcOpAnimBase	44
LcOpAnimationAtDuration	Autodesk.Navisworks.Api.Interop	Autodesk/Navisworks/Api/Interop/__init__.py	1741	1745		0
LcOpAnimationAtEnd	Autodesk.Navisworks.Api.Interop	Autodesk/Navisworks/Api/Interop/__init__.py	1746	1750		0
LcOpAnimationController	Autodesk.Navisworks.Api.Interop	Autodesk/Navisworks/Api/Interop/__init__.py	1751	1784	LcOpAnimationControllerBase	28
LcOpAnimationControllerBase	Autodesk.Navisworks.Api.Interop	Autodesk/Navisworks/Api/Interop/__init__.py	1785	1820	LcOpAnimationObserver	30
LcOpAnimationControllerObserver	Autodesk.Navisworks.Api.Interop	Autodesk/Navisworks/Api/Interop/__init__.py	1821	1832	NativeHandle	6
LcOpAnimationControllerObserverVector	Autodesk.Navisworks.Api.Interop	Autodesk/Navisworks/Api/Interop/__init__.py	1833	1842	NativeHandle	4
LcOpAnimationDirection	Autodesk.Navisworks.Api.Interop	Autodesk/Navisworks/Api/Interop/__init__.py	1843	1847		0
LcOpAnimationEngine	Autodesk.Navisworks.Api.Interop	Autodesk/Navisworks/Api/Interop/__init__.py	1848	1871	NativeHandle	15
LcOpAnimationEngineController	Autodesk.Navisworks.Api.Interop	Autodesk/Navisworks/Api/Interop/__init__.py	1872	1902	LcOpAnimationControllerBase	25
LcOpAnimationKeyFrameContext	Autodesk.Navisworks.Api.Interop	Autodesk/Navisworks/Api/Interop/__init__.py	1903	1918	NativeHandle	10
LcOpAnimationObserver	Autodesk.Navisworks.Api.Interop	Autodesk/Navisworks/Api/Interop/__init__.py	1919	1934	NativeHandle	10
LcOpAnimationObserverVector	Autodesk.Navisworks.Api.Interop	Autodesk/Navisworks/Api/Interop/__init__.py	1935	1944	NativeHandle	4
LcOpAnimationRefPtr	Autodesk.Navisworks.Api.Interop	Autodesk/Navisworks/Api/Interop/__init__.py	1945	1954	NativeHandle	4
LcOpAnimationStatus	Autodesk.Navisworks.Api.Interop	Autodesk/Navisworks/Api/Interop/__init__.py	1955	1959		0
LcOpAnimationVector	Autodesk.Navisworks.Api.Interop	Autodesk/Navisworks/Api/Interop/__init__.py	1960	1969	NativeHandle	4
LcOpAnimatorInterface	Autodesk.Navisworks.Api.Interop	Autodesk/Navisworks/Api/Interop/__init__.py	1970	1986	LcOpSimulationSource	10
LcOpAnimatorInterfaceAnimationChoice	Autodesk.Navisworks.Api.Interop	Autodesk/Navisworks/Api/Interop/__init__.py	1987	1991		0
LcOpAppStateMonitor	Autodesk.Navisworks.Api.Interop	Autodesk/Navisworks/Api/Interop/__init__.py	1992	2008	NativeHandle	9
LcOpAppUI	Autodesk.Navisworks.Api.Interop	Autodesk/Navisworks/Api/Interop/__init__.py	2009	2030	NativeHandle	10
LcOpApplicationCloseEvent	Autodesk.Navisworks.Api.Interop	Autodesk/Navisworks/Api/Interop/__init__.py	2031	2040	LcOpStateEvent	4
LcOpAutoLock	Autodesk.Navisworks.Api.Interop	Autodesk/Navisworks/Api/Interop/__init__.py	2041	2052	NativeHandle	6
LcOpAutoSave	Autodesk.Navisworks.Api.Interop	Autodesk/Navisworks/Api/Interop/__init__.py	2053	2084	NativeHandle	15
LcOpAutoSaveHandler	Autodesk.Navisworks.Api.Interop	Autodesk/Navisworks/Api/Interop/__init__.py	2085	2099	NativeHandle	9
LcOpAxisTranslateGizmo	Autodesk.Navisworks.Api.Interop	Autodesk/Navisworks/Api/Interop/__init__.py	2100	2109	LcOpGizmo	4
LcOpBackground	Autodesk.Navisworks.Api.Interop	Autodesk/Navisworks/Api/Interop/__init__.py	2110	2128	NativeHandle	11
LcOpBackgroundBackgroundStyle	Autodesk.Navisworks.Api.Interop	Autodesk/Navisworks/Api/Interop/__init__.py	2129	2133		0
LcOpBackgroundColorIndex	Autodesk.Navisworks.Api.Interop	Autodesk/Navisworks/Api/Interop/__init__.py	2134	2138		0
LcOpBackgroundElement	Autodesk.Navisworks.Api.Interop	Autodesk/Navisworks/Api/Interop/__init__.py	2139	2164	LcOpElement	14
LcOpBaseRotateGizmo	Autodesk.Navisworks.Api.Interop	Autodesk/Navisworks/Api/Interop/__init__.py	2165	2174	LcOpGizmo	4
LcOpBaseScaleGizmo	Autodesk.Navisworks.Api.Interop	Autodesk/Navisworks/Api/Interop/__init__.py	2175	2184	LcOpGizmo	4
LcOpBaseTranslateGizmo	Autodesk.Navisworks.Api.Interop	Autodesk/Navisworks/Api/Interop/__init__.py	2185	2194	LcOpGizmo	4
LcOpBeginEditEvent	Autodesk.Navisworks.Api.Interop	Autodesk/Navisworks/Api/Interop/__init__.py	2195	2204	LcOpStateEvent	4
LcOpBimViewerProgress	Autodesk.Navisworks.Api.Interop	Autodesk/Navisworks/Api/Interop/__init__.py	2205	2220	LcOpSimpleProgress	10
LcOpBoolASTCondition	Autodesk.Navisworks.Api.Interop	Autodesk/Navisworks/Api/Interop/__init__.py	2221	2237	LcOpBoolASTNode	11
LcOpBoolASTNode	Autodesk.Navisworks.Api.Interop	Autodesk/Navisworks/Api/Interop/__init__.py	2238	2253	LcOpBoolRefCountedBase	10
LcOpBoolASTNodePtr	Autodesk.Navisworks.Api.Interop	Autodesk/Navisworks/Api/Interop/__init__.py	2254	2263	NativeHandle	4
LcOpBoolEval	Autodesk.Navisworks.Api.Interop	Autodesk/Navisworks/Api/Interop/__init__.py	2264	2273	NativeHandle	4
LcOpBoolEvalContext	Autodesk.Navisworks.Api.Interop	Autodesk/Navisworks/Api/Interop/__init__.py	2274	2283	NativeHandle	4
LcOpBoolEvalOpType	Autodesk.Navisworks.Api.Interop	Autodesk/Navisworks/Api/Interop/__init__.py	2284	2288		0
LcOpBoolLineItem	Autodesk.Navisworks.Api.Interop	Autodesk/Navisworks/Api/Interop/__init__.py	2289	2315	NativeHandle	18
LcOpBoolLineItemSet	Autodesk.Navisworks.Api.Interop	Autodesk/Navisworks/Api/Interop/__init__.py	2316	2329	NativeHandle	8
LcOpBoolLineItemSetVerificationResult	Autodesk.Navisworks.Api.Interop	Autodesk/Navisworks/Api/Interop/__init__.py	2330	2334		0
LcOpBoolRefCountedBase	Autodesk.Navisworks.Api.Interop	Autodesk/Navisworks/Api/Interop/__init__.py	2335	2344	NativeHandle	4
LcOpCameraAnimation	Autodesk.Navisworks.Api.Interop	Autodesk/Navisworks/Api/Interop/__init__.py	2345	2356	LcOpViewAnimation	6
LcOpCameraKeyFrame	Autodesk.Navisworks.Api.Interop	Autodesk/Navisworks/Api/Interop/__init__.py	2357	2369	LcOpKeyFrame	7
LcOpCivilAlignmentElement	Autodesk.Navisworks.Api.Interop	Autodesk/Navisworks/Api/Interop/__init__.py	2370	2394	LcOpElement	12
LcOpClashElement	Autodesk.Navisworks.Api.Interop	Autodesk/Navisworks/Api/Interop/__init__.py	2395	2458	LcOpSavedItemsElement	34
LcOpClicUI	Autodesk.Navisworks.Api.Interop	Autodesk/Navisworks/Api/Interop/__init__.py	2459	2480	NativeHandle	16
LcOpClicUIPosition	Autodesk.Navisworks.Api.Interop	Autodesk/Navisworks/Api/Interop/__init__.py	2481	2485		0
LcOpCollisionObserversList	Autodesk.Navisworks.Api.Interop	Autodesk/Navisworks/Api/Interop/__init__.py	2486	2495	NativeHandle	4
LcOpCommentElement	Autodesk.Navisworks.Api.Interop	Autodesk/Navisworks/Api/Interop/__init__.py	2496	2523	LcOpElement	15
LcOpConfigParser	Autodesk.Navisworks.Api.Interop	Autodesk/Navisworks/Api/Interop/__init__.py	2524	2535	NativeHandle	6
LcOpCurrentAnimationElement	Autodesk.Navisworks.Api.Interop	Autodesk/Navisworks/Api/Interop/__init__.py	2536	2558	LcOpElement	11
LcOpCurrentFilenameChangedEvent	Autodesk.Navisworks.Api.Interop	Autodesk/Navisworks/Api/Interop/__init__.py	2559	2568	LcOpStateEvent	4
LcOpCurrentSavedView	Autodesk.Navisworks.Api.Interop	Autodesk/Navisworks/Api/Interop/__init__.py	2569	2581	NativeHandle	7
LcOpCurrentViewElement	Autodesk.Navisworks.Api.Interop	Autodesk/Navisworks/Api/Interop/__init__.py	2582	2596	LcOpElement	8
LcOpDB	Autodesk.Navisworks.Api.Interop	Autodesk/Navisworks/Api/Interop/__init__.py	2597	2636	NativeHandle	19
LcOpDBEMode	Autodesk.Navisworks.Api.Interop	Autodesk/Navisworks/Api/Interop/__init__.py	2637	2641		0
LcOpDBExtensions	Autodesk.Navisworks.Api.Interop	Autodesk/Navisworks/Api/Interop/__init__.py	2642	2647		1
LcOpDatabaseBeginTransactionEvent	Autodesk.Navisworks.Api.Interop	Autodesk/Navisworks/Api/Interop/__init__.py	2648	2657	LcOpDatabaseTransactionEvent	4
LcOpDatabaseBeginningTransactionEvent	Autodesk.Navisworks.Api.Interop	Autodesk/Navisworks/Api/Interop/__init__.py	2658	2667	LcOpDatabaseTransactionEvent	4
LcOpDatabaseCommitTransactionEvent	Autodesk.Navisworks.Api.Interop	Autodesk/Navisworks/Api/Interop/__init__.py	2668	2677	LcOpDatabaseTransactionEvent	4
LcOpDatabaseRollbackTransactionEvent	Autodesk.Navisworks.Api.Interop	Autodesk/Navisworks/Api/Interop/__init__.py	2678	2687	LcOpDatabaseTransactionEvent	4
LcOpDatabaseTransactionEvent	Autodesk.Navisworks.Api.Interop	Autodesk/Navisworks/Api/Interop/__init__.py	2688	2698	LcOpStateEvent	5
LcOpDefaultSecurityProvider	Autodesk.Navisworks.Api.Interop	Autodesk/Navisworks/Api/Interop/__init__.py	2699	2708	LcOpSecurityProvider	4
LcOpDelta	Autodesk.Navisworks.Api.Interop	Autodesk/Navisworks/Api/Interop/__init__.py	2709	2718	NativeHandle	4
LcOpDeltaElement	Autodesk.Navisworks.Api.Interop	Autodesk/Navisworks/Api/Interop/__init__.py	2719	2728	LcOpElement	4
LcOpDiff	Autodesk.Navisworks.Api.Interop	Autodesk/Navisworks/Api/Interop/__init__.py	2729	2763	NativeHandle	29
LcOpDiffDetail	Autodesk.Navisworks.Api.Interop	Autodesk/Navisworks/Api/Interop/__init__.py	2764	2778	NativeHandle	9
LcOpDiffDetailVector	Autodesk.Navisworks.Api.Interop	Autodesk/Navisworks/Api/Interop/__init__.py	2779	2790	NativeHandle	6
LcOpDiffInfo	Autodesk.Navisworks.Api.Interop	Autodesk/Navisworks/Api/Interop/__init__.py	2791	2806	NativeHandle	10
LcOpDiffInfoDiffType	Autodesk.Navisworks.Api.Interop	Autodesk/Navisworks/Api/Interop/__init__.py	2807	2811		0
LcOpDiffInfoGeometry	Autodesk.Navisworks.Api.Interop	Autodesk/Navisworks/Api/Interop/__init__.py	2812	2823	NativeHandle	6
LcOpDiffInfoVector	Autodesk.Navisworks.Api.Interop	Autodesk/Navisworks/Api/Interop/__init__.py	2824	2835	NativeHandle	6
LcOpDiffResult	Autodesk.Navisworks.Api.Interop	Autodesk/Navisworks/Api/Interop/__init__.py	2836	2852	NativeHandle	11
LcOpDiffResultType	Autodesk.Navisworks.Api.Interop	Autodesk/Navisworks/Api/Interop/__init__.py	2853	2857		0
LcOpDummyProgress	Autodesk.Navisworks.Api.Interop	Autodesk/Navisworks/Api/Interop/__init__.py	2858	2876	Progress	13
LcOpElement	Autodesk.Navisworks.Api.Interop	Autodesk/Navisworks/Api/Interop/__init__.py	2877	2886	NativeHandle	4
LcOpElementClass	Autodesk.Navisworks.Api.Interop	Autodesk/Navisworks/Api/Interop/__init__.py	2887	2900	NativeHandle	8
LcOpElementFlags	Autodesk.Navisworks.Api.Interop	Autodesk/Navisworks/Api/Interop/__init__.py	2901	2905		0
LcOpElementItemPathVector	Autodesk.Navisworks.Api.Interop	Autodesk/Navisworks/Api/Interop/__init__.py	2906	2917	NativeHandle	6
LcOpEndEditEvent	Autodesk.Navisworks.Api.Interop	Autodesk/Navisworks/Api/Interop/__init__.py	2918	2927	LcOpStateEvent	4
LcOpExchangeComponent	Autodesk.Navisworks.Api.Interop	Autodesk/Navisworks/Api/Interop/__init__.py	2928	2939	NativeHandle	6
LcOpExchangePackage	Autodesk.Navisworks.Api.Interop	Autodesk/Navisworks/Api/Interop/__init__.py	2940	2970	NativeHandle	25
LcOpExportPlugin	Autodesk.Navisworks.Api.Interop	Autodesk/Navisworks/Api/Interop/__init__.py	2971	2991	LcOpPlugin	15
LcOpExportPluginContextState	Autodesk.Navisworks.Api.Interop	Autodesk/Navisworks/Api/Interop/__init__.py	2992	2996		0
LcOpFileDatabaseElement	Autodesk.Navisworks.Api.Interop	Autodesk/Navisworks/Api/Interop/__init__.py	2997	3037	LcOpElement	24
LcOpFileDatabaseElementLoaded	Autodesk.Navisworks.Api.Interop	Autodesk/Navisworks/Api/Interop/__init__.py	3038	3047	LcOpStateEvent	4
LcOpFileDatabaseElementUnloading	Autodesk.Navisworks.Api.Interop	Autodesk/Navisworks/Api/Interop/__init__.py	3048	3057	LcOpStateEvent	4
LcOpFileInfoElement	Autodesk.Navisworks.Api.Interop	Autodesk/Navisworks/Api/Interop/__init__.py	3058	3100	LcOpSavedItemsElement	21
LcOpFilePlugin	Autodesk.Navisworks.Api.Interop	Autodesk/Navisworks/Api/Interop/__init__.py	3101	3114	LcOpPlugin	8
LcOpFilePluginNameContext	Autodesk.Navisworks.Api.Interop	Autodesk/Navisworks/Api/Interop/__init__.py	3115	3119		0
LcOpFileResolverFlag	Autodesk.Navisworks.Api.Interop	Autodesk/Navisworks/Api/Interop/__init__.py	3120	3124		0
LcOpFileUI	Autodesk.Navisworks.Api.Interop	Autodesk/Navisworks/Api/Interop/__init__.py	3125	3142	NativeHandle	8
LcOpFind	Autodesk.Navisworks.Api.Interop	Autodesk/Navisworks/Api/Interop/__init__.py	3143	3161	NativeHandle	13
LcOpFindCacheApi	Autodesk.Navisworks.Api.Interop	Autodesk/Navisworks/Api/Interop/__init__.py	3162	3183	NativeHandle	10
LcOpFindCacheEnum	Autodesk.Navisworks.Api.Interop	Autodesk/Navisworks/Api/Interop/__init__.py	3184	3193	NativeHandle	4
LcOpFindCacheEnumValid	Autodesk.Navisworks.Api.Interop	Autodesk/Navisworks/Api/Interop/__init__.py	3194	3198		0
LcOpFindCacheEnumValidateMode	Autodesk.Navisworks.Api.Interop	Autodesk/Navisworks/Api/Interop/__init__.py	3199	3203		0
LcOpFindConditionFlags	Autodesk.Navisworks.Api.Interop	Autodesk/Navisworks/Api/Interop/__init__.py	3204	3213	NativeHandle	4
LcOpFindConditionOp	Autodesk.Navisworks.Api.Interop	Autodesk/Navisworks/Api/Interop/__init__.py	3214	3223	NativeHandle	4
LcOpFindResult	Autodesk.Navisworks.Api.Interop	Autodesk/Navisworks/Api/Interop/__init__.py	3224	3228		0
LcOpFindSpecElement	Autodesk.Navisworks.Api.Interop	Autodesk/Navisworks/Api/Interop/__init__.py	3229	3256	LcOpElement	13
LcOpGizmo	Autodesk.Navisworks.Api.Interop	Autodesk/Navisworks/Api/Interop/__init__.py	3257	3273	NativeHandle	11
LcOpGizmoList	Autodesk.Navisworks.Api.Interop	Autodesk/Navisworks/Api/Interop/__init__.py	3274	3283	NativeHandle	4
LcOpGizmoTool	Autodesk.Navisworks.Api.Interop	Autodesk/Navisworks/Api/Interop/__init__.py	3284	3296	LcOpInputHandler	7
LcOpGraphicsSystemElement	Autodesk.Navisworks.Api.Interop	Autodesk/Navisworks/Api/Interop/__init__.py	3297	3322	LcOpElement	12
LcOpGraphicsSystemElementGraphicsSystem	Autodesk.Navisworks.Api.Interop	Autodesk/Navisworks/Api/Interop/__init__.py	3323	3327		0
LcOpGridElement	Autodesk.Navisworks.Api.Interop	Autodesk/Navisworks/Api/Interop/__init__.py	3328	3351	LcOpElement	12
LcOpGroupItem	Autodesk.Navisworks.Api.Interop	Autodesk/Navisworks/Api/Interop/__init__.py	3352	3363		4
LcOpHyperlinksOverrideElement	Autodesk.Navisworks.Api.Interop	Autodesk/Navisworks/Api/Interop/__init__.py	3364	3399	LcOpPathDictElement	17
LcOpICivilAlignment	Autodesk.Navisworks.Api.Interop	Autodesk/Navisworks/Api/Interop/__init__.py	3400	3418	NativeHandle	13
LcOpIdleEvent	Autodesk.Navisworks.Api.Interop	Autodesk/Navisworks/Api/Interop/__init__.py	3419	3428	LcOpStateEvent	4
LcOpIdleMonitorInterface	Autodesk.Navisworks.Api.Interop	Autodesk/Navisworks/Api/Interop/__init__.py	3429	3451	NativeHandle	12
LcOpInputEnum	Autodesk.Navisworks.Api.Interop	Autodesk/Navisworks/Api/Interop/__init__.py	3452	3461	NativeHandle	4
LcOpInputHandler	Autodesk.Navisworks.Api.Interop	Autodesk/Navisworks/Api/Interop/__init__.py	3462	3471	LcOpInputEnum	4
LcOpIsolateTool	Autodesk.Navisworks.Api.Interop	Autodesk/Navisworks/Api/Interop/__init__.py	3472	3488	NativeHandle	11
LcOpKernel	Autodesk.Navisworks.Api.Interop	Autodesk/Navisworks/Api/Interop/__init__.py	3489	3581	LcOpState	86
LcOpKernelEx	Autodesk.Navisworks.Api.Interop	Autodesk/Navisworks/Api/Interop/__init__.py	3582	3668	LcOpKernelTool	81
LcOpKernelExViewer	Autodesk.Navisworks.Api.Interop	Autodesk/Navisworks/Api/Interop/__init__.py	3669	3685	LcOpKernelToolViewer	11
LcOpKernelFileEvent	Autodesk.Navisworks.Api.Interop	Autodesk/Navisworks/Api/Interop/__init__.py	3686	3696	LcOpStateEvent	5
LcOpKernelProgress	Autodesk.Navisworks.Api.Interop	Autodesk/Navisworks/Api/Interop/__init__.py	3697	3708	LcOpSimpleProgress	6
LcOpKernelTimerInterface	Autodesk.Navisworks.Api.Interop	Autodesk/Navisworks/Api/Interop/__init__.py	3709	3719	NativeHandle	5
LcOpKernelTool	Autodesk.Navisworks.Api.Interop	Autodesk/Navisworks/Api/Interop/__init__.py	3720	3737	LcOpKernel	11
LcOpKernelToolGizmoType	Autodesk.Navisworks.Api.Interop	Autodesk/Navisworks/Api/Interop/__init__.py	3738	3742		0
LcOpKernelToolViewer	Autodesk.Navisworks.Api.Interop	Autodesk/Navisworks/Api/Interop/__init__.py	3743	3752	LcOpKernelViewer	4
LcOpKernelViewer	Autodesk.Navisworks.Api.Interop	Autodesk/Navisworks/Api/Interop/__init__.py	3753	3770	LcOaViewer	12
LcOpKeyFrame	Autodesk.Navisworks.Api.Interop	Autodesk/Navisworks/Api/Interop/__init__.py	3771	3785	NativeHandle	9
LcOpLightItem	Autodesk.Navisworks.Api.Interop	Autodesk/Navisworks/Api/Interop/__init__.py	3786	3853	SavedItem	61
LcOpLightItemDistant	Autodesk.Navisworks.Api.Interop	Autodesk/Navisworks/Api/Interop/__init__.py	3854	3870	LcOpLightItem	11
LcOpLightItemLightAreaType	Autodesk.Navisworks.Api.Interop	Autodesk/Navisworks/Api/Interop/__init__.py	3871	3875		0
LcOpLightItemLightColorUnits	Autodesk.Navisworks.Api.Interop	Autodesk/Navisworks/Api/Interop/__init__.py	3876	3880		0
LcOpLightItemLightDecayType	Autodesk.Navisworks.Api.Interop	Autodesk/Navisworks/Api/Interop/__init__.py	3881	3885		0
LcOpLightItemLightDistribution	Autodesk.Navisworks.Api.Interop	Autodesk/Navisworks/Api/Interop/__init__.py	3886	3890		0
LcOpLightItemLightIntensityUnits	Autodesk.Navisworks.Api.Interop	Autodesk/Navisworks/Api/Interop/__init__.py	3891	3895		0
LcOpLightItemLightItemType	Autodesk.Navisworks.Api.Interop	Autodesk/Navisworks/Api/Interop/__init__.py	3896	3900		0
LcOpLightItemLightParts	Autodesk.Navisworks.Api.Interop	Autodesk/Navisworks/Api/Interop/__init__.py	3901	3905		0
LcOpLightItemLightTempPresets	Autodesk.Navisworks.Api.Interop	Autodesk/Navisworks/Api/Interop/__init__.py	3906	3910		0
LcOpLightItemPoint	Autodesk.Navisworks.Api.Interop	Autodesk/Navisworks/Api/Interop/__init__.py	3911	3926	LcOpLightItem	10
LcOpLightItemSpot	Autodesk.Navisworks.Api.Interop	Autodesk/Navisworks/Api/Interop/__init__.py	3927	3942	LcOpLightItem	10
LcOpLightItemWeb	Autodesk.Navisworks.Api.Interop	Autodesk/Navisworks/Api/Interop/__init__.py	3943	3958	LcOpLightItem	10
LcOpLightsElement	Autodesk.Navisworks.Api.Interop	Autodesk/Navisworks/Api/Interop/__init__.py	3959	4009	LcOpSavedItemsElement	26
LcOpLock	Autodesk.Navisworks.Api.Interop	Autodesk/Navisworks/Api/Interop/__init__.py	4010	4019	NativeHandle	4
LcOpLockType	Autodesk.Navisworks.Api.Interop	Autodesk/Navisworks/Api/Interop/__init__.py	4020	4024		0
LcOpMaterialOverride	Autodesk.Navisworks.Api.Interop	Autodesk/Navisworks/Api/Interop/__init__.py	4025	4041	NativeHandle	11
LcOpMaterialOverrideVec	Autodesk.Navisworks.Api.Interop	Autodesk/Navisworks/Api/Interop/__init__.py	4042	4053	NativeHandle	6
LcOpMeasureTool	Autodesk.Navisworks.Api.Interop	Autodesk/Navisworks/Api/Interop/__init__.py	4054	4075	LcOpInputHandler	16
LcOpMeasureToolEValidFlags	Autodesk.Navisworks.Api.Interop	Autodesk/Navisworks/Api/Interop/__init__.py	4076	4080		0
LcOpMeasureToolMeasureAlong	Autodesk.Navisworks.Api.Interop	Autodesk/Navisworks/Api/Interop/__init__.py	4081	4085		0
LcOpMockRule	Autodesk.Navisworks.Api.Interop	Autodesk/Navisworks/Api/Interop/__init__.py	4086	4097	NativeHandle	5
LcOpModel	Autodesk.Navisworks.Api.Interop	Autodesk/Navisworks/Api/Interop/__init__.py	4098	4113	LcOpSceneRef	10
LcOpModelDataPlugin	Autodesk.Navisworks.Api.Interop	Autodesk/Navisworks/Api/Interop/__init__.py	4114	4124	LcOpPlugin	5
LcOpModelInterface	Autodesk.Navisworks.Api.Interop	Autodesk/Navisworks/Api/Interop/__init__.py	4125	4134	NativeHandle	4
LcOpModelTransformChangingEvent	Autodesk.Navisworks.Api.Interop	Autodesk/Navisworks/Api/Interop/__init__.py	4135	4153	LcOpStateEvent	13
LcOpModelTransformChangingEventPhase	Autodesk.Navisworks.Api.Interop	Autodesk/Navisworks/Api/Interop/__init__.py	4154	4158		0
LcOpModelUnitsChangedEvent	Autodesk.Navisworks.Api.Interop	Autodesk/Navisworks/Api/Interop/__init__.py	4159	4170	LcOpStateEvent	6
LcOpNWCache	Autodesk.Navisworks.Api.Interop	Autodesk/Navisworks/Api/Interop/__init__.py	4171	4186	NativeHandle	7
LcOpNodeOverridesElement	Autodesk.Navisworks.Api.Interop	Autodesk/Navisworks/Api/Interop/__init__.py	4187	4210	LcOpPathDictElement	11
LcOpNotify	Autodesk.Navisworks.Api.Interop	Autodesk/Navisworks/Api/Interop/__init__.py	4211	4220	NativeHandle	4
LcOpObjectRotateGizmo	Autodesk.Navisworks.Api.Interop	Autodesk/Navisworks/Api/Interop/__init__.py	4221	4230	LcOpBaseRotateGizmo	4
LcOpObjectScaleGizmo	Autodesk.Navisworks.Api.Interop	Autodesk/Navisworks/Api/Interop/__init__.py	4231	4240	LcOpBaseScaleGizmo	4
LcOpObjectTranslateGizmo	Autodesk.Navisworks.Api.Interop	Autodesk/Navisworks/Api/Interop/__init__.py	4241	4250	LcOpBaseTranslateGizmo	4
LcOpOptValidFindSelValidator	Autodesk.Navisworks.Api.Interop	Autodesk/Navisworks/Api/Interop/__init__.py	4251	4261	LcUOptionValidator	5
LcOpOptValidItemPathValidator	Autodesk.Navisworks.Api.Interop	Autodesk/Navisworks/Api/Interop/__init__.py	4262	4272	LcUOptionValidator	5
LcOpOptionSet	Autodesk.Navisworks.Api.Interop	Autodesk/Navisworks/Api/Interop/__init__.py	4273	4301	LcUExOptionSet	18
LcOpOptionSetRefPtr	Autodesk.Navisworks.Api.Interop	Autodesk/Navisworks/Api/Interop/__init__.py	4302	4311	NativeHandle	4
LcOpPathDictElement	Autodesk.Navisworks.Api.Interop	Autodesk/Navisworks/Api/Interop/__init__.py	4312	4321	LcOpDeltaElement	4
LcOpPerformanceProps	Autodesk.Navisworks.Api.Interop	Autodesk/Navisworks/Api/Interop/__init__.py	4322	4337	NativeHandle	7
LcOpPlugin	Autodesk.Navisworks.Api.Interop	Autodesk/Navisworks/Api/Interop/__init__.py	4338	4356	NativeHandle	13
LcOpPluginCaps	Autodesk.Navisworks.Api.Interop	Autodesk/Navisworks/Api/Interop/__init__.py	4357	4361		0
LcOpPluginExportStatus	Autodesk.Navisworks.Api.Interop	Autodesk/Navisworks/Api/Interop/__init__.py	4362	4366		0
LcOpPluginLoadStatusFlag	Autodesk.Navisworks.Api.Interop	Autodesk/Navisworks/Api/Interop/__init__.py	4367	4371		0
LcOpPluginSaveStatus	Autodesk.Navisworks.Api.Interop	Autodesk/Navisworks/Api/Interop/__init__.py	4372	4376		0
LcOpPluginType	Autodesk.Navisworks.Api.Interop	Autodesk/Navisworks/Api/Interop/__init__.py	4377	4381		0
LcOpPreDeleteContentsEvent	Autodesk.Navisworks.Api.Interop	Autodesk/Navisworks/Api/Interop/__init__.py	4382	4391	LcOpStateEvent	4
LcOpProgressUserDialogResponse	Autodesk.Navisworks.Api.Interop	Autodesk/Navisworks/Api/Interop/__init__.py	4392	4396		0
LcOpPropertyCategoryInfo	Autodesk.Navisworks.Api.Interop	Autodesk/Navisworks/Api/Interop/__init__.py	4397	4409	NativeHandle	7
LcOpPropertyCategoryInfoDiffType	Autodesk.Navisworks.Api.Interop	Autodesk/Navisworks/Api/Interop/__init__.py	4410	4414		0
LcOpPropertyCategoryInfoVector	Autodesk.Navisworks.Api.Interop	Autodesk/Navisworks/Api/Interop/__init__.py	4415	4426	NativeHandle	6
LcOpPropertyInfo	Autodesk.Navisworks.Api.Interop	Autodesk/Navisworks/Api/Interop/__init__.py	4427	4440	NativeHandle	8
LcOpPropertyInfoDiffType	Autodesk.Navisworks.Api.Interop	Autodesk/Navisworks/Api/Interop/__init__.py	4441	4445		0
LcOpPropertyInfoVector	Autodesk.Navisworks.Api.Interop	Autodesk/Navisworks/Api/Interop/__init__.py	4446	4457	NativeHandle	6
LcOpPropertyNodePropSource	Autodesk.Navisworks.Api.Interop	Autodesk/Navisworks/Api/Interop/__init__.py	4458	4462		0
LcOpPropertyOverrideElement	Autodesk.Navisworks.Api.Interop	Autodesk/Navisworks/Api/Interop/__init__.py	4463	4478	LcOpPathDictElement	7
LcOpRedline	Autodesk.Navisworks.Api.Interop	Autodesk/Navisworks/Api/Interop/__init__.py	4479	4508	NativeHandle	17
LcOpRedlineArrow	Autodesk.Navisworks.Api.Interop	Autodesk/Navisworks/Api/Interop/__init__.py	4509	4519	LcOpRedlineLine	5
LcOpRedlineCloud	Autodesk.Navisworks.Api.Interop	Autodesk/Navisworks/Api/Interop/__init__.py	4520	4531	LcOpRedline	6
LcOpRedlineElement	Autodesk.Navisworks.Api.Interop	Autodesk/Navisworks/Api/Interop/__init__.py	4532	4555	LcOpElement	11
LcOpRedlineEllipse	Autodesk.Navisworks.Api.Interop	Autodesk/Navisworks/Api/Interop/__init__.py	4556	4568	LcOpRedline	7
LcOpRedlineLine	Autodesk.Navisworks.Api.Interop	Autodesk/Navisworks/Api/Interop/__init__.py	4569	4581	LcOpRedline	7
LcOpRedlinePointList	Autodesk.Navisworks.Api.Interop	Autodesk/Navisworks/Api/Interop/__init__.py	4582	4592	Point2DList	5
LcOpRedlineText	Autodesk.Navisworks.Api.Interop	Autodesk/Navisworks/Api/Interop/__init__.py	4593	4605	LcOpRedline	7
LcOpRedlineTool	Autodesk.Navisworks.Api.Interop	Autodesk/Navisworks/Api/Interop/__init__.py	4606	4621	NativeHandle	10
LcOpRedlineType	Autodesk.Navisworks.Api.Interop	Autodesk/Navisworks/Api/Interop/__init__.py	4622	4626		0
LcOpRegistry	Autodesk.Navisworks.Api.Interop	Autodesk/Navisworks/Api/Interop/__init__.py	4627	4646	NativeHandle	9
LcOpRenderHandler	Autodesk.Navisworks.Api.Interop	Autodesk/Navisworks/Api/Interop/__init__.py	4647	4656	NativeHandle	4
LcOpRenderHandlerNotify	Autodesk.Navisworks.Api.Interop	Autodesk/Navisworks/Api/Interop/__init__.py	4657	4669	LcOpRenderHandler	7
LcOpRenderSetting	Autodesk.Navisworks.Api.Interop	Autodesk/Navisworks/Api/Interop/__init__.py	4670	4691	NativeHandle	16
LcOpRenderSettingElement	Autodesk.Navisworks.Api.Interop	Autodesk/Navisworks/Api/Interop/__init__.py	4692	4715	LcOpElement	12
LcOpRenderSettingLightingMode	Autodesk.Navisworks.Api.Interop	Autodesk/Navisworks/Api/Interop/__init__.py	4716	4720		0
LcOpRenderSettingNumericPrecision	Autodesk.Navisworks.Api.Interop	Autodesk/Navisworks/Api/Interop/__init__.py	4721	4725		0
LcOpRenderSettingRenderCondition	Autodesk.Navisworks.Api.Interop	Autodesk/Navisworks/Api/Interop/__init__.py	4726	4730		0
LcOpRenderSettingRenderQuality	Autodesk.Navisworks.Api.Interop	Autodesk/Navisworks/Api/Interop/__init__.py	4731	4735		0
LcOpRulePlugin	Autodesk.Navisworks.Api.Interop	Autodesk/Navisworks/Api/Interop/__init__.py	4736	4746	LcOpPlugin	5
LcOpSaveFileEvent	Autodesk.Navisworks.Api.Interop	Autodesk/Navisworks/Api/Interop/__init__.py	4747	4761	LcOpKernelFileEvent	9
LcOpSaveFileEventSaveFileEventPhase	Autodesk.Navisworks.Api.Interop	Autodesk/Navisworks/Api/Interop/__init__.py	4762	4766		0
LcOpSaveSceneEvent	Autodesk.Navisworks.Api.Interop	Autodesk/Navisworks/Api/Interop/__init__.py	4767	4777	LcOpKernelFileEvent	5
LcOpSaveSceneEventPhase	Autodesk.Navisworks.Api.Interop	Autodesk/Navisworks/Api/Interop/__init__.py	4778	4782		0
LcOpSavedItem	Autodesk.Navisworks.Api.Interop	Autodesk/Navisworks/Api/Interop/__init__.py	4783	4798		6
LcOpSavedItemCollection	Autodesk.Navisworks.Api.Interop	Autodesk/Navisworks/Api/Interop/__init__.py	4799	4804		1
LcOpSavedItemCommentImage	Autodesk.Navisworks.Api.Interop	Autodesk/Navisworks/Api/Interop/__init__.py	4805	4809		0
LcOpSavedItemGuiState	Autodesk.Navisworks.Api.Interop	Autodesk/Navisworks/Api/Interop/__init__.py	4810	4814		0
LcOpSavedItemGuidSet	Autodesk.Navisworks.Api.Interop	Autodesk/Navisworks/Api/Interop/__init__.py	4815	4830	NativeHandle	10
LcOpSavedItemGuidSetFlags	Autodesk.Navisworks.Api.Interop	Autodesk/Navisworks/Api/Interop/__init__.py	4831	4835		0
LcOpSavedItemMergeFlags	Autodesk.Navisworks.Api.Interop	Autodesk/Navisworks/Api/Interop/__init__.py	4836	4840		0
LcOpSavedItemTypes	Autodesk.Navisworks.Api.Interop	Autodesk/Navisworks/Api/Interop/__init__.py	4841	4850	NativeHandle	4
LcOpSavedItemTypesType	Autodesk.Navisworks.Api.Interop	Autodesk/Navisworks/Api/Interop/__init__.py	4851	4855		0
LcOpSavedItemsDelta	Autodesk.Navisworks.Api.Interop	Autodesk/Navisworks/Api/Interop/__init__.py	4856	4872	LcOpDelta	11
LcOpSavedItemsDeltaType	Autodesk.Navisworks.Api.Interop	Autodesk/Navisworks/Api/Interop/__init__.py	4873	4877		0
LcOpSavedItemsElement	Autodesk.Navisworks.Api.Interop	Autodesk/Navisworks/Api/Interop/__init__.py	4878	4899	LcOpDeltaElement	12
LcOpSavedItemsElementStatus	Autodesk.Navisworks.Api.Interop	Autodesk/Navisworks/Api/Interop/__init__.py	4900	4904		0
LcOpSavedViewAnimation	Autodesk.Navisworks.Api.Interop	Autodesk/Navisworks/Api/Interop/__init__.py	4905	4917	LcOpViewAnimation	7
LcOpSavedViewAnimationController	Autodesk.Navisworks.Api.Interop	Autodesk/Navisworks/Api/Interop/__init__.py	4918	4930	LcOpAnimationController	7
LcOpSavedViewKeyFrame	Autodesk.Navisworks.Api.Interop	Autodesk/Navisworks/Api/Interop/__init__.py	4931	4940	LcOpKeyFrame	4
LcOpSavedViewsElement	Autodesk.Navisworks.Api.Interop	Autodesk/Navisworks/Api/Interop/__init__.py	4941	4981	LcOpSavedItemsElement	20
LcOpSceneConstants	Autodesk.Navisworks.Api.Interop	Autodesk/Navisworks/Api/Interop/__init__.py	4982	4991	NativeHandle	4
LcOpSceneLoadedEvent	Autodesk.Navisworks.Api.Interop	Autodesk/Navisworks/Api/Interop/__init__.py	4992	5002	LcOpStateEvent	5
LcOpSceneRef	Autodesk.Navisworks.Api.Interop	Autodesk/Navisworks/Api/Interop/__init__.py	5003	5012	NativeHandle	4
LcOpSectionAnimation	Autodesk.Navisworks.Api.Interop	Autodesk/Navisworks/Api/Interop/__init__.py	5013	5024	LcOpViewAnimation	6
LcOpSectionKeyFrame	Autodesk.Navisworks.Api.Interop	Autodesk/Navisworks/Api/Interop/__init__.py	5025	5034	LcOpKeyFrame	4
LcOpSectionPlaneRotateGizmo	Autodesk.Navisworks.Api.Interop	Autodesk/Navisworks/Api/Interop/__init__.py	5035	5044	LcOpBaseRotateGizmo	4
LcOpSectionPlaneScaleGizmo	Autodesk.Navisworks.Api.Interop	Autodesk/Navisworks/Api/Interop/__init__.py	5045	5054	LcOpBaseScaleGizmo	4
LcOpSectionPlaneTranslateGizmo	Autodesk.Navisworks.Api.Interop	Autodesk/Navisworks/Api/Interop/__init__.py	5055	5064	LcOpBaseTranslateGizmo	4
LcOpSecurity	Autodesk.Navisworks.Api.Interop	Autodesk/Navisworks/Api/Interop/__init__.py	5065	5106	NativeHandle	20
LcOpSecurityFixedUI	Autodesk.Navisworks.Api.Interop	Autodesk/Navisworks/Api/Interop/__init__.py	5107	5124	NativeHandle	12
LcOpSecurityProvider	Autodesk.Navisworks.Api.Interop	Autodesk/Navisworks/Api/Interop/__init__.py	5125	5134	NativeHandle	4
LcOpSecurityStatus	Autodesk.Navisworks.Api.Interop	Autodesk/Navisworks/Api/Interop/__init__.py	5135	5139		0
LcOpSecurityTemporalUI	Autodesk.Navisworks.Api.Interop	Autodesk/Navisworks/Api/Interop/__init__.py	5140	5160	NativeHandle	15
LcOpSecurityTemporalUIColor	Autodesk.Navisworks.Api.Interop	Autodesk/Navisworks/Api/Interop/__init__.py	5161	5174	NativeHandle	8
LcOpSecurityTemporalUIElementColors	Autodesk.Navisworks.Api.Interop	Autodesk/Navisworks/Api/Interop/__init__.py	5175	5187	NativeHandle	7
LcOpSecurityUIMenuItem	Autodesk.Navisworks.Api.Interop	Autodesk/Navisworks/Api/Interop/__init__.py	5188	5200	NativeHandle	7
LcOpSecurityUIStyle	Autodesk.Navisworks.Api.Interop	Autodesk/Navisworks/Api/Interop/__init__.py	5201	5216	NativeHandle	10
LcOpSelectPathIt	Autodesk.Navisworks.Api.Interop	Autodesk/Navisworks/Api/Interop/__init__.py	5217	5233	NativeHandle	11
LcOpSelectProps	Autodesk.Navisworks.Api.Interop	Autodesk/Navisworks/Api/Interop/__init__.py	5234	5247	NativeHandle	6
LcOpSelectionAnimation	Autodesk.Navisworks.Api.Interop	Autodesk/Navisworks/Api/Interop/__init__.py	5248	5258	LcOpAnimation	5
LcOpSelectionElement	Autodesk.Navisworks.Api.Interop	Autodesk/Navisworks/Api/Interop/__init__.py	5259	5287	LcOpElement	16
LcOpSelectionKeyFrame	Autodesk.Navisworks.Api.Interop	Autodesk/Navisworks/Api/Interop/__init__.py	5288	5319	LcOpKeyFrame	26
LcOpSelectionKeyFrameData	Autodesk.Navisworks.Api.Interop	Autodesk/Navisworks/Api/Interop/__init__.py	5320	5329	NativeHandle	4
LcOpSelectionKeyFrameParts	Autodesk.Navisworks.Api.Interop	Autodesk/Navisworks/Api/Interop/__init__.py	5330	5334		0
LcOpSelectionSetsElement	Autodesk.Navisworks.Api.Interop	Autodesk/Navisworks/Api/Interop/__init__.py	5335	5376	LcOpSavedItemsElement	21
LcOpSelectionTreeInterface	Autodesk.Navisworks.Api.Interop	Autodesk/Navisworks/Api/Interop/__init__.py	5377	5386	LcOpStateWatcher	4
LcOpSelectionTreeInterfaceIcon	Autodesk.Navisworks.Api.Interop	Autodesk/Navisworks/Api/Interop/__init__.py	5387	5391		0
LcOpShadFragMaterialElement	Autodesk.Navisworks.Api.Interop	Autodesk/Navisworks/Api/Interop/__init__.py	5392	5453	LcOpElement	30
LcOpShadFragTransformElement	Autodesk.Navisworks.Api.Interop	Autodesk/Navisworks/Api/Interop/__init__.py	5454	5499	LcOpElement	22
LcOpShadFragTransformSnapshot	Autodesk.Navisworks.Api.Interop	Autodesk/Navisworks/Api/Interop/__init__.py	5500	5510	NativeHandle	5
LcOpShadNodeAttribsElement	Autodesk.Navisworks.Api.Interop	Autodesk/Navisworks/Api/Interop/__init__.py	5511	5522	LcOpDeltaElement	5
LcOpSimpleProgress	Autodesk.Navisworks.Api.Interop	Autodesk/Navisworks/Api/Interop/__init__.py	5523	5550	Progress	22
LcOpSimulationEvent	Autodesk.Navisworks.Api.Interop	Autodesk/Navisworks/Api/Interop/__init__.py	5551	5560	NativeHandle	4
LcOpSimulationSource	Autodesk.Navisworks.Api.Interop	Autodesk/Navisworks/Api/Interop/__init__.py	5561	5576	NativeHandle	10
LcOpSimulationSourceDisplay	Autodesk.Navisworks.Api.Interop	Autodesk/Navisworks/Api/Interop/__init__.py	5577	5581		0
LcOpSimulationSourceGUINotify	Autodesk.Navisworks.Api.Interop	Autodesk/Navisworks/Api/Interop/__init__.py	5582	5594	NativeHandle	7
LcOpSimulationSourceNotify	Autodesk.Navisworks.Api.Interop	Autodesk/Navisworks/Api/Interop/__init__.py	5595	5605	NativeHandle	5
LcOpSmartTags	Autodesk.Navisworks.Api.Interop	Autodesk/Navisworks/Api/Interop/__init__.py	5606	5623	NativeHandle	8
LcOpState	Autodesk.Navisworks.Api.Interop	Autodesk/Navisworks/Api/Interop/__init__.py	5624	5655	NativeHandle	24
LcOpStateAccess	Autodesk.Navisworks.Api.Interop	Autodesk/Navisworks/Api/Interop/__init__.py	5656	5660		0
LcOpStateEvent	Autodesk.Navisworks.Api.Interop	Autodesk/Navisworks/Api/Interop/__init__.py	5661	5671	NativeHandle	5
LcOpStatePart	Autodesk.Navisworks.Api.Interop	Autodesk/Navisworks/Api/Interop/__init__.py	5672	5676		0
LcOpStateProgressEnd	Autodesk.Navisworks.Api.Interop	Autodesk/Navisworks/Api/Interop/__init__.py	5677	5681		0
LcOpStateWatcher	Autodesk.Navisworks.Api.Interop	Autodesk/Navisworks/Api/Interop/__init__.py	5682	5697	NativeHandle	10
LcOpStdSelectionTreeInterface	Autodesk.Navisworks.Api.Interop	Autodesk/Navisworks/Api/Interop/__init__.py	5698	5711	LcOpSelectionTreeInterface	6
LcOpSwigFileProtocol	Autodesk.Navisworks.Api.Interop	Autodesk/Navisworks/Api/Interop/__init__.py	5712	5741	LcUFileProtocol	23
LcOpSwigFileResolveCB	Autodesk.Navisworks.Api.Interop	Autodesk/Navisworks/Api/Interop/__init__.py	5742	5763	NativeHandle	16
LcOpSwigKernelProgress	Autodesk.Navisworks.Api.Interop	Autodesk/Navisworks/Api/Interop/__init__.py	5764	5783	LcOpKernelProgress	14
LcOpSwigProgress	Autodesk.Navisworks.Api.Interop	Autodesk/Navisworks/Api/Interop/__init__.py	5784	5804	Progress	15
LcOpSwigSimulationSourceNotify	Autodesk.Navisworks.Api.Interop	Autodesk/Navisworks/Api/Interop/__init__.py	5805	5815	LcOpSimulationSourceNotify	5
LcOpSwigStateWatcher	Autodesk.Navisworks.Api.Interop	Autodesk/Navisworks/Api/Interop/__init__.py	5816	5829	LcOpStateWatcher	8
LcOpSwigTargetHandler	Autodesk.Navisworks.Api.Interop	Autodesk/Navisworks/Api/Interop/__init__.py	5830	5847	LcOpTargetHandler	12
LcOpTargetHandler	Autodesk.Navisworks.Api.Interop	Autodesk/Navisworks/Api/Interop/__init__.py	5848	5865	NativeHandle	12
LcOpTextureSpace	Autodesk.Navisworks.Api.Interop	Autodesk/Navisworks/Api/Interop/__init__.py	5866	5893	NativeHandle	17
LcOpTextureSpaceAxisDirection	Autodesk.Navisworks.Api.Interop	Autodesk/Navisworks/Api/Interop/__init__.py	5894	5898		0
LcOpTextureSpaceBox	Autodesk.Navisworks.Api.Interop	Autodesk/Navisworks/Api/Interop/__init__.py	5899	5912	LcOpTextureSpace	8
LcOpTextureSpaceCylinder	Autodesk.Navisworks.Api.Interop	Autodesk/Navisworks/Api/Interop/__init__.py	5913	5930	LcOpTextureSpace	12
LcOpTextureSpaceElement	Autodesk.Navisworks.Api.Interop	Autodesk/Navisworks/Api/Interop/__init__.py	5931	5964	LcOpPathDictElement	16
LcOpTextureSpaceExplicit	Autodesk.Navisworks.Api.Interop	Autodesk/Navisworks/Api/Interop/__init__.py	5965	5974	LcOpTextureSpace	4
LcOpTextureSpacePlane	Autodesk.Navisworks.Api.Interop	Autodesk/Navisworks/Api/Interop/__init__.py	5975	5986	LcOpTextureSpace	6
LcOpTextureSpaceSphere	Autodesk.Navisworks.Api.Interop	Autodesk/Navisworks/Api/Interop/__init__.py	5987	5996	LcOpTextureSpace	4
LcOpTextureSpaceTextureSpaceMapping	Autodesk.Navisworks.Api.Interop	Autodesk/Navisworks/Api/Interop/__init__.py	5997	6001		0
LcOpTextureSpaceUVDirectionEachFace	Autodesk.Navisworks.Api.Interop	Autodesk/Navisworks/Api/Interop/__init__.py	6002	6006		0
LcOpToneMapping	Autodesk.Navisworks.Api.Interop	Autodesk/Navisworks/Api/Interop/__init__.py	6007	6030	NativeHandle	18
LcOpToneMappingElement	Autodesk.Navisworks.Api.Interop	Autodesk/Navisworks/Api/Interop/__init__.py	6031	6054	LcOpElement	12
LcOpTransform3fR	Autodesk.Navisworks.Api.Interop	Autodesk/Navisworks/Api/Interop/__init__.py	6055	6064	NativeHandle	4
LcOpUnLoadingFileEvent	Autodesk.Navisworks.Api.Interop	Autodesk/Navisworks/Api/Interop/__init__.py	6065	6074	LcOpStateEvent	4
LcOpUndoRedoAutoLock	Autodesk.Navisworks.Api.Interop	Autodesk/Navisworks/Api/Interop/__init__.py	6075	6084	NativeHandle	4
LcOpUpdateFilesEvent	Autodesk.Navisworks.Api.Interop	Autodesk/Navisworks/Api/Interop/__init__.py	6085	6096	LcOpStateEvent	6
LcOpUpdateFilesEventPhase	Autodesk.Navisworks.Api.Interop	Autodesk/Navisworks/Api/Interop/__init__.py	6097	6101		0
LcOpUserPropertyEvent	Autodesk.Navisworks.Api.Interop	Autodesk/Navisworks/Api/Interop/__init__.py	6102	6111	LcOpStateEvent	4
LcOpViewAnimation	Autodesk.Navisworks.Api.Interop	Autodesk/Navisworks/Api/Interop/__init__.py	6112	6121	LcOpAnimation	4
LcOpViewAnimationRefPtr	Autodesk.Navisworks.Api.Interop	Autodesk/Navisworks/Api/Interop/__init__.py	6122	6131	NativeHandle	4
LcOpViewWatcher	Autodesk.Navisworks.Api.Interop	Autodesk/Navisworks/Api/Interop/__init__.py	6132	6141	LcOpStateEvent	4
LcOpViewerEvent	Autodesk.Navisworks.Api.Interop	Autodesk/Navisworks/Api/Interop/__init__.py	6142	6151	LcOpStateEvent	4
LcOpWatcherAutoWrite	Autodesk.Navisworks.Api.Interop	Autodesk/Navisworks/Api/Interop/__init__.py	6152	6162	NativeHandle	5
LcOwApiCB	Autodesk.Navisworks.Api.Interop	Autodesk/Navisworks/Api/Interop/__init__.py	6163	6175	NativeHandle	7
LcOwApplication	Autodesk.Navisworks.Api.Interop	Autodesk/Navisworks/Api/Interop/__init__.py	6176	6201	LcOpAppUI	15
LcOwBitmapRegistry	Autodesk.Navisworks.Api.Interop	Autodesk/Navisworks/Api/Interop/__init__.py	6202	6215	NativeHandle	6
LcOwDIB	Autodesk.Navisworks.Api.Interop	Autodesk/Navisworks/Api/Interop/__init__.py	6216	6228	NativeHandle	7
LcOwDIBViewer	Autodesk.Navisworks.Api.Interop	Autodesk/Navisworks/Api/Interop/__init__.py	6229	6242	LcOpKernelExViewer	6
LcOwDIBViewerObserver	Autodesk.Navisworks.Api.Interop	Autodesk/Navisworks/Api/Interop/__init__.py	6243	6254	NativeHandle	6
LcOwDocument	Autodesk.Navisworks.Api.Interop	Autodesk/Navisworks/Api/Interop/__init__.py	6255	6276	LcOmWin32KernelEx	14
LcOwDocumentPtrVec	Autodesk.Navisworks.Api.Interop	Autodesk/Navisworks/Api/Interop/__init__.py	6277	6286	LcOwDocumentPtrVecBase	4
LcOwDocumentPtrVecBase	Autodesk.Navisworks.Api.Interop	Autodesk/Navisworks/Api/Interop/__init__.py	6287	6305	NativeHandle	13
LcOwNetApiInputHandler	Autodesk.Navisworks.Api.Interop	Autodesk/Navisworks/Api/Interop/__init__.py	6306	6333	NativeHandle	22
LcOwNetApiInputHandlerHandlerType	Autodesk.Navisworks.Api.Interop	Autodesk/Navisworks/Api/Interop/__init__.py	6334	6338		0
LcOwRendererManager	Autodesk.Navisworks.Api.Interop	Autodesk/Navisworks/Api/Interop/__init__.py	6339	6360	NativeHandle	10
LcOwThumbnailGenerator	Autodesk.Navisworks.Api.Interop	Autodesk/Navisworks/Api/Interop/__init__.py	6361	6374	NativeHandle	8
LcOwUserInterfaceOptions	Autodesk.Navisworks.Api.Interop	Autodesk/Navisworks/Api/Interop/__init__.py	6375	6414	NativeHandle	19
LcOwViewer	Autodesk.Navisworks.Api.Interop	Autodesk/Navisworks/Api/Interop/__init__.py	6415	6433	LcOmViewer	13
LcOwViewerPtrVec	Autodesk.Navisworks.Api.Interop	Autodesk/Navisworks/Api/Interop/__init__.py	6434	6443	LcOwViewerPtrVecBase	4
LcOwViewerPtrVecBase	Autodesk.Navisworks.Api.Interop	Autodesk/Navisworks/Api/Interop/__init__.py	6444	6462	NativeHandle	13
LcOwWebServices	Autodesk.Navisworks.Api.Interop	Autodesk/Navisworks/Api/Interop/__init__.py	6463	6480	NativeHandle	8
LcRmAutoCAM	Autodesk.Navisworks.Api.Interop	Autodesk/Navisworks/Api/Interop/__init__.py	6481	6614	NativeHandle	66
LcRmAutoCAMNavBarPosition	Autodesk.Navisworks.Api.Interop	Autodesk/Navisworks/Api/Interop/__init__.py	6615	6619		0
LcRmAutoCAMNavBarToolGroup	Autodesk.Navisworks.Api.Interop	Autodesk/Navisworks/Api/Interop/__init__.py	6620	6624		0
LcRmFrameworkInterface	Autodesk.Navisworks.Api.Interop	Autodesk/Navisworks/Api/Interop/__init__.py	6625	6653	NativeHandle	16
LcRmPluginInfo	Autodesk.Navisworks.Api.Interop	Autodesk/Navisworks/Api/Interop/__init__.py	6654	6679	NativeHandle	20
LcRmPluginInfoVector	Autodesk.Navisworks.Api.Interop	Autodesk/Navisworks/Api/Interop/__init__.py	6680	6702	NativeHandle	17
LcUAutoCIPAction	Autodesk.Navisworks.Api.Interop	Autodesk/Navisworks/Api/Interop/__init__.py	6703	6713	NativeHandle	5
LcUAutoCIPPlugin	Autodesk.Navisworks.Api.Interop	Autodesk/Navisworks/Api/Interop/__init__.py	6714	6724	NativeHandle	5
LcUCIP	Autodesk.Navisworks.Api.Interop	Autodesk/Navisworks/Api/Interop/__init__.py	6725	6782	NativeHandle	28
LcUCIPExecutionContext	Autodesk.Navisworks.Api.Interop	Autodesk/Navisworks/Api/Interop/__init__.py	6783	6787		0
LcUComponent	Autodesk.Navisworks.Api.Interop	Autodesk/Navisworks/Api/Interop/__init__.py	6788	6804	NativeHandle	11
LcUConstWCharPtrVector	Autodesk.Navisworks.Api.Interop	Autodesk/Navisworks/Api/Interop/__init__.py	6805	6820	NativeHandle	10
LcUCsvReader	Autodesk.Navisworks.Api.Interop	Autodesk/Navisworks/Api/Interop/__init__.py	6821	6834	NativeHandle	8
LcUCsvReaderEEncoding	Autodesk.Navisworks.Api.Interop	Autodesk/Navisworks/Api/Interop/__init__.py	6835	6839		0
LcUCsvReaderEResult	Autodesk.Navisworks.Api.Interop	Autodesk/Navisworks/Api/Interop/__init__.py	6840	6844		0
LcUCsvWriter	Autodesk.Navisworks.Api.Interop	Autodesk/Navisworks/Api/Interop/__init__.py	6845	6858	NativeHandle	8
LcUCsvWriterEEncoding	Autodesk.Navisworks.Api.Interop	Autodesk/Navisworks/Api/Interop/__init__.py	6859	6863		0
LcUError	Autodesk.Navisworks.Api.Interop	Autodesk/Navisworks/Api/Interop/__init__.py	6864	6891	LcUSysError	13
LcUErrorLogAbility	Autodesk.Navisworks.Api.Interop	Autodesk/Navisworks/Api/Interop/__init__.py	6892	6896		0
LcUExOptionSet	Autodesk.Navisworks.Api.Interop	Autodesk/Navisworks/Api/Interop/__init__.py	6897	6922	LcUOptionSet	20
LcUFileProtocol	Autodesk.Navisworks.Api.Interop	Autodesk/Navisworks/Api/Interop/__init__.py	6923	6932	NativeHandle	4
LcUFileProtocolRegistry	Autodesk.Navisworks.Api.Interop	Autodesk/Navisworks/Api/Interop/__init__.py	6933	6948	NativeHandle	8
LcUFileURL	Autodesk.Navisworks.Api.Interop	Autodesk/Navisworks/Api/Interop/__init__.py	6949	6966	NativeHandle	8
LcUFileURLURLType	Autodesk.Navisworks.Api.Interop	Autodesk/Navisworks/Api/Interop/__init__.py	6967	6971		0
LcUGuidMarshalTest	Autodesk.Navisworks.Api.Interop	Autodesk/Navisworks/Api/Interop/__init__.py	6972	6985	NativeHandle	6
LcUInt32Vector	Autodesk.Navisworks.Api.Interop	Autodesk/Navisworks/Api/Interop/__init__.py	6986	6999	LcUInt32VectorBase	8
LcUInt32VectorBase	Autodesk.Navisworks.Api.Interop	Autodesk/Navisworks/Api/Interop/__init__.py	7000	7015	NativeHandle	10
LcUMessageCenter	Autodesk.Navisworks.Api.Interop	Autodesk/Navisworks/Api/Interop/__init__.py	7016	7031	NativeHandle	7
LcUMessageCenterHandler	Autodesk.Navisworks.Api.Interop	Autodesk/Navisworks/Api/Interop/__init__.py	7032	7042	NativeHandle	5
LcUNWFileVersion	Autodesk.Navisworks.Api.Interop	Autodesk/Navisworks/Api/Interop/__init__.py	7043	7052	NativeHandle	4
LcUNWFileVersionFileVersion	Autodesk.Navisworks.Api.Interop	Autodesk/Navisworks/Api/Interop/__init__.py	7053	7057		0
LcUNameRefPtr	Autodesk.Navisworks.Api.Interop	Autodesk/Navisworks/Api/Interop/__init__.py	7058	7068	NativeHandle	5
LcUNameRefPtrVector	Autodesk.Navisworks.Api.Interop	Autodesk/Navisworks/Api/Interop/__init__.py	7069	7080	NativeHandle	6
LcUNameStandardNameEnum	Autodesk.Navisworks.Api.Interop	Autodesk/Navisworks/Api/Interop/__init__.py	7081	7085		0
LcUOptCompositeValidator	Autodesk.Navisworks.Api.Interop	Autodesk/Navisworks/Api/Interop/__init__.py	7086	7099	LcUOptionValidator	8
LcUOptFloatRangeValidator	Autodesk.Navisworks.Api.Interop	Autodesk/Navisworks/Api/Interop/__init__.py	7100	7111	LcUOptionValidator	6
LcUOptInt32MinValidator	Autodesk.Navisworks.Api.Interop	Autodesk/Navisworks/Api/Interop/__init__.py	7112	7123	LcUOptionValidator	6
LcUOptInt32RangeValidator	Autodesk.Navisworks.Api.Interop	Autodesk/Navisworks/Api/Interop/__init__.py	7124	7135	LcUOptionValidator	6
LcUOptNonemptyStringValidator	Autodesk.Navisworks.Api.Interop	Autodesk/Navisworks/Api/Interop/__init__.py	7136	7146	LcUOptionValidator	5
LcUOptSwigValidator	Autodesk.Navisworks.Api.Interop	Autodesk/Navisworks/Api/Interop/__init__.py	7147	7159	LcUOptionValidator	7
LcUOptValueEnabler	Autodesk.Navisworks.Api.Interop	Autodesk/Navisworks/Api/Interop/__init__.py	7160	7170	LcUOptionValidator	5
LcUOption	Autodesk.Navisworks.Api.Interop	Autodesk/Navisworks/Api/Interop/__init__.py	7171	7294	NativeHandle	61
LcUOptionData	Autodesk.Navisworks.Api.Interop	Autodesk/Navisworks/Api/Interop/__init__.py	7295	7320	NativeHandle	20
LcUOptionLock	Autodesk.Navisworks.Api.Interop	Autodesk/Navisworks/Api/Interop/__init__.py	7321	7330	NativeHandle	4
LcUOptionSet	Autodesk.Navisworks.Api.Interop	Autodesk/Navisworks/Api/Interop/__init__.py	7331	7408	NativeHandle	71
LcUOptionSetCopyFlag	Autodesk.Navisworks.Api.Interop	Autodesk/Navisworks/Api/Interop/__init__.py	7409	7413		0
LcUOptionSetFlag	Autodesk.Navisworks.Api.Interop	Autodesk/Navisworks/Api/Interop/__init__.py	7414	7418		0
LcUOptionSetMergeFlag	Autodesk.Navisworks.Api.Interop	Autodesk/Navisworks/Api/Interop/__init__.py	7419	7423		0
LcUOptionSetMergeStatus	Autodesk.Navisworks.Api.Interop	Autodesk/Navisworks/Api/Interop/__init__.py	7424	7428		0
LcUOptionSetMyFlag	Autodesk.Navisworks.Api.Interop	Autodesk/Navisworks/Api/Interop/__init__.py	7429	7433		0
LcUOptionSetMyFlagMasks	Autodesk.Navisworks.Api.Interop	Autodesk/Navisworks/Api/Interop/__init__.py	7434	7438		0
LcUOptionSetProfile	Autodesk.Navisworks.Api.Interop	Autodesk/Navisworks/Api/Interop/__init__.py	7439	7443		0
LcUOptionSetReadFlag	Autodesk.Navisworks.Api.Interop	Autodesk/Navisworks/Api/Interop/__init__.py	7444	7448		0
LcUOptionSetUserFlag	Autodesk.Navisworks.Api.Interop	Autodesk/Navisworks/Api/Interop/__init__.py	7449	7453		0
LcUOptionSetWriteFlag	Autodesk.Navisworks.Api.Interop	Autodesk/Navisworks/Api/Interop/__init__.py	7454	7458		0
LcUOptionValidator	Autodesk.Navisworks.Api.Interop	Autodesk/Navisworks/Api/Interop/__init__.py	7459	7471	NativeHandle	7
LcUPage	Autodesk.Navisworks.Api.Interop	Autodesk/Navisworks/Api/Interop/__init__.py	7472	7497	NativeHandle	12
LcURegistry	Autodesk.Navisworks.Api.Interop	Autodesk/Navisworks/Api/Interop/__init__.py	7498	7537	NativeHandle	19
LcURegistryMode	Autodesk.Navisworks.Api.Interop	Autodesk/Navisworks/Api/Interop/__init__.py	7538	7542		0
LcURegistryOptionSet	Autodesk.Navisworks.Api.Interop	Autodesk/Navisworks/Api/Interop/__init__.py	7543	7554	LcUOptionSet	5
LcUResource	Autodesk.Navisworks.Api.Interop	Autodesk/Navisworks/Api/Interop/__init__.py	7555	7616	NativeHandle	30
LcUResourceFindFlag	Autodesk.Navisworks.Api.Interop	Autodesk/Navisworks/Api/Interop/__init__.py	7617	7621		0
LcUResourceLocaleInfoType	Autodesk.Navisworks.Api.Interop	Autodesk/Navisworks/Api/Interop/__init__.py	7622	7626		0
LcUResourceSearchDir	Autodesk.Navisworks.Api.Interop	Autodesk/Navisworks/Api/Interop/__init__.py	7627	7631		0
LcUResourceSectionHandle	Autodesk.Navisworks.Api.Interop	Autodesk/Navisworks/Api/Interop/__init__.py	7632	7646	NativeHandle	9
LcUSQLite	Autodesk.Navisworks.Api.Interop	Autodesk/Navisworks/Api/Interop/__init__.py	7647	7656	NativeHandle	4
LcUSQLiteChangeQuery	Autodesk.Navisworks.Api.Interop	Autodesk/Navisworks/Api/Interop/__init__.py	7657	7671	NativeHandle	9
LcUSQLiteConnection	Autodesk.Navisworks.Api.Interop	Autodesk/Navisworks/Api/Interop/__init__.py	7672	7690	NativeHandle	13
LcUSQLiteConnectionOpenMode	Autodesk.Navisworks.Api.Interop	Autodesk/Navisworks/Api/Interop/__init__.py	7691	7695		0
LcUSQLiteDataType	Autodesk.Navisworks.Api.Interop	Autodesk/Navisworks/Api/Interop/__init__.py	7696	7700		0
LcUSQLiteStatement	Autodesk.Navisworks.Api.Interop	Autodesk/Navisworks/Api/Interop/__init__.py	7701	7745	NativeHandle	39
LcUSQLiteStatus	Autodesk.Navisworks.Api.Interop	Autodesk/Navisworks/Api/Interop/__init__.py	7746	7750		0
LcUSchemaUnitGroup	Autodesk.Navisworks.Api.Interop	Autodesk/Navisworks/Api/Interop/__init__.py	7751	7760	NativeHandle	4
LcUScopedLog	Autodesk.Navisworks.Api.Interop	Autodesk/Navisworks/Api/Interop/__init__.py	7761	7770	NativeHandle	4
LcUSession	Autodesk.Navisworks.Api.Interop	Autodesk/Navisworks/Api/Interop/__init__.py	7771	7804	NativeHandle	16
LcUString	Autodesk.Navisworks.Api.Interop	Autodesk/Navisworks/Api/Interop/__init__.py	7805	7820	NativeHandle	7
LcUStringBufferFormat	Autodesk.Navisworks.Api.Interop	Autodesk/Navisworks/Api/Interop/__init__.py	7821	7834	NativeHandle	6
LcUSwigOptionSet	Autodesk.Navisworks.Api.Interop	Autodesk/Navisworks/Api/Interop/__init__.py	7835	7866	LcUOptionSet	26
LcUSysError	Autodesk.Navisworks.Api.Interop	Autodesk/Navisworks/Api/Interop/__init__.py	7867	7896	NativeHandle	14
LcUSysErrorExitCode	Autodesk.Navisworks.Api.Interop	Autodesk/Navisworks/Api/Interop/__init__.py	7897	7901		0
LcUSysErrorSeverity	Autodesk.Navisworks.Api.Interop	Autodesk/Navisworks/Api/Interop/__init__.py	7902	7906		0
LcUSysErrorTraceflag	Autodesk.Navisworks.Api.Interop	Autodesk/Navisworks/Api/Interop/__init__.py	7907	7911		0
LdapStyleUriParser	System	System/__init__.py	28792	28800	UriParser	0
Leader	Autodesk.AutoCAD.DatabaseServices	Autodesk/AutoCAD/DatabaseServices/__init__.py	10708	10822	Curve	111
Leader	Autodesk.Revit.DB	Autodesk/Revit/DB/__init__.py	11041	11050	APIObject	6
LeaderArray	Autodesk.Revit.DB	Autodesk/Revit/DB/__init__.py	11051	11064	APIObject	10
LeaderArrayIterator	Autodesk.Revit.DB	Autodesk/Revit/DB/__init__.py	11065	11072	APIObject	4
LeaderAtachement	Autodesk.Revit.DB	Autodesk/Revit/DB/__init__.py	11073	11077		0
LeaderAttachmentBehaviorType	Autodesk.Civil	Autodesk/Civil/__init__.py	763	767		0
LeaderAttachmentType	Autodesk.Civil	Autodesk/Civil/__init__.py	768	772		0
LeaderDirectionType	Autodesk.AutoCAD.DatabaseServices	Autodesk/AutoCAD/DatabaseServices/__init__.py	10823	10827		0
LeaderEndCondition	Autodesk.Revit.DB	Autodesk/Revit/DB/__init__.py	11078	11082		0
LeaderShape	Autodesk.Revit.DB	Autodesk/Revit/DB/__init__.py	11083	11087		0
LeaderShapeType	Autodesk.Civil	Autodesk/Civil/__init__.py	773	777		0
LeaderStartCondition	Autodesk.Revit.DB	Autodesk/Revit/DB/__init__.py	11088	11092		0
LeaderTailVisibilityType	Autodesk.Civil	Autodesk/Civil/__init__.py	778	782		0
LeaderType	Autodesk.AutoCAD.DatabaseServices	Autodesk/AutoCAD/DatabaseServices/__init__.py	10828	10832		0
LeaderVisibilityType	Autodesk.Civil	Autodesk/Civil/__init__.py	783	787		0
LeadersPresentationMode	Autodesk.Revit.DB	Autodesk/Revit/DB/__init__.py	11093	11097		0
LeftRightAlignment	System.Windows.Forms	System/Windows/Forms/__init__.py	142864	142909	Enum, IComparable, IFormattable, IConvertible	0
LegacyDrawingUnitMode	Autodesk.Aec.ApplicationServices	Autodesk/Aec/ApplicationServices.py	215	219		0
LegacyManager	Autodesk.Navisworks.Api.Interop.Plugins	Autodesk/Navisworks/Api/Interop/Plugins.py	3	9		2
LegacyPlugin	Autodesk.Navisworks.Api.Interop.Plugins	Autodesk/Navisworks/Api/Interop/Plugins.py	10	16		3
LegendTable	Autodesk.Civil.DatabaseServices	Autodesk/Civil/DatabaseServices/__init__.py	9982	10096	Table	111
Level	Autodesk.Revit.DB	Autodesk/Revit/DB/__init__.py	11098	11136	DatumPlane	33
LevelAssociationData	Autodesk.Revit.DB	Autodesk/Revit/DB/__init__.py	11137	11147		6
LevelType	Autodesk.Revit.DB	Autodesk/Revit/DB/__init__.py	11148	11182	LineAndTextAttrSymbol	31
Light	Autodesk.AutoCAD.DatabaseServices	Autodesk/AutoCAD/DatabaseServices/__init__.py	10833	10939	Entity	103
LightAndMaterialAccuracyMode	Autodesk.Revit.DB	Autodesk/Revit/DB/__init__.py	11183	11187		0
LightAttenuation	Autodesk.AutoCAD.GraphicsInterface	Autodesk/AutoCAD/GraphicsInterface.py	637	650	RXObject	10
LightDimmingColor	Autodesk.Revit.DB.Lighting	Autodesk/Revit/DB/Lighting.py	92	96		0
LightDistribution	Autodesk.Revit.DB.Lighting	Autodesk/Revit/DB/Lighting.py	97	103		3
LightDistributionStyle	Autodesk.Revit.DB.Lighting	Autodesk/Revit/DB/Lighting.py	104	108		0
LightEngine	Autodesk.AutoCAD.Windows.Data	Autodesk/AutoCAD/Windows/Data/__init__.py	933	946		10
LightFamily	Autodesk.Revit.DB.Lighting	Autodesk/Revit/DB/Lighting.py	109	124		11
LightGroup	Autodesk.Revit.DB.Lighting	Autodesk/Revit/DB/Lighting.py	125	135		7
LightGroupManager	Autodesk.Revit.DB.Lighting	Autodesk/Revit/DB/Lighting.py	136	152		12
LightNode	Autodesk.Revit.DB	Autodesk/Revit/DB/__init__.py	11188	11193	ContentNode	2
LightShape	Autodesk.Revit.DB.Lighting	Autodesk/Revit/DB/Lighting.py	153	159		3
LightShapeStyle	Autodesk.Revit.DB.Lighting	Autodesk/Revit/DB/Lighting.py	160	164		0
LightTraits	Autodesk.AutoCAD.GraphicsInterface	Autodesk/AutoCAD/GraphicsInterface.py	651	678	NonEntityTraits	24
LightType	Autodesk.Revit.DB.Lighting	Autodesk/Revit/DB/Lighting.py	165	186		16
LightUtil	Autodesk.AutoCAD.Internal	Autodesk/AutoCAD/Internal/__init__.py	1612	1623		4
LightingDevice	Autodesk.Revit.DB.Electrical	Autodesk/Revit/DB/Electrical.py	1438	1444	MEPModel	3
LightingFixture	Autodesk.Revit.DB.Electrical	Autodesk/Revit/DB/Electrical.py	1445	1451	MEPModel	3
LightingSource	Autodesk.Revit.DB	Autodesk/Revit/DB/__init__.py	11194	11198		0
LightingUnits	Autodesk.AutoCAD.DatabaseServices	Autodesk/AutoCAD/DatabaseServices/__init__.py	10940	10944		0
Line	Autodesk.AutoCAD.DatabaseServices	Autodesk/AutoCAD/DatabaseServices/__init__.py	10945	11032	Curve	84
Line	Autodesk.Revit.DB	Autodesk/Revit/DB/__init__.py	11199	11220	Curve	16
Line2d	Autodesk.AutoCAD.Geometry	Autodesk/AutoCAD/Geometry.py	958	975	LinearEntity2d	13
Line2dCollection	Autodesk.AutoCAD.Geometry	Autodesk/AutoCAD/Geometry.py	976	990		11
Line3d	Autodesk.AutoCAD.Geometry	Autodesk/AutoCAD/Geometry.py	991	1008	LinearEntity3d	13
LineAndTextAttrSymbol	Autodesk.Revit.DB	Autodesk/Revit/DB/__init__.py	11221	11255	ElementType	31
LineAngularDimension2	Autodesk.AutoCAD.DatabaseServices	Autodesk/AutoCAD/DatabaseServices/__init__.py	11033	11231	Dimension	195
LineCap	System.Drawing.Drawing2D	System/Drawing/Drawing2D.py	3613	3667	Enum, IComparable, IFormattable, IConvertible	0
LineJoin	System.Drawing.Drawing2D	System/Drawing/Drawing2D.py	3668	3715	Enum, IComparable, IFormattable, IConvertible	0
LineLightShape	Autodesk.Revit.DB.Lighting	Autodesk/Revit/DB/Lighting.py	187	192	LightShape	2
LineLoad	Autodesk.Revit.DB.Structure	Autodesk/Revit/DB/Structure/__init__.py	1415	1473	LoadBase	52
LineLoadType	Autodesk.Revit.DB.Structure	Autodesk/Revit/DB/Structure/__init__.py	1474	1508	LoadTypeBase	31
LinePattern	Autodesk.AutoCAD.GraphicsSystem	Autodesk/AutoCAD/GraphicsSystem.py	209	213		0
LinePattern	Autodesk.Revit.DB	Autodesk/Revit/DB/__init__.py	11256	11264		5
LinePatternElement	Autodesk.Revit.DB	Autodesk/Revit/DB/__init__.py	11265	11304	Element	32
LinePatternSegment	Autodesk.Revit.DB	Autodesk/Revit/DB/__init__.py	11305	11312		4
LinePatternSegmentType	Autodesk.Revit.DB	Autodesk/Revit/DB/__init__.py	11313	11317		0
LineProperties	Autodesk.Revit.DB	Autodesk/Revit/DB/__init__.py	11318	11327		6
LineScaling	Autodesk.Revit.DB	Autodesk/Revit/DB/__init__.py	11328	11332		0
LineSegment	Autodesk.Revit.DB	Autodesk/Revit/DB/__init__.py	11333	11343		7
LineSegment2d	Autodesk.AutoCAD.Geometry	Autodesk/AutoCAD/Geometry.py	1009	1031	LinearEntity2d	18
LineSegment3d	Autodesk.AutoCAD.Geometry	Autodesk/AutoCAD/Geometry.py	1032	1053	LinearEntity3d	17
LineSpacingMultiplesCommand	Autodesk.AutoCAD.Windows.Data	Autodesk/AutoCAD/Windows/Data/__init__.py	947	951	IPECommandBase	1
LineSpacingStyle	Autodesk.AutoCAD.DatabaseServices	Autodesk/AutoCAD/DatabaseServices/__init__.py	11232	11236		0
LineSpacingTypes	Autodesk.AutoCAD.Windows.Data	Autodesk/AutoCAD/Windows/Data/__init__.py	952	956		0
LineSpacingTypesEnumConverter	Autodesk.AutoCAD.Windows.Data	Autodesk/AutoCAD/Windows/Data/__init__.py	957	963	EnumConverter	3
LineWeight	Autodesk.AutoCAD.DatabaseServices	Autodesk/AutoCAD/DatabaseServices/__init__.py	11237	11241		0
LineWeight	Autodesk.AutoCAD.GraphicsSystem	Autodesk/AutoCAD/GraphicsSystem.py	214	218		0
LineWeightCollection	Autodesk.AutoCAD.Windows.Data	Autodesk/AutoCAD/Windows/Data/__init__.py	964	971	EnumItemCollection	4
LineWeightConverter	Autodesk.AutoCAD.DatabaseServices	Autodesk/AutoCAD/DatabaseServices/__init__.py	11242	11248	TypeConverter	3
LineWeightDialog	Autodesk.AutoCAD.Windows	Autodesk/AutoCAD/Windows/__init__.py	139	146		4
LineWeightPicker	Autodesk.AutoCAD.Internal	Autodesk/AutoCAD/Internal/__init__.py	1624	1704	ComboBoxWrapper	77
LineWorkComponent	Autodesk.Aec.DatabaseServices	Autodesk/Aec/DatabaseServices.py	5552	5562	ImpObject	7
LineWorkComponentCollection	Autodesk.Aec.DatabaseServices	Autodesk/Aec/DatabaseServices.py	5563	5577		11
LineWorkRule	Autodesk.Aec.DatabaseServices	Autodesk/Aec/DatabaseServices.py	5578	5589	ImpObject	8
LineWorkRuleCollection	Autodesk.Aec.DatabaseServices	Autodesk/Aec/DatabaseServices.py	5590	5604		11
LineWorkType	Autodesk.Aec.DatabaseServices	Autodesk/Aec/DatabaseServices.py	5605	5609		0
LinearArray	Autodesk.Revit.DB	Autodesk/Revit/DB/__init__.py	11344	11391	BaseArray	38
LinearDimension	Autodesk.Revit.DB	Autodesk/Revit/DB/__init__.py	11392	11447	Dimension	51
LinearEntity2d	Autodesk.AutoCAD.Geometry	Autodesk/AutoCAD/Geometry.py	1054	1077	Curve2d	19
LinearEntity3d	Autodesk.AutoCAD.Geometry	Autodesk/AutoCAD/Geometry.py	1078	1103	Curve3d	21
LinearGradientBrush	System.Drawing.Drawing2D	System/Drawing/Drawing2D.py	3127	3564	Brush, ICloneable, IDisposable	0
LinearGradientMode	System.Drawing.Drawing2D	System/Drawing/Drawing2D.py	3565	3612	Enum, IComparable, IFormattable, IConvertible	0
LinearTransitionDescription	Autodesk.Civil.DatabaseServices	Autodesk/Civil/DatabaseServices/__init__.py	10097	10105	TransitionDescriptionBase	5
LinearUnit	Autodesk.Aec.DatabaseServices	Autodesk/Aec/DatabaseServices.py	5610	5614		0
LinearUnitType	Autodesk.Civil	Autodesk/Civil/__init__.py	788	792		0
Linetype	Autodesk.AutoCAD.GraphicsInterface	Autodesk/AutoCAD/GraphicsInterface.py	679	683		0
LinetypeCollection	Autodesk.AutoCAD.GraphicsInterface	Autodesk/AutoCAD/GraphicsInterface.py	684	701	DisposableWrapper	14
LinetypeDialog	Autodesk.AutoCAD.Windows	Autodesk/AutoCAD/Windows/__init__.py	147	154		4
LinetypeTable	Autodesk.AutoCAD.DatabaseServices	Autodesk/AutoCAD/DatabaseServices/__init__.py	11249	11294	SymbolTable	42
LinetypeTableRecord	Autodesk.AutoCAD.DatabaseServices	Autodesk/AutoCAD/DatabaseServices/__init__.py	11295	11364	SymbolTableRecord	66
Link	Autodesk.Civil.DatabaseServices	Autodesk/Civil/DatabaseServices/__init__.py	10106	10113	CivilWrapper<AeccDbEntity>	4
LinkArea	System.Windows.Forms	System/Windows/Forms/__init__.py	142910	143004	object	0
LinkBehavior	System.Windows.Forms	System/Windows/Forms/__init__.py	143005	143052	Enum, IComparable, IFormattable, IConvertible	0
LinkClickedEventArgs	System.Windows.Forms	System/Windows/Forms/__init__.py	143053	143078	EventArgs	0
LinkClickedEventHandler	System.Windows.Forms	System/Windows/Forms/__init__.py	143079	143183	MulticastDelegate, ICloneable, ISerializable	0
LinkCollection	Autodesk.Civil.DatabaseServices	Autodesk/Civil/DatabaseServices/__init__.py	10114	10123	CivilWrapper<AeccDbEntity>	6
LinkConversionData	Autodesk.Revit.DB	Autodesk/Revit/DB/__init__.py	11448	11456		5
LinkConverter	System.Windows.Forms	System/Windows/Forms/__init__.py	143184	143308	TypeConverter	0
LinkCreationType	Autodesk.Civil	Autodesk/Civil/__init__.py	793	797		0
LinkElementId	Autodesk.Revit.DB	Autodesk/Revit/DB/__init__.py	11457	11464		4
LinkLabel	System.Windows.Forms	System/Windows/Forms/__init__.py	143309	145633	Label, IComponent, IDisposable, IOleControl, IOleObject, IOleInPlaceObject, IOleInPlaceActiveObject, IOleWindow, IViewObject, IViewObject2, IPersist, IPersistStreamInit, IPersistPropertyBag, IPersistStorage, IQuickActivate, ISupportOleDropSource, IDropTarget, ISynchronizeInvoke, IWin32Window, IArrangedElement, IBindableComponent, IButtonControl	0
LinkLabelLinkClickedEventArgs	System.Windows.Forms	System/Windows/Forms/__init__.py	145634	145676	EventArgs	0
LinkLabelLinkClickedEventHandler	System.Windows.Forms	System/Windows/Forms/__init__.py	145677	145781	MulticastDelegate, ICloneable, ISerializable	0
LinkLoadContent	Autodesk.Revit.DB	Autodesk/Revit/DB/__init__.py	11465	11474	ExternalResourceLoadContent	6
LinkLoadResult	Autodesk.Revit.DB	Autodesk/Revit/DB/__init__.py	11475	11493		14
LinkLoadResultType	Autodesk.Revit.DB	Autodesk/Revit/DB/__init__.py	11494	11498		0
LinkNode	Autodesk.Revit.DB	Autodesk/Revit/DB/__init__.py	11499	11506	GroupNode	4
LinkOperations	Autodesk.Revit.DB	Autodesk/Revit/DB/__init__.py	11507	11513		3
LinkOriginFileType	Autodesk.Revit.DB	Autodesk/Revit/DB/__init__.py	11514	11518		0
LinkState	System.Windows.Forms	System/Windows/Forms/__init__.py	145782	145829	Enum, IComparable, IFormattable, IConvertible	0
LinkStyle	Autodesk.Civil.DatabaseServices.Styles	Autodesk/Civil/DatabaseServices/Styles.py	2671	2731	SubassemblySubentityStyle	57
LinkStyleCollection	Autodesk.Civil.DatabaseServices.Styles	Autodesk/Civil/DatabaseServices/Styles.py	2732	2742	StyleCollectionBase	7
LinkVisibility	Autodesk.Revit.DB	Autodesk/Revit/DB/__init__.py	11519	11523		0
LinkedData	Autodesk.AutoCAD.DatabaseServices	Autodesk/AutoCAD/DatabaseServices/__init__.py	11365	11411	DBObject	43
LinkedFileStatus	Autodesk.Revit.DB	Autodesk/Revit/DB/__init__.py	11524	11528		0
LinkedList	System.Collections.Generic	System/Collections/Generic.py	1249	1657	object, ICollection[T], IEnumerable[T], IEnumerable, ICollection, IReadOnlyCollection[T], ISerializable, IDeserializationCallback	0
LinkedListNode	System.Collections.Generic	System/Collections/Generic.py	1658	1712	object	0
LinkedResourceOpenedEventArgs	Autodesk.Revit.DB.Events	Autodesk/Revit/DB/Events.py	332	342	RevitAPIPostDocEventArgs	7
LinkedResourceOpeningEventArgs	Autodesk.Revit.DB.Events	Autodesk/Revit/DB/Events.py	343	350	RevitAPIPreEventArgs	4
LinkedTableData	Autodesk.AutoCAD.DatabaseServices	Autodesk/AutoCAD/DatabaseServices/__init__.py	11412	11495	LinkedData	80
LispDataType	Autodesk.AutoCAD.Runtime	Autodesk/AutoCAD/Runtime.py	332	336		0
LispFunctionAttribute	Autodesk.AutoCAD.Runtime	Autodesk/AutoCAD/Runtime.py	337	345	Attribute	5
LispWillStartEventArgs	Autodesk.AutoCAD.ApplicationServices	Autodesk/AutoCAD/ApplicationServices/__init__.py	657	661	EventArgs	1
LispWillStartEventHandler	Autodesk.AutoCAD.ApplicationServices	Autodesk/AutoCAD/ApplicationServices/__init__.py	662	670		5
List	System.Collections.Generic	System/Collections/Generic.py	1713	2640	object, IList[T], ICollection[T], IEnumerable[T], IEnumerable, IList, ICollection, IReadOnlyList[T], IReadOnlyCollection[T]	0
ListBindingConverter	System.Windows.Forms	System/Windows/Forms/__init__.py	145830	145902	TypeConverter	0
ListBindingHelper	System.Windows.Forms	System/Windows/Forms/__init__.py	145903	146098	object	0
ListBox	System.Windows.Forms	System/Windows/Forms/__init__.py	29629	32581	ListControl, IComponent, IDisposable, IOleControl, IOleObject, IOleInPlaceObject, IOleInPlaceActiveObject, IOleWindow, IViewObject, IViewObject2, IPersist, IPersistStreamInit, IPersistPropertyBag, IPersistStorage, IQuickActivate, ISupportOleDropSource, IDropTarget, ISynchronizeInvoke, IWin32Window, IArrangedElement, IBindableComponent	0
ListControl	System.Windows.Forms	System/Windows/Forms/__init__.py	27193	29628	Control, IComponent, IDisposable, IOleControl, IOleObject, IOleInPlaceObject, IOleInPlaceActiveObject, IOleWindow, IViewObject, IViewObject2, IPersist, IPersistStreamInit, IPersistPropertyBag, IPersistStorage, IQuickActivate, ISupportOleDropSource, IDropTarget, ISynchronizeInvoke, IWin32Window, IArrangedElement, IBindableComponent	0
ListControlConvertEventArgs	System.Windows.Forms	System/Windows/Forms/__init__.py	146099	146124	ConvertEventArgs	0
ListControlConvertEventHandler	System.Windows.Forms	System/Windows/Forms/__init__.py	146125	146229	MulticastDelegate, ICloneable, ISerializable	0
ListDefinition	Autodesk.Aec.DatabaseServices	Autodesk/Aec/DatabaseServices.py	5615	5681	ClassificationDefinition	63
ListDictionary	System.Collections.Specialized	System/Collections/Specialized.py	639	885	object, IDictionary, ICollection, IEnumerable	0
ListEnumerator	Autodesk.Navisworks.Internal.ApiImplementation	Autodesk/Navisworks/Internal/ApiImplementation/__init__.py	206	214		5
ListFlags	Autodesk.Aec.Modeler	Autodesk/Aec/Modeler.py	398	402		0
ListItem	Autodesk.Aec.DatabaseServices	Autodesk/Aec/DatabaseServices.py	5682	5742	Classification	57
ListType	Autodesk.Revit.DB	Autodesk/Revit/DB/__init__.py	11529	11533		0
ListView	System.Windows.Forms	System/Windows/Forms/__init__.py	146230	149506	Control, IComponent, IDisposable, IOleControl, IOleObject, IOleInPlaceObject, IOleInPlaceActiveObject, IOleWindow, IViewObject, IViewObject2, IPersist, IPersistStreamInit, IPersistPropertyBag, IPersistStorage, IQuickActivate, ISupportOleDropSource, IDropTarget, ISynchronizeInvoke, IWin32Window, IArrangedElement, IBindableComponent	0
ListViewAlignment	System.Windows.Forms	System/Windows/Forms/__init__.py	149507	149554	Enum, IComparable, IFormattable, IConvertible	0
ListViewGroup	System.Windows.Forms	System/Windows/Forms/__init__.py	149555	149679	object, ISerializable	0
ListViewGroupCollection	System.Windows.Forms	System/Windows/Forms/__init__.py	149680	149912	object, IList, ICollection, IEnumerable	0
ListViewHitTestInfo	System.Windows.Forms	System/Windows/Forms/__init__.py	149913	149964	object	0
ListViewHitTestLocations	System.Windows.Forms	System/Windows/Forms/__init__.py	149965	150016	Enum, IComparable, IFormattable, IConvertible	0
ListViewInsertionMark	System.Windows.Forms	System/Windows/Forms/__init__.py	150017	150088	object	0
ListViewItem	System.Windows.Forms	System/Windows/Forms/__init__.py	150089	150634	object, ICloneable, ISerializable	0
ListViewItemConverter	System.Windows.Forms	System/Windows/Forms/__init__.py	150635	150693	ExpandableObjectConverter	0
ListViewItemMouseHoverEventArgs	System.Windows.Forms	System/Windows/Forms/__init__.py	150694	150723	EventArgs	0
ListViewItemMouseHoverEventHandler	System.Windows.Forms	System/Windows/Forms/__init__.py	150724	150828	MulticastDelegate, ICloneable, ISerializable	0
ListViewItemSelectionChangedEventArgs	System.Windows.Forms	System/Windows/Forms/__init__.py	150829	150880	EventArgs	0
ListViewItemSelectionChangedEventHandler	System.Windows.Forms	System/Windows/Forms/__init__.py	150881	150985	MulticastDelegate, ICloneable, ISerializable	0
ListViewItemStates	System.Windows.Forms	System/Windows/Forms/__init__.py	150986	151038	Enum, IComparable, IFormattable, IConvertible	0
ListViewVirtualItemsSelectionRangeChangedEventArgs	System.Windows.Forms	System/Windows/Forms/__init__.py	151039	151086	EventArgs	0
ListViewVirtualItemsSelectionRangeChangedEventHandler	System.Windows.Forms	System/Windows/Forms/__init__.py	151087	151191	MulticastDelegate, ICloneable, ISerializable	0
Listener	Autodesk.Aec.DatabaseServices	Autodesk/Aec/DatabaseServices.py	5743	5757	DisposableWrapper	11
LivePreview	Autodesk.AutoCAD.EditorInput	Autodesk/AutoCAD/EditorInput.py	458	473	DisposableWrapper	10
LivePreviewAction	Autodesk.AutoCAD.EditorInput	Autodesk/AutoCAD/EditorInput.py	474	478	LivePreviewActionBase	1
LivePreviewActionBase	Autodesk.AutoCAD.EditorInput	Autodesk/AutoCAD/EditorInput.py	479	484		2
LivePreviewCallback	Autodesk.AutoCAD.EditorInput	Autodesk/AutoCAD/EditorInput.py	485	493		5
LivePreviewCommand	Autodesk.AutoCAD.EditorInput	Autodesk/AutoCAD/EditorInput.py	494	498	LivePreviewActionBase	1
LivePreviewContextCallback	Autodesk.AutoCAD.EditorInput	Autodesk/AutoCAD/EditorInput.py	499	507		5
LivePreviewContextParameter	Autodesk.AutoCAD.EditorInput	Autodesk/AutoCAD/EditorInput.py	508	514		3
LivePreviewContextProxy	Autodesk.AutoCAD.EditorInput	Autodesk/AutoCAD/EditorInput.py	515	519		1
LivePreviewContextType	Autodesk.AutoCAD.EditorInput	Autodesk/AutoCAD/EditorInput.py	520	524		0
LivePreviewDelegate	Autodesk.AutoCAD.EditorInput	Autodesk/AutoCAD/EditorInput.py	525	530	LivePreviewActionBase	2
LivePreviewEventArgs	Autodesk.AutoCAD.EditorInput	Autodesk/AutoCAD/EditorInput.py	531	539	EventArgs	5
LivePreviewPropertySetting	Autodesk.AutoCAD.EditorInput	Autodesk/AutoCAD/EditorInput.py	540	544	LivePreviewActionBase	1
LivePreviewUtil	Autodesk.AutoCAD.Internal	Autodesk/AutoCAD/Internal/__init__.py	1705	1713		3
LoadBase	Autodesk.Revit.DB.Structure	Autodesk/Revit/DB/Structure/__init__.py	1509	1554	Element	41
LoadCase	Autodesk.Revit.DB.Structure	Autodesk/Revit/DB/Structure/__init__.py	1555	1594	Element	34
LoadCaseCategory	Autodesk.Revit.DB.Structure	Autodesk/Revit/DB/Structure/__init__.py	1595	1599		0
LoadClassification	Autodesk.Revit.DB.Electrical	Autodesk/Revit/DB/Electrical.py	1452	1456		0
LoadClassificationType	Autodesk.Revit.DB.Electrical	Autodesk/Revit/DB/Electrical.py	1457	1461		0
LoadCombination	Autodesk.Revit.DB.Structure	Autodesk/Revit/DB/Structure/__init__.py	1600	1640	Element	36
LoadCombinationState	Autodesk.Revit.DB.Structure	Autodesk/Revit/DB/Structure/__init__.py	1641	1645		0
LoadCombinationType	Autodesk.Revit.DB.Structure	Autodesk/Revit/DB/Structure/__init__.py	1646	1650		0
LoadComponent	Autodesk.Revit.DB.Structure	Autodesk/Revit/DB/Structure/__init__.py	1651	1658		4
LoadNature	Autodesk.Revit.DB.Structure	Autodesk/Revit/DB/Structure/__init__.py	1659	1691	Element	28
LoadOperationType	Autodesk.Revit.DB	Autodesk/Revit/DB/__init__.py	11534	11538		0
LoadOrientTo	Autodesk.Revit.DB.Structure	Autodesk/Revit/DB/Structure/__init__.py	1692	1696		0
LoadRibbonEventHandler	Autodesk.AutoCAD.Internal.Reactors	Autodesk/AutoCAD/Internal/Reactors.py	138	146		5
LoadType	Autodesk.Revit.DB.Structure	Autodesk/Revit/DB/Structure/__init__.py	1697	1701		0
LoadTypeBase	Autodesk.Revit.DB.Structure	Autodesk/Revit/DB/Structure/__init__.py	1702	1736	ElementType	31
LoadUsage	Autodesk.Revit.DB.Structure	Autodesk/Revit/DB/Structure/__init__.py	1737	1769	Element	28
LoadedFamilyIntegrityCheck	Autodesk.Revit.DB	Autodesk/Revit/DB/__init__.py	11539	11548		3
LoaderOptimization	System	System/__init__.py	28801	28850	Enum, IComparable, IFormattable, IConvertible	0
LoaderOptimizationAttribute	System	System/__init__.py	28851	28886	Attribute, _Attribute	0
LocalCoordinateType	Autodesk.Civil.Settings	Autodesk/Civil/Settings.py	103	107		0
LocalDataStoreSlot	System	System/__init__.py	28887	28889	object	0
LocalServerUsage	Autodesk.AutoCAD.Internal	Autodesk/AutoCAD/Internal/__init__.py	1714	1718		0
Location	Autodesk.Revit.DB	Autodesk/Revit/DB/__init__.py	11549	11555	APIObject	3
LocationCurve	Autodesk.Revit.DB	Autodesk/Revit/DB/__init__.py	11556	11563	Location	4
LocationPoint	Autodesk.Revit.DB	Autodesk/Revit/DB/__init__.py	11564	11570	Location	3
LoftOptions	Autodesk.AutoCAD.DatabaseServices	Autodesk/AutoCAD/DatabaseServices/__init__.py	11496	11519	DisposableWrapper	20
LoftOptionsBuilder	Autodesk.AutoCAD.DatabaseServices	Autodesk/AutoCAD/DatabaseServices/__init__.py	11520	11537		14
LoftOptionsCheckCurvesOut	Autodesk.AutoCAD.DatabaseServices	Autodesk/AutoCAD/DatabaseServices/__init__.py	11538	11544		3
LoftOptionsNormalOption	Autodesk.AutoCAD.DatabaseServices	Autodesk/AutoCAD/DatabaseServices/__init__.py	11545	11549		0
LoftProfile	Autodesk.AutoCAD.DatabaseServices	Autodesk/AutoCAD/DatabaseServices/__init__.py	11550	11568	Profile3d	15
LoftedSurface	Autodesk.AutoCAD.DatabaseServices	Autodesk/AutoCAD/DatabaseServices/__init__.py	11569	11672	Surface	100
LogicalAndFilter	Autodesk.Revit.DB	Autodesk/Revit/DB/__init__.py	11571	11576	ElementLogicalFilter	2
LogicalOrFilter	Autodesk.Revit.DB	Autodesk/Revit/DB/__init__.py	11577	11582	ElementLogicalFilter	2
LongTransaction	Autodesk.AutoCAD.DatabaseServices	Autodesk/AutoCAD/DatabaseServices/__init__.py	11673	11728	DBObject	52
LongTransactionEventArgs	Autodesk.AutoCAD.ApplicationServices	Autodesk/AutoCAD/ApplicationServices/__init__.py	671	675	EventArgs	1
LongTransactionEventHandler	Autodesk.AutoCAD.ApplicationServices	Autodesk/AutoCAD/ApplicationServices/__init__.py	676	684		5
LongTransactionManager	Autodesk.AutoCAD.ApplicationServices	Autodesk/AutoCAD/ApplicationServices/__init__.py	685	697	RXObject	9
LongTransactionType	Autodesk.AutoCAD.DatabaseServices	Autodesk/AutoCAD/DatabaseServices/__init__.py	11729	11733		0
LookupColumnDescriptor	Autodesk.AutoCAD.Internal.DatabaseServices	Autodesk/AutoCAD/Internal/DatabaseServices.py	821	834	RXObject	10
LookupColumnDescriptorCollection	Autodesk.AutoCAD.Internal.DatabaseServices	Autodesk/AutoCAD/Internal/DatabaseServices.py	835	853	DisposableWrapper	15
LossFactor	Autodesk.Revit.DB.Lighting	Autodesk/Revit/DB/Lighting.py	193	200		4
LowSideShoulderMethodType	Autodesk.Civil	Autodesk/Civil/__init__.py	798	802		0
LowercaseCommand	Autodesk.AutoCAD.Windows.Data	Autodesk/AutoCAD/Windows/Data/__init__.py	972	976	IPECommandBase	1
LuminanceMode	Autodesk.AutoCAD.GraphicsInterface	Autodesk/AutoCAD/GraphicsInterface.py	702	706		0
MEPAnalyticalConnection	Autodesk.Revit.DB	Autodesk/Revit/DB/__init__.py	11583	11627	MEPCurve	38
MEPAnalyticalConnectionType	Autodesk.Revit.DB	Autodesk/Revit/DB/__init__.py	11628	11669	ElementType	35
MEPAnalyticalModelData	Autodesk.Revit.DB.Analysis	Autodesk/Revit/DB/Analysis.py	1286	1302		12
MEPAnalyticalNode	Autodesk.Revit.DB.Analysis	Autodesk/Revit/DB/Analysis.py	1303	1313		7
MEPAnalyticalSegment	Autodesk.Revit.DB.Analysis	Autodesk/Revit/DB/Analysis.py	1314	1345		27
MEPAnalyticalSegmentType	Autodesk.Revit.DB.Analysis	Autodesk/Revit/DB/Analysis.py	1346	1350		0
MEPAnalyticalSystem	Autodesk.Revit.DB.Mechanical	Autodesk/Revit/DB/Mechanical.py	652	687	Element	31
MEPBuildingConstruction	Autodesk.Revit.DB.Mechanical	Autodesk/Revit/DB/Mechanical.py	688	727	ElementType	36
MEPBuildingConstructionSet	Autodesk.Revit.DB.Mechanical	Autodesk/Revit/DB/Mechanical.py	728	741	APIObject	10
MEPBuildingConstructionSetIterator	Autodesk.Revit.DB.Mechanical	Autodesk/Revit/DB/Mechanical.py	742	749	APIObject	4
MEPCalculationServerInfo	Autodesk.Revit.DB	Autodesk/Revit/DB/__init__.py	11670	11681		7
MEPConnectorInfo	Autodesk.Revit.DB	Autodesk/Revit/DB/__init__.py	11682	11690		5
MEPCurve	Autodesk.Revit.DB	Autodesk/Revit/DB/__init__.py	11691	11728	HostObject	34
MEPCurveType	Autodesk.Revit.DB	Autodesk/Revit/DB/__init__.py	11729	11774	HostObjAttributes	42
MEPFamilyConnectorInfo	Autodesk.Revit.DB	Autodesk/Revit/DB/__init__.py	11775	11784	MEPConnectorInfo	6
MEPHiddenLineSettings	Autodesk.Revit.DB.Mechanical	Autodesk/Revit/DB/Mechanical.py	750	787	Element	33
MEPModel	Autodesk.Revit.DB	Autodesk/Revit/DB/__init__.py	11785	11793	APIObject	5
MEPNetworkIterator	Autodesk.Revit.DB.Analysis	Autodesk/Revit/DB/Analysis.py	1351	1366		12
MEPNetworkSegmentData	Autodesk.Revit.DB.Analysis	Autodesk/Revit/DB/Analysis.py	1367	1386		16
MEPNetworkSegmentId	Autodesk.Revit.DB.Analysis	Autodesk/Revit/DB/Analysis.py	1387	1395		5
MEPSection	Autodesk.Revit.DB.Mechanical	Autodesk/Revit/DB/Mechanical.py	788	810		19
MEPSize	Autodesk.Revit.DB	Autodesk/Revit/DB/__init__.py	11794	11804		7
MEPSpaceConstruction	Autodesk.Revit.DB.Mechanical	Autodesk/Revit/DB/Mechanical.py	811	819		5
MEPSupportUtils	Autodesk.Revit.DB	Autodesk/Revit/DB/__init__.py	11805	11810		1
MEPSystem	Autodesk.Revit.DB	Autodesk/Revit/DB/__init__.py	11811	11861	Element	47
MEPSystemClassification	Autodesk.Revit.DB	Autodesk/Revit/DB/__init__.py	11862	11866		0
MEPSystemType	Autodesk.Revit.DB	Autodesk/Revit/DB/__init__.py	11867	11911	ElementType	41
MInsertBlock	Autodesk.AutoCAD.DatabaseServices	Autodesk/AutoCAD/DatabaseServices/__init__.py	11734	11827	BlockReference	90
MLeader	Autodesk.AutoCAD.DatabaseServices	Autodesk/AutoCAD/DatabaseServices/__init__.py	11828	11986	Entity	155
MLeaderStyle	Autodesk.AutoCAD.DatabaseServices	Autodesk/AutoCAD/DatabaseServices/__init__.py	11987	12071	DBObject	81
MLibDownloadUtils	Autodesk.AutoCAD.Internal	Autodesk/AutoCAD/Internal/__init__.py	1719	1750		14
MTAThreadAttribute	System	System/__init__.py	30741	30753	Attribute, _Attribute	0
MText	Autodesk.AutoCAD.DatabaseServices	Autodesk/AutoCAD/DatabaseServices/__init__.py	12072	12209	Entity	134
MTextFragment	Autodesk.AutoCAD.DatabaseServices	Autodesk/AutoCAD/DatabaseServices/__init__.py	12210	12239	DisposableWrapper	26
MTextFragmentCallback	Autodesk.AutoCAD.DatabaseServices	Autodesk/AutoCAD/DatabaseServices/__init__.py	12240	12248		5
MTextFragmentCallbackStatus	Autodesk.AutoCAD.DatabaseServices	Autodesk/AutoCAD/DatabaseServices/__init__.py	12249	12253		0
MacroUpdatedEventArgs	Autodesk.Revit.UI.Events	Autodesk/Revit/UI/Events.py	139	144	RevitAPISingleEventArgs	2
MainMenu	System.Windows.Forms	System/Windows/Forms/__init__.py	151192	151445	Menu, IComponent, IDisposable	0
MaintenanceReleaseVersion	Autodesk.AutoCAD.DatabaseServices	Autodesk/AutoCAD/DatabaseServices/__init__.py	12254	12258		0
Manager	Autodesk.AutoCAD.GraphicsSystem	Autodesk/AutoCAD/GraphicsSystem.py	219	251	DisposableWrapper	27
MapChannel	Autodesk.AutoCAD.GraphicsInterface	Autodesk/AutoCAD/GraphicsInterface.py	707	711		0
MapFilter	Autodesk.AutoCAD.GraphicsInterface	Autodesk/AutoCAD/GraphicsInterface.py	712	716		0
MapcheckAngleType	Autodesk.Civil.Settings	Autodesk/Civil/Settings.py	108	112		0
MapcheckCurveDirectionType	Autodesk.Civil.Settings	Autodesk/Civil/Settings.py	113	117		0
MapcheckSideType	Autodesk.Civil.Settings	Autodesk/Civil/Settings.py	118	122		0
MapcheckTraverseMethodType	Autodesk.Civil.Settings	Autodesk/Civil/Settings.py	123	127		0
Mapper	Autodesk.AutoCAD.GraphicsInterface	Autodesk/AutoCAD/GraphicsInterface.py	717	730	RXObject	10
Marble	Autodesk.Revit.DB.Visual	Autodesk/Revit/DB/Visual.py	644	656		9
MarbleTexture	Autodesk.AutoCAD.GraphicsInterface	Autodesk/AutoCAD/GraphicsInterface.py	731	745	ProceduralTexture	11
MarginProperty	System.Windows.Forms.VisualStyles	System/Windows/Forms/VisualStyles.py	1236	1282	Enum, IComparable, IFormattable, IConvertible	0
MarginType	Autodesk.Revit.DB	Autodesk/Revit/DB/__init__.py	11912	11916		0
Margins	System.Drawing.Printing	System/Drawing/Printing.py	119	278	object, ICloneable	0
MarginsConverter	System.Drawing.Printing	System/Drawing/Printing.py	279	425	ExpandableObjectConverter	0
MarkerDisplayType	Autodesk.Civil.DatabaseServices.Styles	Autodesk/Civil/DatabaseServices/Styles.py	2743	2747		0
MarkerOrientationType	Autodesk.Civil.DatabaseServices.Styles	Autodesk/Civil/DatabaseServices/Styles.py	2748	2752		0
MarkerSizeType	Autodesk.Civil.DatabaseServices.Styles	Autodesk/Civil/DatabaseServices/Styles.py	2753	2757		0
MarkerStyle	Autodesk.Civil.DatabaseServices.Styles	Autodesk/Civil/DatabaseServices/Styles.py	2758	2825	MarkerStyleBase	64
MarkerStyleBase	Autodesk.Civil.DatabaseServices.Styles	Autodesk/Civil/DatabaseServices/Styles.py	2826	2890	StyleBase	61
MarkerStyleCollection	Autodesk.Civil.DatabaseServices.Styles	Autodesk/Civil/DatabaseServices/Styles.py	2891	2901	StyleCollectionBase	7
MarshalByRefObject	System	System/__init__.py	1801	1859	object	0
Marshaler	Autodesk.AutoCAD.ApplicationServices	Autodesk/AutoCAD/ApplicationServices/__init__.py	698	705		2
Marshaler	Autodesk.AutoCAD.Runtime	Autodesk/AutoCAD/Runtime.py	346	375		13
MaskBlockDefinition	Autodesk.Aec.DatabaseServices	Autodesk/Aec/DatabaseServices.py	5758	5817	DictionaryRecord	56
MaskBlockReference	Autodesk.Aec.DatabaseServices	Autodesk/Aec/DatabaseServices.py	5818	5930	BlockReference	109
MaskFormat	System.Windows.Forms	System/Windows/Forms/__init__.py	154208	154255	Enum, IComparable, IFormattable, IConvertible	0
MaskInputRejectedEventArgs	System.Windows.Forms	System/Windows/Forms/__init__.py	154256	154292	EventArgs	0
MaskInputRejectedEventHandler	System.Windows.Forms	System/Windows/Forms/__init__.py	154293	154397	MulticastDelegate, ICloneable, ISerializable	0
MaskedTextBox	System.Windows.Forms	System/Windows/Forms/__init__.py	151446	154207	TextBoxBase, IComponent, IDisposable, IOleControl, IOleObject, IOleInPlaceObject, IOleInPlaceActiveObject, IOleWindow, IViewObject, IViewObject2, IPersist, IPersistStreamInit, IPersistPropertyBag, IPersistStorage, IQuickActivate, ISupportOleDropSource, IDropTarget, ISynchronizeInvoke, IWin32Window, IArrangedElement, IBindableComponent	0
MasonryCMU	Autodesk.Revit.DB.Visual	Autodesk/Revit/DB/Visual.py	657	669		9
MasonryCMUApplicationType	Autodesk.Revit.DB.Visual	Autodesk/Revit/DB/Visual.py	670	674		0
MasonryCMUPatternType	Autodesk.Revit.DB.Visual	Autodesk/Revit/DB/Visual.py	675	679		0
MasonryCMUType	Autodesk.Revit.DB.Visual	Autodesk/Revit/DB/Visual.py	680	684		0
MassDisplayTemporaryOverrideType	Autodesk.Revit.DB	Autodesk/Revit/DB/__init__.py	11917	11921		0
MassElement	Autodesk.Aec.DatabaseServices	Autodesk/Aec/DatabaseServices.py	5931	6059	Geo	124
MassElementStyle	Autodesk.Aec.DatabaseServices	Autodesk/Aec/DatabaseServices.py	6060	6118	DictionaryRecord	55
MassGroup	Autodesk.Aec.DatabaseServices	Autodesk/Aec/DatabaseServices.py	6119	6253	Geo	129
MassHaulLine	Autodesk.Civil.DatabaseServices	Autodesk/Civil/DatabaseServices/__init__.py	10124	10238	Entity	111
MassHaulLineDisplayStyleType	Autodesk.Civil	Autodesk/Civil/__init__.py	803	807		0
MassHaulLineHatchDisplayStyleType	Autodesk.Civil	Autodesk/Civil/__init__.py	808	812		0
MassHaulLineStyle	Autodesk.Civil.DatabaseServices.Styles	Autodesk/Civil/DatabaseServices/Styles.py	2902	2957	StyleBase	52
MassHaulLineStyleCollection	Autodesk.Civil.DatabaseServices.Styles	Autodesk/Civil/DatabaseServices/Styles.py	2958	2968	StyleCollectionBase	7
MassHaulView	Autodesk.Civil.DatabaseServices	Autodesk/Civil/DatabaseServices/__init__.py	10239	10355	Graph	113
MassHaulViewDisplayStyleType	Autodesk.Civil	Autodesk/Civil/__init__.py	813	817		0
MassHaulViewStyle	Autodesk.Civil.DatabaseServices.Styles	Autodesk/Civil/DatabaseServices/Styles.py	2969	3029	StyleBase	57
MassHaulViewStyleCollection	Autodesk.Civil.DatabaseServices.Styles	Autodesk/Civil/DatabaseServices/Styles.py	3030	3040	StyleCollectionBase	7
MassInstanceUtils	Autodesk.Revit.DB	Autodesk/Revit/DB/__init__.py	11922	11943		10
MassLevelData	Autodesk.Revit.DB.Analysis	Autodesk/Revit/DB/Analysis.py	1396	1439	Element	39
MatchLine	Autodesk.Civil.DatabaseServices	Autodesk/Civil/DatabaseServices/__init__.py	10356	10480	GeoEntity	121
MatchLineLabelGroup	Autodesk.Civil.DatabaseServices	Autodesk/Civil/DatabaseServices/__init__.py	10481	10624	AutoFeatureLabelGroup	137
MatchLineLabelLocationType	Autodesk.Civil	Autodesk/Civil/__init__.py	818	822		0
MatchLineStyle	Autodesk.Civil.DatabaseServices.Styles	Autodesk/Civil/DatabaseServices/Styles.py	3041	3099	StyleBase	55
MatchLineStyleCollection	Autodesk.Civil.DatabaseServices.Styles	Autodesk/Civil/DatabaseServices/Styles.py	3100	3110	StyleCollectionBase	7
MatchProperties	Autodesk.AutoCAD.DatabaseServices	Autodesk/AutoCAD/DatabaseServices/__init__.py	12259	12266	RXObject	4
MatchingPolicy	Autodesk.AutoCAD.PlottingServices	Autodesk/AutoCAD/PlottingServices.py	184	188		0
Material	Autodesk.AutoCAD.DatabaseServices	Autodesk/AutoCAD/DatabaseServices/__init__.py	12267	12336	DBObject	66
Material	Autodesk.Revit.DB	Autodesk/Revit/DB/__init__.py	11944	12004	Element	53
MaterialAspect	Autodesk.Revit.DB	Autodesk/Revit/DB/__init__.py	12005	12009		0
MaterialColor	Autodesk.AutoCAD.GraphicsInterface	Autodesk/AutoCAD/GraphicsInterface.py	746	757	RXObject	8
MaterialConditionType	Autodesk.Civil.DatabaseServices	Autodesk/Civil/DatabaseServices/__init__.py	10625	10629		0
MaterialDefinition	Autodesk.Aec.DatabaseServices	Autodesk/Aec/DatabaseServices.py	6254	6311	DictionaryRecord	54
MaterialDiffuseComponent	Autodesk.AutoCAD.GraphicsInterface	Autodesk/AutoCAD/GraphicsInterface.py	758	766		5
MaterialFactorType	Autodesk.Civil.DatabaseServices	Autodesk/Civil/DatabaseServices/__init__.py	10630	10634		0
MaterialFunctionAssignment	Autodesk.Revit.DB	Autodesk/Revit/DB/__init__.py	12010	12014		0
MaterialInformation	Autodesk.Aec.DatabaseServices	Autodesk/Aec/DatabaseServices.py	6312	6326	DisplayMaterialInformation	11
MaterialInformationLocation	Autodesk.Aec.DatabaseServices	Autodesk/Aec/DatabaseServices.py	6327	6331		0
MaterialItemType	Autodesk.Civil.DatabaseServices	Autodesk/Civil/DatabaseServices/__init__.py	10635	10639		0
MaterialMap	Autodesk.AutoCAD.GraphicsInterface	Autodesk/AutoCAD/GraphicsInterface.py	767	781	RXObject	11
MaterialNode	Autodesk.Revit.DB	Autodesk/Revit/DB/__init__.py	12015	12029	RenderNode	11
MaterialNormalMapComponent	Autodesk.AutoCAD.GraphicsInterface	Autodesk/AutoCAD/GraphicsInterface.py	782	791		6
MaterialOpacityComponent	Autodesk.AutoCAD.GraphicsInterface	Autodesk/AutoCAD/GraphicsInterface.py	792	800		5
MaterialOverride	Autodesk.Navisworks.Api	Autodesk/Navisworks/Api/__init__.py	1036	1042		3
MaterialPropertyPathType	Autodesk.Revit.DB	Autodesk/Revit/DB/__init__.py	12030	12034		0
MaterialQuantityType	Autodesk.Civil.DatabaseServices	Autodesk/Civil/DatabaseServices/__init__.py	10640	10644		0
MaterialRefractionComponent	Autodesk.AutoCAD.GraphicsInterface	Autodesk/AutoCAD/GraphicsInterface.py	801	809		5
MaterialSection	Autodesk.Civil.DatabaseServices	Autodesk/Civil/DatabaseServices/__init__.py	10645	10774	Section	126
MaterialSectionSource	Autodesk.Civil.DatabaseServices	Autodesk/Civil/DatabaseServices/__init__.py	10775	10784		6
MaterialSectionSourceCollection	Autodesk.Civil.DatabaseServices	Autodesk/Civil/DatabaseServices/__init__.py	10785	10792		4
MaterialSpecularComponent	Autodesk.AutoCAD.GraphicsInterface	Autodesk/AutoCAD/GraphicsInterface.py	810	819		6
MaterialTexture	Autodesk.AutoCAD.GraphicsInterface	Autodesk/AutoCAD/GraphicsInterface.py	820	826	RXObject	3
MaterialTraits	Autodesk.AutoCAD.GraphicsInterface	Autodesk/AutoCAD/GraphicsInterface.py	827	876	NonEntityTraits	46
MaterialUtility	Autodesk.Aec.DatabaseServices	Autodesk/Aec/DatabaseServices.py	6332	6339		2
MaterialVolumeCalculationMethodType	Autodesk.Civil.DatabaseServices	Autodesk/Civil/DatabaseServices/__init__.py	10793	10797		0
Math	System	System/__init__.py	28890	30184	object	0
MathComparisonUtils	Autodesk.Revit.DB	Autodesk/Revit/DB/__init__.py	12035	12050		6
Matrix	System.Drawing.Drawing2D	System/Drawing/Drawing2D.py	3716	4230	MarshalByRefObject, IDisposable	0
Matrix2d	Autodesk.AutoCAD.Geometry	Autodesk/AutoCAD/Geometry.py	1104	1136		24
Matrix2dBuilder	Autodesk.AutoCAD.Geometry	Autodesk/AutoCAD/Geometry.py	1137	1142		2
Matrix2dInfo	Autodesk.AutoCAD.Geometry	Autodesk/AutoCAD/Geometry.py	1143	1154		8
Matrix3	Autodesk.Navisworks.Api	Autodesk/Navisworks/Api/__init__.py	1043	1059	NativeHandle	11
Matrix3d	Autodesk.AutoCAD.Geometry	Autodesk/AutoCAD/Geometry.py	1155	1194		28
Matrix3dBuilder	Autodesk.AutoCAD.Geometry	Autodesk/AutoCAD/Geometry.py	1195	1200		2
MatrixOrder	System.Drawing.Drawing2D	System/Drawing/Drawing2D.py	4231	4276	Enum, IComparable, IFormattable, IConvertible	0
MdiClient	System.Windows.Forms	System/Windows/Forms/__init__.py	154398	156466	Control, IComponent, IDisposable, IOleControl, IOleObject, IOleInPlaceObject, IOleInPlaceActiveObject, IOleWindow, IViewObject, IViewObject2, IPersist, IPersistStreamInit, IPersistPropertyBag, IPersistStorage, IQuickActivate, ISupportOleDropSource, IDropTarget, ISynchronizeInvoke, IWin32Window, IArrangedElement, IBindableComponent	0
MdiLayout	System.Windows.Forms	System/Windows/Forms/__init__.py	156467	156514	Enum, IComparable, IFormattable, IConvertible	0
MeasureItemEventArgs	System.Windows.Forms	System/Windows/Forms/__init__.py	156515	156583	EventArgs	0
MeasureItemEventHandler	System.Windows.Forms	System/Windows/Forms/__init__.py	156584	156688	MulticastDelegate, ICloneable, ISerializable	0
MeasurementType	Autodesk.Navisworks.Api	Autodesk/Navisworks/Api/__init__.py	1060	1064		0
MeasurementValue	Autodesk.AutoCAD.DatabaseServices	Autodesk/AutoCAD/DatabaseServices/__init__.py	12337	12341		0
MechanicalEquipment	Autodesk.Revit.DB.Mechanical	Autodesk/Revit/DB/Mechanical.py	820	826	MEPModel	3
MechanicalEquipmentSet	Autodesk.Revit.DB.Mechanical	Autodesk/Revit/DB/Mechanical.py	827	869	Element	36
MechanicalEquipmentSetType	Autodesk.Revit.DB.Mechanical	Autodesk/Revit/DB/Mechanical.py	870	906	ElementType	32
MechanicalFitting	Autodesk.Revit.DB.Mechanical	Autodesk/Revit/DB/Mechanical.py	907	914	MEPModel	4
MechanicalSystem	Autodesk.Revit.DB.Mechanical	Autodesk/Revit/DB/Mechanical.py	915	965	MEPSystem	46
MechanicalSystemType	Autodesk.Revit.DB.Mechanical	Autodesk/Revit/DB/Mechanical.py	966	1014	MEPSystemType	44
MechanicalUtils	Autodesk.Revit.DB.Mechanical	Autodesk/Revit/DB/Mechanical.py	1015	1030		6
MediaBounds	Autodesk.AutoCAD.PlottingServices	Autodesk/AutoCAD/PlottingServices.py	189	199		7
MemberAccessException	System	System/__init__.py	25572	25615	SystemException, ISerializable, _Exception	0
MemberForces	Autodesk.Revit.DB.Structure	Autodesk/Revit/DB/Structure/__init__.py	1770	1778		5
MemberForcesServiceData	Autodesk.Revit.DB.Structure	Autodesk/Revit/DB/Structure/__init__.py	1779	1786		4
Menu	Autodesk.AutoCAD.Windows	Autodesk/AutoCAD/Windows/__init__.py	155	159		1
Menu	System.Windows.Forms	System/Windows/Forms/__init__.py	43012	43342	Component, IComponent, IDisposable	0
MenuGlyph	System.Windows.Forms	System/Windows/Forms/__init__.py	156689	156737	Enum, IComparable, IFormattable, IConvertible	0
MenuGroupData	Autodesk.AutoCAD.Internal.Windows	Autodesk/AutoCAD/Internal/Windows.py	105	115		7
MenuGroupTypeEnum	Autodesk.AutoCAD.Internal.Windows	Autodesk/AutoCAD/Internal/Windows.py	116	120		0
MenuItem	Autodesk.AutoCAD.Windows	Autodesk/AutoCAD/Windows/__init__.py	160	169	Menu	6
MenuItem	Autodesk.Revit.UI	Autodesk/Revit/UI/__init__.py	471	476		2
MenuItem	System.Windows.Forms	System/Windows/Forms/__init__.py	156738	157319	Menu, IComponent, IDisposable	0
MenuItemCollection	Autodesk.AutoCAD.Windows	Autodesk/AutoCAD/Windows/__init__.py	170	186		13
MenuMerge	System.Windows.Forms	System/Windows/Forms/__init__.py	157320	157367	Enum, IComparable, IFormattable, IConvertible	0
MenuStrip	System.Windows.Forms	System/Windows/Forms/__init__.py	157368	159846	ToolStrip, IComponent, IDisposable, IOleControl, IOleObject, IOleInPlaceObject, IOleInPlaceActiveObject, IOleWindow, IViewObject, IViewObject2, IPersist, IPersistStreamInit, IPersistPropertyBag, IPersistStorage, IQuickActivate, ISupportOleDropSource, IDropTarget, ISynchronizeInvoke, IWin32Window, IArrangedElement, IBindableComponent, ISupportToolStripPanel	0
MergeAction	System.Windows.Forms	System/Windows/Forms/__init__.py	159847	159895	Enum, IComparable, IFormattable, IConvertible	0
MergeCellStyleOption	Autodesk.AutoCAD.DatabaseServices	Autodesk/AutoCAD/DatabaseServices/__init__.py	12342	12346		0
MergeStatus	Autodesk.AutoCAD.PlottingServices	Autodesk/AutoCAD/PlottingServices.py	200	204		0
Mesh	Autodesk.Revit.DB	Autodesk/Revit/DB/__init__.py	12051	12070	GeometryObject	16
MeshDataCollection	Autodesk.AutoCAD.DatabaseServices	Autodesk/AutoCAD/DatabaseServices/__init__.py	12347	12354		4
MeshFaceterData	Autodesk.AutoCAD.DatabaseServices	Autodesk/AutoCAD/DatabaseServices/__init__.py	12355	12366		8
MeshFromGeometryOperationIssue	Autodesk.Revit.DB	Autodesk/Revit/DB/__init__.py	12071	12075		0
MeshFromGeometryOperationResult	Autodesk.Revit.DB	Autodesk/Revit/DB/__init__.py	12076	12086		7
MeshPointMap	Autodesk.AutoCAD.DatabaseServices	Autodesk/AutoCAD/DatabaseServices/__init__.py	12367	12372		2
MeshPointMaps	Autodesk.AutoCAD.DatabaseServices	Autodesk/AutoCAD/DatabaseServices/__init__.py	12373	12378		2
MeshTriangle	Autodesk.Revit.DB	Autodesk/Revit/DB/__init__.py	12087	12092		2
Message	System.Windows.Forms	System/Windows/Forms/__init__.py	159896	160048	object	0
MessageBox	System.Windows.Forms	System/Windows/Forms/__init__.py	160049	160814	object	0
MessageBoxButtons	System.Windows.Forms	System/Windows/Forms/__init__.py	160815	160864	Enum, IComparable, IFormattable, IConvertible	0
MessageBoxData	Autodesk.Revit.UI.Events	Autodesk/Revit/UI/Events.py	145	152	DialogBoxData	4
MessageBoxDefaultButton	System.Windows.Forms	System/Windows/Forms/__init__.py	160865	160911	Enum, IComparable, IFormattable, IConvertible	0
MessageBoxIcon	System.Windows.Forms	System/Windows/Forms/__init__.py	160912	160964	Enum, IComparable, IFormattable, IConvertible	0
MessageBoxOptions	System.Windows.Forms	System/Windows/Forms/__init__.py	160965	161012	Enum, IComparable, IFormattable, IConvertible	0
MessageBoxShowingEventArgs	Autodesk.Revit.UI.Events	Autodesk/Revit/UI/Events.py	153	161	DialogBoxShowingEventArgs	5
MessageButtonEnum	Autodesk.AutoCAD.Internal	Autodesk/AutoCAD/Internal/__init__.py	1751	1755		0
MessageCenterCategory	Autodesk.Navisworks.Api	Autodesk/Navisworks/Api/__init__.py	1065	1069		0
MessageIconEnum	Autodesk.AutoCAD.Internal	Autodesk/AutoCAD/Internal/__init__.py	1756	1760		0
MessageResultEnum	Autodesk.AutoCAD.Internal	Autodesk/AutoCAD/Internal/__init__.py	1761	1765		0
MetaHeader	System.Drawing.Imaging	System/Drawing/Imaging.py	3388	3488	object	0
Metafile	System.Drawing.Imaging	System/Drawing/Imaging.py	2648	3029	Image, ISerializable, ICloneable, IDisposable	0
MetafileFrameUnit	System.Drawing.Imaging	System/Drawing/Imaging.py	3030	3079	Enum, IComparable, IFormattable, IConvertible	0
MetafileHeader	System.Drawing.Imaging	System/Drawing/Imaging.py	3080	3337	object	0
MetafileType	System.Drawing.Imaging	System/Drawing/Imaging.py	3338	3387	Enum, IComparable, IFormattable, IConvertible	0
Metal	Autodesk.Revit.DB.Visual	Autodesk/Revit/DB/Visual.py	685	702		14
MetalFinishType	Autodesk.Revit.DB.Visual	Autodesk/Revit/DB/Visual.py	703	707		0
MetalPatternType	Autodesk.Revit.DB.Visual	Autodesk/Revit/DB/Visual.py	708	712		0
MetalPerforationsType	Autodesk.Revit.DB.Visual	Autodesk/Revit/DB/Visual.py	713	717		0
MetalType	Autodesk.Revit.DB.Visual	Autodesk/Revit/DB/Visual.py	718	722		0
MetallicPaint	Autodesk.Revit.DB.Visual	Autodesk/Revit/DB/Visual.py	723	745		19
MetallicpaintFinishType	Autodesk.Revit.DB.Visual	Autodesk/Revit/DB/Visual.py	746	750		0
MetallicpaintFlecksType	Autodesk.Revit.DB.Visual	Autodesk/Revit/DB/Visual.py	751	755		0
MetallicpaintPearlType	Autodesk.Revit.DB.Visual	Autodesk/Revit/DB/Visual.py	756	760		0
MetallicpaintTopcoatType	Autodesk.Revit.DB.Visual	Autodesk/Revit/DB/Visual.py	761	765		0
Method	Autodesk.AutoCAD.GraphicsInterface	Autodesk/AutoCAD/GraphicsInterface.py	877	881		0
MethodAccessException	System	System/__init__.py	30185	30228	MemberAccessException, ISerializable, _Exception	0
MethodInvoker	System.Windows.Forms	System/Windows/Forms/__init__.py	161013	161117	MulticastDelegate, ICloneable, ISerializable	0
MgdAcViewTransitions	Autodesk.AutoCAD.Internal	Autodesk/AutoCAD/Internal/__init__.py	1766	1773		2
MicroEventTrackingContext	Autodesk.Navisworks.Internal.ApiImplementation	Autodesk/Navisworks/Internal/ApiImplementation/__init__.py	215	219	TrackingContext	0
MidPointConstraint	Autodesk.AutoCAD.DatabaseServices	Autodesk/AutoCAD/DatabaseServices/__init__.py	12379	12394	GeometricalConstraint	12
MidpointRounding	System	System/__init__.py	30229	30274	Enum, IComparable, IFormattable, IConvertible	0
MinimumClearanceResult	Autodesk.Navisworks.Api.Clash	Autodesk/Navisworks/Api/Clash.py	347	354		4
Mirror	Autodesk.Revit.DB.Visual	Autodesk/Revit/DB/Visual.py	766	773		4
MissingFieldException	System	System/__init__.py	30357	30420	MissingMemberException, ISerializable, _Exception	0
MissingMemberException	System	System/__init__.py	30275	30356	MemberAccessException, ISerializable, _Exception	0
MissingMethodException	System	System/__init__.py	30421	30484	MissingMemberException, ISerializable, _Exception	0
Mline	Autodesk.AutoCAD.DatabaseServices	Autodesk/AutoCAD/DatabaseServices/__init__.py	12395	12483	Entity	85
MlineJustification	Autodesk.AutoCAD.DatabaseServices	Autodesk/AutoCAD/DatabaseServices/__init__.py	12484	12488		0
MlineStyle	Autodesk.AutoCAD.DatabaseServices	Autodesk/AutoCAD/DatabaseServices/__init__.py	12489	12548	DBObject	56
MlineStyleElement	Autodesk.AutoCAD.DatabaseServices	Autodesk/AutoCAD/DatabaseServices/__init__.py	12549	12556		4
MlineStyleElementCollection	Autodesk.AutoCAD.DatabaseServices	Autodesk/AutoCAD/DatabaseServices/__init__.py	12557	12566		6
MlineStyleElementCollectionEnumerator	Autodesk.AutoCAD.DatabaseServices	Autodesk/AutoCAD/DatabaseServices/__init__.py	12567	12573		3
MlinesMgdServices	Autodesk.AutoCAD.Internal	Autodesk/AutoCAD/Internal/__init__.py	1774	1801		12
Mode	Autodesk.AutoCAD.GraphicsInterface	Autodesk/AutoCAD/GraphicsInterface.py	882	886		0
Model	Autodesk.AutoCAD.GraphicsSystem	Autodesk/AutoCAD/GraphicsSystem.py	252	280	DisposableWrapper	24
Model	Autodesk.Navisworks.Api	Autodesk/Navisworks/Api/__init__.py	1070	1100	NativeHandle	25
ModelArc	Autodesk.Revit.DB	Autodesk/Revit/DB/__init__.py	12093	12132	ModelCurve	36
ModelCreatorNames	Autodesk.Navisworks.Api	Autodesk/Navisworks/Api/__init__.py	1101	1128		24
ModelCurve	Autodesk.Revit.DB	Autodesk/Revit/DB/__init__.py	12133	12175	CurveElement	39
ModelCurveArrArray	Autodesk.Revit.DB	Autodesk/Revit/DB/__init__.py	12176	12189	APIObject	10
ModelCurveArrArrayIterator	Autodesk.Revit.DB	Autodesk/Revit/DB/__init__.py	12190	12197	APIObject	4
ModelCurveArray	Autodesk.Revit.DB	Autodesk/Revit/DB/__init__.py	12198	12211	APIObject	10
ModelCurveArrayIterator	Autodesk.Revit.DB	Autodesk/Revit/DB/__init__.py	12212	12219	APIObject	4
ModelCurveNode	Autodesk.Revit.DB	Autodesk/Revit/DB/__init__.py	12220	12226	RenderNode	3
ModelDataPlugin	Autodesk.Navisworks.Api.Interop.Plugins	Autodesk/Navisworks/Api/Interop/Plugins.py	17	25	Plugin	5
ModelDataPluginRecord	Autodesk.Navisworks.Api.Interop.Plugins	Autodesk/Navisworks/Api/Interop/Plugins.py	26	44	PluginRecord	15
ModelDocViewLabelAlignmentType	Autodesk.AutoCAD.DatabaseServices	Autodesk/AutoCAD/DatabaseServices/__init__.py	12574	12578		0
ModelDocViewLabelAttachmentPoint	Autodesk.AutoCAD.DatabaseServices	Autodesk/AutoCAD/DatabaseServices/__init__.py	12579	12583		0
ModelEllipse	Autodesk.Revit.DB	Autodesk/Revit/DB/__init__.py	12227	12266	ModelCurve	36
ModelGeometry	Autodesk.Navisworks.Api	Autodesk/Navisworks/Api/__init__.py	1129	1158	NativeHandle	23
ModelHermiteSpline	Autodesk.Revit.DB	Autodesk/Revit/DB/__init__.py	12267	12306	ModelCurve	36
ModelItem	Autodesk.Navisworks.Api	Autodesk/Navisworks/Api/__init__.py	1159	1203	NativeHandle	38
ModelItemCollection	Autodesk.Navisworks.Api	Autodesk/Navisworks/Api/__init__.py	1204	1244	NativeHandle	34
ModelItemCollectionImpl	Autodesk.Navisworks.Internal.ApiImplementation	Autodesk/Navisworks/Internal/ApiImplementation/__init__.py	220	229		3
ModelItemEnumerableCollection	Autodesk.Navisworks.Api	Autodesk/Navisworks/Api/__init__.py	1245	1256		8
ModelItemPathId	Autodesk.Navisworks.Api.DocumentParts	Autodesk/Navisworks/Api/DocumentParts.py	243	248		2
ModelLine	Autodesk.Revit.DB	Autodesk/Revit/DB/__init__.py	12307	12346	ModelCurve	36
ModelNurbSpline	Autodesk.Revit.DB	Autodesk/Revit/DB/__init__.py	12347	12386	ModelCurve	36
ModelPath	Autodesk.Revit.DB	Autodesk/Revit/DB/__init__.py	12387	12400		10
ModelPathUtils	Autodesk.Revit.DB	Autodesk/Revit/DB/__init__.py	12401	12416		7
ModelText	Autodesk.Revit.DB	Autodesk/Revit/DB/__init__.py	12417	12454	Element	34
ModelTextType	Autodesk.Revit.DB	Autodesk/Revit/DB/__init__.py	12455	12489	ElementType	31
ModelTransformEventArgs	Autodesk.Navisworks.Api.Data	Autodesk/Navisworks/Api/Data.py	53	62	EventArgs	6
ModelUpdatesStatus	Autodesk.Revit.DB	Autodesk/Revit/DB/__init__.py	12490	12494		0
ModelerFlavor	Autodesk.AutoCAD.DatabaseServices	Autodesk/AutoCAD/DatabaseServices/__init__.py	12584	12588		0
ModelessOperationEventArgs	Autodesk.AutoCAD.ApplicationServices	Autodesk/AutoCAD/ApplicationServices/__init__.py	706	710	EventArgs	1
ModelessOperationEventHandler	Autodesk.AutoCAD.ApplicationServices	Autodesk/AutoCAD/ApplicationServices/__init__.py	711	719		5
ModificationForbiddenException	Autodesk.Revit.Exceptions	Autodesk/Revit/Exceptions.py	524	537	InvalidOperationException	10
ModificationOutsideTransactionException	Autodesk.Revit.Exceptions	Autodesk/Revit/Exceptions.py	538	551	InvalidOperationException	10
ModifierType	Autodesk.Revit.DB	Autodesk/Revit/DB/__init__.py	12495	12499		0
ModifiesOwnerAttribute	Autodesk.AutoCAD.DatabaseServices	Autodesk/AutoCAD/DatabaseServices/__init__.py	12589	12593	Attribute	1
ModuleHandle	System	System/__init__.py	30485	30740	object	0
ModuleLoadAbortedEventHandler	Autodesk.AutoCAD.Runtime	Autodesk/AutoCAD/Runtime.py	376	384		5
ModuleLoadedEventHandler	Autodesk.AutoCAD.Runtime	Autodesk/AutoCAD/Runtime.py	385	393		5
ModuleLoadingEventHandler	Autodesk.AutoCAD.Runtime	Autodesk/AutoCAD/Runtime.py	394	402		5
ModuleUnloadAbortedEventHandler	Autodesk.AutoCAD.Runtime	Autodesk/AutoCAD/Runtime.py	403	411		5
ModuleUnloadedEventHandler	Autodesk.AutoCAD.Runtime	Autodesk/AutoCAD/Runtime.py	412	420		5
ModuleUnloadingEventHandler	Autodesk.AutoCAD.Runtime	Autodesk/AutoCAD/Runtime.py	421	429		5
MonitoredSysvarValueWrapper	Autodesk.AutoCAD.Internal	Autodesk/AutoCAD/Internal/__init__.py	1802	1813	DisposableWrapper	8
MonitoredSysvarWrapper	Autodesk.AutoCAD.Internal	Autodesk/AutoCAD/Internal/__init__.py	1814	1827	DisposableWrapper	10
MonthCalendar	System.Windows.Forms	System/Windows/Forms/__init__.py	161118	163842	Control, IComponent, IDisposable, IOleControl, IOleObject, IOleInPlaceObject, IOleInPlaceActiveObject, IOleWindow, IViewObject, IViewObject2, IPersist, IPersistStreamInit, IPersistPropertyBag, IPersistStorage, IQuickActivate, ISupportOleDropSource, IDropTarget, ISynchronizeInvoke, IWin32Window, IArrangedElement, IBindableComponent	0
MoreLineSpaceCommand	Autodesk.AutoCAD.Windows.Data	Autodesk/AutoCAD/Windows/Data/__init__.py	977	981	IPECommandBase	1
MorphedDistributionRebarHandles	Autodesk.Revit.DB.Structure	Autodesk/Revit/DB/Structure/__init__.py	1787	1791		0
MorphingMap	Autodesk.Aec.Modeler	Autodesk/Aec/Modeler.py	403	420	DisposableWrapper	14
MorphingMapElement	Autodesk.Aec.Modeler	Autodesk/Aec/Modeler.py	421	425		0
MorphingMapElementCollection	Autodesk.Aec.Modeler	Autodesk/Aec/Modeler.py	426	440		11
MouseButtons	System.Windows.Forms	System/Windows/Forms/__init__.py	163843	163892	Enum, IComparable, IFormattable, IConvertible	0
MouseEventArgs	System.Windows.Forms	System/Windows/Forms/__init__.py	80114	80194	EventArgs	0
MouseEventHandler	System.Windows.Forms	System/Windows/Forms/__init__.py	163893	163997	MulticastDelegate, ICloneable, ISerializable	0
MoveGripPointsFlags	Autodesk.AutoCAD.DatabaseServices	Autodesk/AutoCAD/DatabaseServices/__init__.py	12594	12598		0
MoveType	Autodesk.AutoCAD.DatabaseServices	Autodesk/AutoCAD/DatabaseServices/__init__.py	12599	12603		0
Mullion	Autodesk.Revit.DB	Autodesk/Revit/DB/__init__.py	12500	12570	FamilyInstance	67
MullionType	Autodesk.Revit.DB	Autodesk/Revit/DB/__init__.py	12571	12609	FamilySymbol	35
MullionTypeSet	Autodesk.Revit.DB	Autodesk/Revit/DB/__init__.py	12610	12623	APIObject	10
MullionTypeSetIterator	Autodesk.Revit.DB	Autodesk/Revit/DB/__init__.py	12624	12631	APIObject	4
MultiModesGripPE	Autodesk.AutoCAD.DatabaseServices	Autodesk/AutoCAD/DatabaseServices/__init__.py	12604	12616	RXObject	9
MultiReferenceAnnotation	Autodesk.Revit.DB	Autodesk/Revit/DB/__init__.py	12632	12676	Element	35
MultiReferenceAnnotationOptions	Autodesk.Revit.DB	Autodesk/Revit/DB/__init__.py	12677	12696		16
MultiReferenceAnnotationType	Autodesk.Revit.DB	Autodesk/Revit/DB/__init__.py	12697	12744	ElementType	42
MultiReplaceConverter	Autodesk.AutoCAD.Windows.Data	Autodesk/AutoCAD/Windows/Data/__init__.py	982	989		4
MultiSegmentGrid	Autodesk.Revit.DB	Autodesk/Revit/DB/__init__.py	12745	12787	Element	34
MultiServerService	Autodesk.Revit.DB.ExternalService	Autodesk/Revit/DB/ExternalService.py	107	122	ExternalService	12
MultiViewBlockAttributeReference	Autodesk.Aec.DatabaseServices	Autodesk/Aec/DatabaseServices.py	6340	6354	ImpObject	11
MultiViewBlockAttributeReferenceCollection	Autodesk.Aec.DatabaseServices	Autodesk/Aec/DatabaseServices.py	6355	6369		11
MultiViewBlockDefinition	Autodesk.Aec.DatabaseServices	Autodesk/Aec/DatabaseServices.py	6370	6431	DictionaryRecord	58
MultiViewBlockDisplayRepresentationDefinition	Autodesk.Aec.DatabaseServices	Autodesk/Aec/DatabaseServices.py	6432	6443	ImpObject	8
MultiViewBlockDisplayRepresentationDefinitionCollection	Autodesk.Aec.DatabaseServices	Autodesk/Aec/DatabaseServices.py	6444	6458		11
MultiViewBlockReference	Autodesk.Aec.DatabaseServices	Autodesk/Aec/DatabaseServices.py	6459	6580	BlockReference	118
MultiViewBlockViewDefinition	Autodesk.Aec.DatabaseServices	Autodesk/Aec/DatabaseServices.py	6581	6594	ImpObject	10
MultiViewBlockViewDefinitionCollection	Autodesk.Aec.DatabaseServices	Autodesk/Aec/DatabaseServices.py	6595	6609		11
MultiViewBlockViewInstance	Autodesk.Aec.DatabaseServices	Autodesk/Aec/DatabaseServices.py	6610	6628	ImpObject	15
MultiViewBlockViewInstanceCollection	Autodesk.Aec.DatabaseServices	Autodesk/Aec/DatabaseServices.py	6629	6636		4
MulticastDelegate	System	System/__init__.py	5958	6115	Delegate, ICloneable, ISerializable	0
MulticastNotSupportedException	System	System/__init__.py	30754	30795	SystemException, ISerializable, _Exception	0
MultiplanarOption	Autodesk.Revit.DB.Structure	Autodesk/Revit/DB/Structure/__init__.py	1792	1796		0
MultipleProfileViewsCreationOptions	Autodesk.Civil.DatabaseServices	Autodesk/Civil/DatabaseServices/__init__.py	10798	10807		6
MultipleValuesIndicationSettings	Autodesk.Revit.DB	Autodesk/Revit/DB/__init__.py	12788	12823	Element	31
MultistoryStairs	Autodesk.Revit.DB.Architecture	Autodesk/Revit/DB/Architecture.py	472	519	Element	42
NameObjectCollectionBase	System.Collections.Specialized	System/Collections/Specialized.py	886	1244	object, ICollection, IEnumerable, ISerializable, IDeserializationCallback	0
NameObjectIdPair	Autodesk.Aec.DatabaseServices	Autodesk/Aec/DatabaseServices.py	6637	6642		2
NameObjectIdPairCollection	Autodesk.Aec.DatabaseServices	Autodesk/Aec/DatabaseServices.py	6643	6666	DisposableWrapper	20
NameTranslator	Autodesk.Aec.DatabaseServices	Autodesk/Aec/DatabaseServices.py	6667	6681	DisposableWrapper	8
NameValueCollection	System.Collections.Specialized	System/Collections/Specialized.py	1245	1780	NameObjectCollectionBase, ICollection, IEnumerable, ISerializable, IDeserializationCallback	0
NamedConstant	Autodesk.Navisworks.Api	Autodesk/Navisworks/Api/__init__.py	1257	1274	NativeHandle	12
NamedConstantCollection	Autodesk.Navisworks.Api	Autodesk/Navisworks/Api/__init__.py	1275	1290	NativeHandle	10
NamedImageProvider	Autodesk.AutoCAD.Windows.Data	Autodesk/AutoCAD/Windows/Data/__init__.py	990	996		3
NamedObjectCollection	Autodesk.AutoCAD.Windows.Data	Autodesk/AutoCAD/Windows/Data/__init__.py	997	1005	DataItemCollection	5
NamedViewUtilities	Autodesk.AutoCAD.Internal	Autodesk/AutoCAD/Internal/__init__.py	1828	1833		1
NamingUtils	Autodesk.Revit.DB	Autodesk/Revit/DB/__init__.py	12824	12831		2
NativeExportPluginAdaptor	Autodesk.Navisworks.Internal.ApiImplementation	Autodesk/Navisworks/Internal/ApiImplementation/__init__.py	230	241	AddInPlugin	8
NativeFunction	Autodesk.AutoCAD.Windows.Data	Autodesk/AutoCAD/Windows/Data/__init__.py	1006	1012		3
NativeHandle	Autodesk.Navisworks.Api	Autodesk/Navisworks/Api/__init__.py	1291	1302		7
NativeHandleImpl	Autodesk.Navisworks.Internal.ApiImplementation	Autodesk/Navisworks/Internal/ApiImplementation/__init__.py	242	291		23
NativeHandleInit	Autodesk.Navisworks.Internal.ApiImplementation	Autodesk/Navisworks/Internal/ApiImplementation/__init__.py	292	296		0
NativeHandleOwnership	Autodesk.Navisworks.Internal.ApiImplementation	Autodesk/Navisworks/Internal/ApiImplementation/__init__.py	297	301		0
NativeWindow	System.Windows.Forms	System/Windows/Forms/__init__.py	163998	164163	MarshalByRefObject, IWin32Window	0
NavStatus	Autodesk.AutoCAD.Windows.Data	Autodesk/AutoCAD/Windows/Data/__init__.py	1013	1017		0
NavigateEventArgs	System.Windows.Forms	System/Windows/Forms/__init__.py	164164	164189	EventArgs	0
NavigateEventHandler	System.Windows.Forms	System/Windows/Forms/__init__.py	164190	164294	MulticastDelegate, ICloneable, ISerializable	0
NavigationUtils	Autodesk.AutoCAD.Internal	Autodesk/AutoCAD/Internal/__init__.py	1834	1851		7
NavisWorksDataReader	Autodesk.Navisworks.Api.Data	Autodesk/Navisworks/Api/Data.py	63	100	DbDataReader	34
NavisworksCommand	Autodesk.Navisworks.Api.Data	Autodesk/Navisworks/Api/Data.py	101	122	DbCommand	18
NavisworksConnection	Autodesk.Navisworks.Api.Data	Autodesk/Navisworks/Api/Data.py	123	141	DbConnection	15
NavisworksConvert	Autodesk.Navisworks.Internal.ApiImplementation.Data	Autodesk/Navisworks/Internal/ApiImplementation/Data.py	3	8		1
NavisworksCoordinates	Autodesk.Revit.DB	Autodesk/Revit/DB/__init__.py	12832	12836		0
NavisworksDataAdapter	Autodesk.Navisworks.Api.Data	Autodesk/Navisworks/Api/Data.py	142	165	DbDataAdapter	20
NavisworksExportOptions	Autodesk.Revit.DB	Autodesk/Revit/DB/__init__.py	12837	12860		20
NavisworksExportScope	Autodesk.Revit.DB	Autodesk/Revit/DB/__init__.py	12861	12865		0
NavisworksFileInfo	Autodesk.AutoCAD.Internal	Autodesk/AutoCAD/Internal/__init__.py	1852	1856		0
NavisworksFileType	Autodesk.AutoCAD.Internal	Autodesk/AutoCAD/Internal/__init__.py	1857	1861		0
NavisworksParameter	Autodesk.Navisworks.Api.Data	Autodesk/Navisworks/Api/Data.py	166	181	DbParameter	12
NavisworksParameterCollection	Autodesk.Navisworks.Api.Data	Autodesk/Navisworks/Api/Data.py	182	206	DbParameterCollection	21
NavisworksParameters	Autodesk.Revit.DB	Autodesk/Revit/DB/__init__.py	12866	12870		0
NavisworksSQLStatement	Autodesk.Navisworks.Internal.ApiImplementation.Data	Autodesk/Navisworks/Internal/ApiImplementation/Data.py	9	13		1
NavisworksServiceManager	Autodesk.AutoCAD.Internal	Autodesk/AutoCAD/Internal/__init__.py	1862	1866		1
NavisworksTransaction	Autodesk.Navisworks.Api.Data	Autodesk/Navisworks/Api/Data.py	207	215	DbTransaction	5
NestedFamilyTypeReference	Autodesk.Revit.DB	Autodesk/Revit/DB/__init__.py	12871	12904	Element	30
NestedGridBoundaryEdgeAssignmentCollection	Autodesk.Aec.DatabaseServices	Autodesk/Aec/DatabaseServices.py	6682	6698		13
NestedGridBoundaryEdgeComponentCollection	Autodesk.Aec.DatabaseServices	Autodesk/Aec/DatabaseServices.py	6699	6715		13
NestedGridCellAssignment	Autodesk.Aec.DatabaseServices	Autodesk/Aec/DatabaseServices.py	6716	6732	ImpObject	13
NestedGridCellAssignmentCollection	Autodesk.Aec.DatabaseServices	Autodesk/Aec/DatabaseServices.py	6733	6749		13
NestedGridCellMergeData	Autodesk.Aec.DatabaseServices	Autodesk/Aec/DatabaseServices.py	6750	6761	ImpObject	8
NestedGridCellMergeDataCollection	Autodesk.Aec.DatabaseServices	Autodesk/Aec/DatabaseServices.py	6762	6776		11
NestedGridCellOverride	Autodesk.Aec.DatabaseServices	Autodesk/Aec/DatabaseServices.py	6777	6794	ImpObject	14
NestedGridCellOverrideCollection	Autodesk.Aec.DatabaseServices	Autodesk/Aec/DatabaseServices.py	6795	6810		12
NestedGridDefinition	Autodesk.Aec.DatabaseServices	Autodesk/Aec/DatabaseServices.py	6811	6824	GridAssemblyDefinition	10
NestedGridDivision	Autodesk.Aec.DatabaseServices	Autodesk/Aec/DatabaseServices.py	6825	6839	ImpObject	11
NestedGridDivisionComponentCollection	Autodesk.Aec.DatabaseServices	Autodesk/Aec/DatabaseServices.py	6840	6857		14
NestedGridDivisionDivideBy	Autodesk.Aec.DatabaseServices	Autodesk/Aec/DatabaseServices.py	6858	6872	NestedGridDivision	11
NestedGridDivisionManual	Autodesk.Aec.DatabaseServices	Autodesk/Aec/DatabaseServices.py	6873	6890	NestedGridDivision	14
NestedGridDivisionManualEdgeDefinition	Autodesk.Aec.DatabaseServices	Autodesk/Aec/DatabaseServices.py	6891	6902	ImpObject	8
NestedGridDivisionOverride	Autodesk.Aec.DatabaseServices	Autodesk/Aec/DatabaseServices.py	6903	6914	ImpObject	8
NestedGridDivisionOverrideCollection	Autodesk.Aec.DatabaseServices	Autodesk/Aec/DatabaseServices.py	6915	6929		11
NestedGridDivisionRepeat	Autodesk.Aec.DatabaseServices	Autodesk/Aec/DatabaseServices.py	6930	6946	NestedGridDivision	13
NestedGridEdgeAssignment	Autodesk.Aec.DatabaseServices	Autodesk/Aec/DatabaseServices.py	6947	6962	ImpObject	12
NestedGridEdgeDefinition	Autodesk.Aec.DatabaseServices	Autodesk/Aec/DatabaseServices.py	6963	6987	ImpObject	21
NestedGridEdgeOverride	Autodesk.Aec.DatabaseServices	Autodesk/Aec/DatabaseServices.py	6988	7002	ImpObject	11
NestedGridEdgeOverrideCollection	Autodesk.Aec.DatabaseServices	Autodesk/Aec/DatabaseServices.py	7003	7017		11
NestedGridEdgeProfileOverride	Autodesk.Aec.DatabaseServices	Autodesk/Aec/DatabaseServices.py	7018	7030	ImpObject	9
NestedGridEdgeProfileOverrideCollection	Autodesk.Aec.DatabaseServices	Autodesk/Aec/DatabaseServices.py	7031	7045		11
NestedGridInfillComponentCollection	Autodesk.Aec.DatabaseServices	Autodesk/Aec/DatabaseServices.py	7046	7062		13
NestedGridInfillDefinition	Autodesk.Aec.DatabaseServices	Autodesk/Aec/DatabaseServices.py	7063	7083	ImpObject	17
NestedGridInteriorEdgeAssignmentCollection	Autodesk.Aec.DatabaseServices	Autodesk/Aec/DatabaseServices.py	7084	7100		13
NestedGridInteriorEdgeComponentCollection	Autodesk.Aec.DatabaseServices	Autodesk/Aec/DatabaseServices.py	7101	7117		13
NetPipeStyleUriParser	System	System/__init__.py	30796	30804	UriParser	0
NetTcpStyleUriParser	System	System/__init__.py	30805	30813	UriParser	0
Network	Autodesk.Civil.DatabaseServices	Autodesk/Civil/DatabaseServices/__init__.py	10808	10966	GeoEntity	153
NetworkCatalogDef	Autodesk.Civil.DatabaseServices	Autodesk/Civil/DatabaseServices/__init__.py	10967	10974		2
NetworkCommunicationException	Autodesk.Revit.Exceptions	Autodesk/Revit/Exceptions.py	552	565	ApplicationException	10
NetworkDefaultLayoutCommandType	Autodesk.Civil	Autodesk/Civil/__init__.py	823	827		0
NetworkRule	Autodesk.Civil.DatabaseServices	Autodesk/Civil/DatabaseServices/__init__.py	10975	11025	DBObject	47
NetworkRuleSetStyle	Autodesk.Civil.DatabaseServices.Styles	Autodesk/Civil/DatabaseServices/Styles.py	3111	3168	StyleBase	54
NeutralMode	Autodesk.Revit.DB.Electrical	Autodesk/Revit/DB/Electrical.py	1462	1466		0
NewLayerNotification	Autodesk.AutoCAD.DatabaseServices	Autodesk/AutoCAD/DatabaseServices/__init__.py	12617	12621		0
NewTabPageUtil	Autodesk.AutoCAD.Internal	Autodesk/AutoCAD/Internal/__init__.py	1867	1872		1
NewsStyleUriParser	System	System/__init__.py	30814	30822	UriParser	0
Node	Autodesk.AutoCAD.GraphicsSystem	Autodesk/AutoCAD/GraphicsSystem.py	281	288	DisposableWrapper	4
NodeInformation	Autodesk.Aec.DatabaseServices	Autodesk/Aec/DatabaseServices.py	7118	7122		0
NodeLabelEditEventArgs	System.Windows.Forms	System/Windows/Forms/__init__.py	164295	164350	EventArgs	0
NodeLabelEditEventHandler	System.Windows.Forms	System/Windows/Forms/__init__.py	164351	164455	MulticastDelegate, ICloneable, ISerializable	0
NodeLocationType	Autodesk.Aec.DatabaseServices	Autodesk/Aec/DatabaseServices.py	7123	7127		0
NodeLoopType	Autodesk.Aec.DatabaseServices	Autodesk/Aec/DatabaseServices.py	7128	7132		0
Noise	Autodesk.Revit.DB.Visual	Autodesk/Revit/DB/Visual.py	774	790		13
NoiseType	Autodesk.Revit.DB.Visual	Autodesk/Revit/DB/Visual.py	791	795		0
NonContinuousRailInfo	Autodesk.Revit.DB.Architecture	Autodesk/Revit/DB/Architecture.py	520	534		11
NonContinuousRailStructure	Autodesk.Revit.DB.Architecture	Autodesk/Revit/DB/Architecture.py	535	545		7
NonEntityTraits	Autodesk.AutoCAD.GraphicsInterface	Autodesk/AutoCAD/GraphicsInterface.py	887	918	DrawableTraits	28
NonMonitoredSysvarEnumerator	Autodesk.AutoCAD.Internal	Autodesk/AutoCAD/Internal/__init__.py	1873	1883	DisposableWrapper	7
NonSerializedAttribute	System	System/__init__.py	30823	30835	Attribute, _Attribute	0
NormalConstraint	Autodesk.AutoCAD.DatabaseServices	Autodesk/AutoCAD/DatabaseServices/__init__.py	12622	12637	GeometricalConstraint	12
NormalMapMethod	Autodesk.AutoCAD.GraphicsInterface	Autodesk/AutoCAD/GraphicsInterface.py	919	923		0
NotFiniteNumberException	System	System/__init__.py	30836	30921	ArithmeticException, ISerializable, _Exception	0
NotImplementedException	System	System/__init__.py	30922	30965	SystemException, ISerializable, _Exception	0
NotSupportedException	System	System/__init__.py	30966	31009	SystemException, ISerializable, _Exception	0
NotTransmittedModelException	Autodesk.Revit.Exceptions	Autodesk/Revit/Exceptions.py	566	579	InvalidOperationException	10
NoteLabel	Autodesk.Civil.DatabaseServices	Autodesk/Civil/DatabaseServices/__init__.py	11026	11177	Label	146
Notifier	Autodesk.AutoCAD.DatabaseServices	Autodesk/AutoCAD/DatabaseServices/__init__.py	12638	12642		1
NotifyCollectionChangedAction	System.Collections.Specialized	System/Collections/Specialized.py	1781	1829	Enum, IComparable, IFormattable, IConvertible	0
NotifyCollectionChangedEventArgs	System.Collections.Specialized	System/Collections/Specialized.py	1830	1941	EventArgs	0
NotifyCollectionChangedEventHandler	System.Collections.Specialized	System/Collections/Specialized.py	1942	2046	MulticastDelegate, ICloneable, ISerializable	0
NotifyCollectionItemsChangedEventArgs	Autodesk.AutoCAD.Windows.Data	Autodesk/AutoCAD/Windows/Data/__init__.py	1018	1022	EventArgs	1
NotifyCollectionItemsChangedEventHandler	Autodesk.AutoCAD.Windows.Data	Autodesk/AutoCAD/Windows/Data/__init__.py	1023	1031		5
NotifyIcon	System.Windows.Forms	System/Windows/Forms/__init__.py	164456	164740	Component, IComponent, IDisposable	0
NullParameterValue	Autodesk.Revit.DB	Autodesk/Revit/DB/__init__.py	12905	12909	ParameterValue	1
NullReferenceException	System	System/__init__.py	31010	31053	SystemException, ISerializable, _Exception	0
NullToVariesConverter	Autodesk.AutoCAD.Windows.Data	Autodesk/AutoCAD/Windows/Data/__init__.py	1032	1037		2
NumberSystem	Autodesk.Revit.DB	Autodesk/Revit/DB/__init__.py	12910	12951	Element	37
NumberSystemDisplayRule	Autodesk.Revit.DB	Autodesk/Revit/DB/__init__.py	12952	12956		0
NumberSystemJustifyOption	Autodesk.Revit.DB	Autodesk/Revit/DB/__init__.py	12957	12961		0
NumberSystemType	Autodesk.Revit.DB.Architecture	Autodesk/Revit/DB/Architecture.py	546	580	ElementType	31
NumberedReferenceInfo	Autodesk.Revit.DB	Autodesk/Revit/DB/__init__.py	12962	12974		9
NumberingCommand	Autodesk.AutoCAD.Windows.Data	Autodesk/AutoCAD/Windows/Data/__init__.py	1038	1042	IPECommandBase	1
NumberingFormatSettings	Autodesk.Revit.DB	Autodesk/Revit/DB/__init__.py	12975	12990		12
NumberingFormattedParameter	Autodesk.Revit.DB	Autodesk/Revit/DB/__init__.py	12991	13002		8
NumberingParameter	Autodesk.Revit.DB	Autodesk/Revit/DB/__init__.py	13003	13010		4
NumberingParameterType	Autodesk.Revit.DB	Autodesk/Revit/DB/__init__.py	13011	13015		0
NumberingSchema	Autodesk.Revit.DB	Autodesk/Revit/DB/__init__.py	13016	13107	Element	76
NumberingSchemaType	Autodesk.Revit.DB	Autodesk/Revit/DB/__init__.py	13108	13112	GuidEnum	1
NumberingSchemaTypes	Autodesk.Revit.DB	Autodesk/Revit/DB/__init__.py	13113	13117		0
NumberingSequenceInfo	Autodesk.Revit.DB	Autodesk/Revit/DB/__init__.py	13118	13123		2
NumericRevisionSettings	Autodesk.Revit.DB	Autodesk/Revit/DB/__init__.py	13124	13135		8
NumericUpDown	System.Windows.Forms	System/Windows/Forms/__init__.py	164741	167228	UpDownBase, IComponent, IDisposable, IOleControl, IOleObject, IOleInPlaceObject, IOleInPlaceActiveObject, IOleWindow, IViewObject, IViewObject2, IPersist, IPersistStreamInit, IPersistPropertyBag, IPersistStorage, IQuickActivate, ISupportOleDropSource, IDropTarget, ISynchronizeInvoke, IWin32Window, IArrangedElement, IBindableComponent, IContainerControl, ISupportInitialize	0
NumericUpDownAcceleration	System.Windows.Forms	System/Windows/Forms/__init__.py	167229	167269	object	0
NumericUpDownAccelerationCollection	System.Windows.Forms	System/Windows/Forms/__init__.py	167270	167473	MarshalByRefObject, ICollection[NumericUpDownAcceleration], IEnumerable[NumericUpDownAcceleration], IEnumerable	0
NurbCurve2d	Autodesk.AutoCAD.Geometry	Autodesk/AutoCAD/Geometry.py	1201	1256	SplineEntity2d	51
NurbCurve2dData	Autodesk.AutoCAD.Geometry	Autodesk/AutoCAD/Geometry.py	1257	1269		9
NurbCurve2dFitData	Autodesk.AutoCAD.Geometry	Autodesk/AutoCAD/Geometry.py	1270	1283		10
NurbCurve3d	Autodesk.AutoCAD.Geometry	Autodesk/AutoCAD/Geometry.py	1284	1339	SplineEntity3d	51
NurbCurve3dData	Autodesk.AutoCAD.Geometry	Autodesk/AutoCAD/Geometry.py	1340	1352		9
NurbCurve3dFitData	Autodesk.AutoCAD.Geometry	Autodesk/AutoCAD/Geometry.py	1353	1366		10
NurbSpline	Autodesk.Revit.DB	Autodesk/Revit/DB/__init__.py	13136	13161	Curve	20
NurbSurface	Autodesk.AutoCAD.DatabaseServices	Autodesk/AutoCAD/DatabaseServices/__init__.py	12643	12764	Surface	118
NurbSurface	Autodesk.AutoCAD.Geometry	Autodesk/AutoCAD/Geometry.py	1367	1397	Surface	26
NurbSurfaceDefinition	Autodesk.AutoCAD.Geometry	Autodesk/AutoCAD/Geometry.py	1398	1414		13
NurbsData	Autodesk.AutoCAD.DatabaseServices	Autodesk/AutoCAD/DatabaseServices/__init__.py	12765	12780		12
NurbsSurfaceData	Autodesk.Revit.DB	Autodesk/Revit/DB/__init__.py	13162	13186		20
NwdExportOptions	Autodesk.Navisworks.Api	Autodesk/Navisworks/Api/__init__.py	1303	1316	NativeHandle	8
OBJExportOptions	Autodesk.Revit.DB	Autodesk/Revit/DB/__init__.py	13187	13210	BIMExportOptions	16
OBJImportOptions	Autodesk.Revit.DB	Autodesk/Revit/DB/__init__.py	13211	13224	BaseImportOptions	10
OPMModeFlags	Autodesk.AutoCAD.Internal	Autodesk/AutoCAD/Internal/__init__.py	1884	1888		0
OPMObjectFilterEventArgs	Autodesk.AutoCAD.Internal.Reactors	Autodesk/AutoCAD/Internal/Reactors.py	147	152	EventArgs	2
OPMObjectFilterEventHandler	Autodesk.AutoCAD.Internal.Reactors	Autodesk/AutoCAD/Internal/Reactors.py	153	161		5
OPMObjectFilterEventManager	Autodesk.AutoCAD.Internal.Reactors	Autodesk/AutoCAD/Internal/Reactors.py	162	167		1
OPMStatus	Autodesk.AutoCAD.Internal	Autodesk/AutoCAD/Internal/__init__.py	1889	1893		0
OSFeature	System.Windows.Forms	System/Windows/Forms/__init__.py	167939	167992	FeatureSupport, IFeatureSupport	0
Object	System	System/__init__.py	90	199		0
ObjectAccessException	Autodesk.Revit.Exceptions	Autodesk/Revit/Exceptions.py	580	593	InvalidOperationException	10
ObjectClosedEventArgs	Autodesk.AutoCAD.DatabaseServices	Autodesk/AutoCAD/DatabaseServices/__init__.py	12781	12785	EventArgs	1
ObjectClosedEventHandler	Autodesk.AutoCAD.DatabaseServices	Autodesk/AutoCAD/DatabaseServices/__init__.py	12786	12794		5
ObjectContext	Autodesk.AutoCAD.DatabaseServices	Autodesk/AutoCAD/DatabaseServices/__init__.py	12795	12804	RXObject	6
ObjectContextCollection	Autodesk.AutoCAD.DatabaseServices	Autodesk/AutoCAD/DatabaseServices/__init__.py	12805	12819	RXObject	10
ObjectContextCollectionEnumerator	Autodesk.AutoCAD.DatabaseServices	Autodesk/AutoCAD/DatabaseServices/__init__.py	12820	12830	RXObject	6
ObjectContextManager	Autodesk.AutoCAD.DatabaseServices	Autodesk/AutoCAD/DatabaseServices/__init__.py	12831	12840	RXObject	6
ObjectContexts	Autodesk.AutoCAD.Internal	Autodesk/AutoCAD/Internal/__init__.py	1894	1905		4
ObjectDiffEventArgs	Autodesk.AutoCAD.DatabaseServices.Internal	Autodesk/AutoCAD/DatabaseServices/Internal.py	27	33	EventArgs	3
ObjectDiffEventHandler	Autodesk.AutoCAD.DatabaseServices.Internal	Autodesk/AutoCAD/DatabaseServices/Internal.py	34	42		5
ObjectDisposedException	System	System/__init__.py	31054	31144	InvalidOperationException, ISerializable, _Exception	0
ObjectErasedEventArgs	Autodesk.AutoCAD.DatabaseServices	Autodesk/AutoCAD/DatabaseServices/__init__.py	12841	12846	EventArgs	2
ObjectErasedEventHandler	Autodesk.AutoCAD.DatabaseServices	Autodesk/AutoCAD/DatabaseServices/__init__.py	12847	12855		5
ObjectEventArgs	Autodesk.AutoCAD.DatabaseServices	Autodesk/AutoCAD/DatabaseServices/__init__.py	12856	12860	EventArgs	1
ObjectEventHandler	Autodesk.AutoCAD.DatabaseServices	Autodesk/AutoCAD/DatabaseServices/__init__.py	12861	12869		5
ObjectId	Autodesk.Aec.DatabaseServices	Autodesk/Aec/DatabaseServices.py	7133	7149	DisposableWrapper	11
ObjectId	Autodesk.AutoCAD.DatabaseServices	Autodesk/AutoCAD/DatabaseServices/__init__.py	12870	12897		24
ObjectIdAndBlockReferencePath	Autodesk.Aec.DatabaseServices	Autodesk/Aec/DatabaseServices.py	7150	7155		2
ObjectIdAndBlockReferencePathCollection	Autodesk.Aec.DatabaseServices	Autodesk/Aec/DatabaseServices.py	7156	7174	DisposableWrapper	14
ObjectIdCollection	Autodesk.Aec.DatabaseServices	Autodesk/Aec/DatabaseServices.py	7175	7192	DisposableWrapper	14
ObjectIdCollection	Autodesk.AutoCAD.DatabaseServices	Autodesk/AutoCAD/DatabaseServices/__init__.py	12898	12915	DisposableWrapper	14
ObjectIdGraph	Autodesk.AutoCAD.DatabaseServices	Autodesk/AutoCAD/DatabaseServices/__init__.py	12916	12929	Graph	10
ObjectIdGraphNode	Autodesk.AutoCAD.DatabaseServices	Autodesk/AutoCAD/DatabaseServices/__init__.py	12930	12947	GraphNode	13
ObjectLayerModifierType	Autodesk.Civil.Settings	Autodesk/Civil/Settings.py	128	132		0
ObjectOverrule	Autodesk.AutoCAD.DatabaseServices	Autodesk/AutoCAD/DatabaseServices/__init__.py	12948	12965	Overrule	14
ObjectPropertyManagerProperties	Autodesk.AutoCAD.Internal.PropertyInspector	Autodesk/AutoCAD/Internal/PropertyInspector.py	66	97		14
ObjectPropertyManagerPropertyUtility	Autodesk.AutoCAD.Internal.PropertyInspector	Autodesk/AutoCAD/Internal/PropertyInspector.py	98	109		4
ObjectSnapContext	Autodesk.AutoCAD.DatabaseServices	Autodesk/AutoCAD/DatabaseServices/__init__.py	12966	12974		5
ObjectSnapInfo	Autodesk.AutoCAD.DatabaseServices	Autodesk/AutoCAD/DatabaseServices/__init__.py	12975	12980		2
ObjectSnapMasks	Autodesk.AutoCAD.EditorInput	Autodesk/AutoCAD/EditorInput.py	545	549		0
ObjectSnapModes	Autodesk.AutoCAD.DatabaseServices	Autodesk/AutoCAD/DatabaseServices/__init__.py	12981	12985		0
ObjectSnapTypes	Autodesk.Revit.UI.Selection	Autodesk/Revit/UI/Selection.py	9	13		0
ObjectType	Autodesk.Revit.UI.Selection	Autodesk/Revit/UI/Selection.py	14	18		0
ObjectTypeAttribute	Autodesk.AutoCAD.DatabaseServices	Autodesk/AutoCAD/DatabaseServices/__init__.py	12986	12991	Attribute	2
ObservableCollection	System.Collections.ObjectModel	System/Collections/ObjectModel.py	470	646	Collection[T], IList[T], ICollection[T], IEnumerable[T], IEnumerable, IList, ICollection, IReadOnlyList[T], IReadOnlyCollection[T], INotifyCollectionChanged, INotifyPropertyChanged	0
ObsoleteAttribute	System	System/__init__.py	31145	31198	Attribute, _Attribute	0
OccupancyUnit	Autodesk.Revit.DB.Mechanical	Autodesk/Revit/DB/Mechanical.py	1031	1035		0
OffsetAlignmentInfo	Autodesk.Civil.DatabaseServices	Autodesk/Civil/DatabaseServices/__init__.py	11178	11192	CivilWrapper<AeccDbAlignment>	11
OffsetAlignmentWideningCriteria	Autodesk.Civil.DatabaseServices	Autodesk/Civil/DatabaseServices/__init__.py	11193	11207		11
OffsetAssembly	Autodesk.Civil.DatabaseServices	Autodesk/Civil/DatabaseServices/__init__.py	11208	11222		11
OffsetAssemblyCollection	Autodesk.Civil.DatabaseServices	Autodesk/Civil/DatabaseServices/__init__.py	11223	11234		8
OffsetBaseline	Autodesk.Civil.DatabaseServices	Autodesk/Civil/DatabaseServices/__init__.py	11235	11260	BaseBaseline	22
OffsetBaselineCollection	Autodesk.Civil.DatabaseServices	Autodesk/Civil/DatabaseServices/__init__.py	11261	11272	CivilWrapper<AeccDbCorridor>	8
OffsetCurve2d	Autodesk.AutoCAD.Geometry	Autodesk/AutoCAD/Geometry.py	1415	1433	Curve2d	14
OffsetCurve3d	Autodesk.AutoCAD.Geometry	Autodesk/AutoCAD/Geometry.py	1434	1453	Curve3d	15
OffsetCurveExtensionType	Autodesk.AutoCAD.Geometry	Autodesk/AutoCAD/Geometry.py	1454	1458		0
OffsetLengthOption	Autodesk.Civil.DatabaseServices	Autodesk/Civil/DatabaseServices/__init__.py	11273	11277		0
OffsetSurface	Autodesk.AutoCAD.Geometry	Autodesk/AutoCAD/Geometry.py	1459	1479	Surface	16
OffsetSurface	Autodesk.Revit.DB	Autodesk/Revit/DB/__init__.py	13225	13233	Surface	5
OffsetType	System.Windows.Forms.VisualStyles	System/Windows/Forms/VisualStyles.py	1283	1340	Enum, IComparable, IFormattable, IConvertible	0
Ole2Frame	Autodesk.AutoCAD.DatabaseServices	Autodesk/AutoCAD/DatabaseServices/__init__.py	12992	13083	Entity	88
OnBoardingStateContextBase	Autodesk.AutoCAD.Internal	Autodesk/AutoCAD/Internal/__init__.py	1906	1929		12
OnBoardingStateContextEnum	Autodesk.AutoCAD.Internal	Autodesk/AutoCAD/Internal/__init__.py	1930	1934		0
OnGlobalVariableModifiedHandler	Autodesk.AutoCAD.Internal.Calculator	Autodesk/AutoCAD/Internal/Calculator.py	111	119		5
OnIdleWinFormsHandler	Autodesk.AutoCAD.ApplicationServices.Core	Autodesk/AutoCAD/ApplicationServices/Core.py	73	81		5
OnInteractiveFunctionEpilogEventHandler	Autodesk.AutoCAD.Internal.Calculator	Autodesk/AutoCAD/Internal/Calculator.py	120	128		5
OnInteractiveFunctionPrologEventHandler	Autodesk.AutoCAD.Internal.Calculator	Autodesk/AutoCAD/Internal/Calculator.py	129	137		5
OnOff	Autodesk.Aec.Modeler	Autodesk/Aec/Modeler.py	441	445		0
OnWinFormsLoadedHandler	Autodesk.AutoCAD.ApplicationServices.Core	Autodesk/AutoCAD/ApplicationServices/Core.py	82	90		5
OnWpfLoadedHandler	Autodesk.AutoCAD.ApplicationServices.Core	Autodesk/AutoCAD/ApplicationServices/Core.py	91	99		5
OnWriteStringEventHandler	Autodesk.AutoCAD.Internal.Calculator	Autodesk/AutoCAD/Internal/Calculator.py	138	146		5
OpacityConverter	System.Windows.Forms	System/Windows/Forms/__init__.py	167474	167558	TypeConverter	0
OpenCloseTransaction	Autodesk.AutoCAD.DatabaseServices	Autodesk/AutoCAD/DatabaseServices/__init__.py	13084	13096	Transaction	9
OpenConflictResult	Autodesk.Revit.DB	Autodesk/Revit/DB/__init__.py	13234	13238		0
OpenConflictScenario	Autodesk.Revit.DB	Autodesk/Revit/DB/__init__.py	13239	13243		0
OpenFileDialog	Autodesk.AutoCAD.Windows	Autodesk/AutoCAD/Windows/__init__.py	187	194		4
OpenFileDialog	System.Windows.Forms	System/Windows/Forms/__init__.py	167559	167892	FileDialog, IComponent, IDisposable	0
OpenFileOrFolderDialog	Autodesk.AutoCAD.Windows	Autodesk/AutoCAD/Windows/__init__.py	195	200		2
OpenForeignOption	Autodesk.Revit.DB	Autodesk/Revit/DB/__init__.py	13244	13248		0
OpenMode	Autodesk.AutoCAD.DatabaseServices	Autodesk/AutoCAD/DatabaseServices/__init__.py	13097	13101		0
OpenModeAttribute	Autodesk.AutoCAD.DatabaseServices	Autodesk/AutoCAD/DatabaseServices/__init__.py	13102	13107	Attribute	2
OpenOptions	Autodesk.Revit.DB	Autodesk/Revit/DB/__init__.py	13249	13261		9
Opening	Autodesk.Revit.DB	Autodesk/Revit/DB/__init__.py	13262	13299	Element	34
OpeningWrappingCondition	Autodesk.Revit.DB	Autodesk/Revit/DB/__init__.py	13300	13304		0
OperatingSystem	System	System/__init__.py	31199	31315	object, ICloneable, ISerializable	0
Operation	Autodesk.Aec.DatabaseServices	Autodesk/Aec/DatabaseServices.py	7193	7197		0
OperationCanceledException	Autodesk.Revit.Exceptions	Autodesk/Revit/Exceptions.py	594	607	ApplicationException	10
OperationCanceledException	System	System/__init__.py	31316	31383	SystemException, ISerializable, _Exception	0
OptionalFunctionalityNotAvailableException	Autodesk.Revit.Exceptions	Autodesk/Revit/Exceptions.py	608	621	InvalidOperationException	10
OptionalFunctionalityUtils	Autodesk.Revit.DB	Autodesk/Revit/DB/__init__.py	13305	13346		19
Options	Autodesk.Revit.DB	Autodesk/Revit/DB/__init__.py	13347	13355	APIObject	5
OptionsCommand	Autodesk.AutoCAD.Windows.Data	Autodesk/AutoCAD/Windows/Data/__init__.py	1043	1047	IPECommandBase	1
OptionsDialogResult	Autodesk.AutoCAD.Publishing	Autodesk/AutoCAD/Publishing.py	240	246		3
OrderablePartitioner	System.Collections.Concurrent	System/Collections/Concurrent.py	1188	1294	Partitioner[TSource]	0
OrderedDictionary	System.Collections.Specialized	System/Collections/Specialized.py	2047	2372	object, IOrderedDictionary, IDictionary, ICollection, IEnumerable, ISerializable, IDeserializationCallback	0
OrdinateDimension	Autodesk.AutoCAD.DatabaseServices	Autodesk/AutoCAD/DatabaseServices/__init__.py	13108	13306	Dimension	195
OrdinateDimensionLineStyle	Autodesk.Revit.DB	Autodesk/Revit/DB/__init__.py	13356	13360		0
OrdinateDimensionSetting	Autodesk.Revit.DB	Autodesk/Revit/DB/__init__.py	13361	13372		8
OrdinateOriginVisibility	Autodesk.Revit.DB	Autodesk/Revit/DB/__init__.py	13373	13377		0
OrdinateTextOrientation	Autodesk.Revit.DB	Autodesk/Revit/DB/__init__.py	13378	13382		0
OrdinateTextPosition	Autodesk.Revit.DB	Autodesk/Revit/DB/__init__.py	13383	13387		0
Orientation	System.Windows.Forms	System/Windows/Forms/__init__.py	167893	167938	Enum, IComparable, IFormattable, IConvertible	0
OrientationBehavior	Autodesk.AutoCAD.GraphicsInterface	Autodesk/AutoCAD/GraphicsInterface.py	924	928		0
OrientationReferenceType	Autodesk.Civil	Autodesk/Civil/__init__.py	828	832		0
OrientationType	Autodesk.AutoCAD.GraphicsInterface	Autodesk/AutoCAD/GraphicsInterface.py	929	933		0
OrthographicView	Autodesk.AutoCAD.DatabaseServices	Autodesk/AutoCAD/DatabaseServices/__init__.py	13307	13311		0
OsnapOverrule	Autodesk.AutoCAD.DatabaseServices	Autodesk/AutoCAD/DatabaseServices/__init__.py	13312	13325	Overrule	10
OutOfMemoryException	System	System/__init__.py	27185	27228	SystemException, ISerializable, _Exception	0
OutdatedDirectlyOpenedCentralException	Autodesk.Revit.Exceptions	Autodesk/Revit/Exceptions.py	622	635	CentralModelException	10
OutdoorAirFlowStandard	Autodesk.Revit.DB.Analysis	Autodesk/Revit/DB/Analysis.py	1440	1444		0
Outline	Autodesk.Revit.DB	Autodesk/Revit/DB/__init__.py	13388	13403		12
OverflowException	System	System/__init__.py	31384	31427	ArithmeticException, ISerializable, _Exception	0
OverhangCorrectionType	Autodesk.Civil.DatabaseServices	Autodesk/Civil/DatabaseServices/__init__.py	11278	11282		0
OverriddenStationInfo	Autodesk.Civil.DatabaseServices	Autodesk/Civil/DatabaseServices/__init__.py	11283	11287		0
Override	Autodesk.Aec.DatabaseServices	Autodesk/Aec/DatabaseServices.py	7198	7209	ImpObject	7
OverrideCollection	Autodesk.Aec.DatabaseServices	Autodesk/Aec/DatabaseServices.py	7210	7219		6
OverrideDisplayProperties	Autodesk.Aec.DatabaseServices	Autodesk/Aec/DatabaseServices.py	7220	7231	Override	8
OverrideGraphicSettings	Autodesk.Revit.DB	Autodesk/Revit/DB/__init__.py	13404	13452		45
OverrideMask	Autodesk.Aec.DatabaseServices	Autodesk/Aec/DatabaseServices.py	7232	7242	Override	7
OverrideMaterialAssignment	Autodesk.Aec.DatabaseServices	Autodesk/Aec/DatabaseServices.py	7243	7254	Override	8
OverridePermissions	Autodesk.Revit.DB	Autodesk/Revit/DB/__init__.py	13453	13457		0
Overrule	Autodesk.AutoCAD.Runtime	Autodesk/AutoCAD/Runtime.py	430	449	RXObject	13
OwnerDrawComboBox	Autodesk.AutoCAD.Internal	Autodesk/AutoCAD/Internal/__init__.py	1935	2045	COwnerDrawComboBoxWrapper	107
OwnerDrawPropertyBag	System.Windows.Forms	System/Windows/Forms/__init__.py	167993	168112	MarshalByRefObject, ISerializable	0
PCAdsName	Autodesk.AutoCAD.DatabaseServices	Autodesk/AutoCAD/DatabaseServices/__init__.py	13326	13330		0
PDFExportOptions	Autodesk.Revit.DB	Autodesk/Revit/DB/__init__.py	13458	13490		28
PDFExportQualityType	Autodesk.Revit.DB	Autodesk/Revit/DB/__init__.py	13491	13495		0
Padding	System.Windows.Forms	System/Windows/Forms/__init__.py	168113	168380	object	0
PaddingConverter	System.Windows.Forms	System/Windows/Forms/__init__.py	168381	168515	TypeConverter	0
PageCancelledEventHandler	Autodesk.AutoCAD.PlottingServices	Autodesk/AutoCAD/PlottingServices.py	205	213		5
PageOrientationType	Autodesk.Revit.DB	Autodesk/Revit/DB/__init__.py	13496	13500		0
PageSettings	System.Drawing.Printing	System/Drawing/Printing.py	426	651	object, ICloneable	0
PageSetupDialog	System.Windows.Forms	System/Windows/Forms/__init__.py	168516	168864	CommonDialog, IComponent, IDisposable	0
PaintEventArgs	System.Windows.Forms	System/Windows/Forms/__init__.py	168865	168931	EventArgs, IDisposable	0
PaintEventHandler	System.Windows.Forms	System/Windows/Forms/__init__.py	168932	169036	MulticastDelegate, ICloneable, ISerializable	0
PaintValueEventArgs	System.Drawing.Design	System/Drawing/Design.py	686	744	EventArgs	0
PairedImage	Autodesk.AutoCAD.Internal.Render.RapidRT	Autodesk/AutoCAD/Internal/Render/RapidRT.py	3	9		3
Palette	Autodesk.AutoCAD.Windows	Autodesk/AutoCAD/Windows/__init__.py	201	206		2
PaletteActivatedEventArgs	Autodesk.AutoCAD.Windows	Autodesk/AutoCAD/Windows/__init__.py	207	212	EventArgs	2
PaletteActivatedEventHandler	Autodesk.AutoCAD.Windows	Autodesk/AutoCAD/Windows/__init__.py	213	221		5
PaletteAddContextMenuEventArgs	Autodesk.AutoCAD.Windows	Autodesk/AutoCAD/Windows/__init__.py	222	229	EventArgs	4
PaletteAddContextMenuEventHandler	Autodesk.AutoCAD.Windows	Autodesk/AutoCAD/Windows/__init__.py	230	238		5
PaletteEnterSizeMoveEventArgs	Autodesk.AutoCAD.Windows	Autodesk/AutoCAD/Windows/__init__.py	239	243	EventArgs	1
PaletteEnterSizeMoveEventHandler	Autodesk.AutoCAD.Windows	Autodesk/AutoCAD/Windows/__init__.py	244	252		5
PaletteFlags	System.Drawing.Imaging	System/Drawing/Imaging.py	3489	3535	Enum, IComparable, IFormattable, IConvertible	0
PalettePersistEventArgs	Autodesk.AutoCAD.Windows	Autodesk/AutoCAD/Windows/__init__.py	253	257	EventArgs	1
PalettePersistEventHandler	Autodesk.AutoCAD.Windows	Autodesk/AutoCAD/Windows/__init__.py	258	266		5
PaletteSet	Autodesk.AutoCAD.Windows	Autodesk/AutoCAD/Windows/__init__.py	267	316	Window	46
PaletteSetDestroyEventHandler	Autodesk.AutoCAD.Windows	Autodesk/AutoCAD/Windows/__init__.py	317	325		5
PaletteSetDockSite	Autodesk.AutoCAD.Windows	Autodesk/AutoCAD/Windows/__init__.py	326	333		4
PaletteSetFocusedEventArgs	Autodesk.AutoCAD.Windows	Autodesk/AutoCAD/Windows/__init__.py	334	338	EventArgs	0
PaletteSetFocusedEventHandler	Autodesk.AutoCAD.Windows	Autodesk/AutoCAD/Windows/__init__.py	339	347		5
PaletteSetHelpEventArgs	Autodesk.AutoCAD.Windows	Autodesk/AutoCAD/Windows/__init__.py	348	352	EventArgs	0
PaletteSetHelpEventHandler	Autodesk.AutoCAD.Windows	Autodesk/AutoCAD/Windows/__init__.py	353	361		5
PaletteSetMoveEventArgs	Autodesk.AutoCAD.Windows	Autodesk/AutoCAD/Windows/__init__.py	362	367	EventArgs	2
PaletteSetMoveEventHandler	Autodesk.AutoCAD.Windows	Autodesk/AutoCAD/Windows/__init__.py	368	376		5
PaletteSetShowDockBarEventHandler	Autodesk.AutoCAD.Windows	Autodesk/AutoCAD/Windows/__init__.py	377	385		5
PaletteSetSizeEventArgs	Autodesk.AutoCAD.Windows	Autodesk/AutoCAD/Windows/__init__.py	386	393	EventArgs	4
PaletteSetSizeEventHandler	Autodesk.AutoCAD.Windows	Autodesk/AutoCAD/Windows/__init__.py	394	402		5
PaletteSetStateEventArgs	Autodesk.AutoCAD.Windows	Autodesk/AutoCAD/Windows/__init__.py	403	407	EventArgs	1
PaletteSetStateEventHandler	Autodesk.AutoCAD.Windows	Autodesk/AutoCAD/Windows/__init__.py	408	416		5
PaletteSetStyles	Autodesk.AutoCAD.Windows	Autodesk/AutoCAD/Windows/__init__.py	417	421		0
PaletteSetTitleBarLocation	Autodesk.AutoCAD.Windows	Autodesk/AutoCAD/Windows/__init__.py	422	426		0
PaletteSetTitleBarLocationChangeEventHandler	Autodesk.AutoCAD.Windows	Autodesk/AutoCAD/Windows/__init__.py	427	435		5
PaletteShowDockBarEventArgs	Autodesk.AutoCAD.Windows	Autodesk/AutoCAD/Windows/__init__.py	436	440	EventArgs	1
Pane	Autodesk.AutoCAD.Windows	Autodesk/AutoCAD/Windows/__init__.py	441	455	StatusBarItem	11
PaneCollection	Autodesk.AutoCAD.Windows	Autodesk/AutoCAD/Windows/__init__.py	456	472		13
PaneStyles	Autodesk.AutoCAD.Windows	Autodesk/AutoCAD/Windows/__init__.py	473	477		0
Panel	Autodesk.Revit.DB	Autodesk/Revit/DB/__init__.py	13501	13570	FamilyInstance	66
Panel	System.Windows.Forms	System/Windows/Forms/__init__.py	116939	119185	ScrollableControl, IComponent, IDisposable, IOleControl, IOleObject, IOleInPlaceObject, IOleInPlaceActiveObject, IOleWindow, IViewObject, IViewObject2, IPersist, IPersistStreamInit, IPersistPropertyBag, IPersistStorage, IQuickActivate, ISupportOleDropSource, IDropTarget, ISynchronizeInvoke, IWin32Window, IArrangedElement, IBindableComponent	0
PanelConfiguration	Autodesk.Revit.DB.Electrical	Autodesk/Revit/DB/Electrical.py	1467	1471		0
PanelScheduleData	Autodesk.Revit.DB.Electrical	Autodesk/Revit/DB/Electrical.py	1472	1514	TableData	39
PanelSchedulePhaseLoadType	Autodesk.Revit.DB.Electrical	Autodesk/Revit/DB/Electrical.py	1515	1519		0
PanelScheduleSheetInstance	Autodesk.Revit.DB.Electrical	Autodesk/Revit/DB/Electrical.py	1520	1556	Element	32
PanelScheduleTemplate	Autodesk.Revit.DB.Electrical	Autodesk/Revit/DB/Electrical.py	1557	1603	Element	40
PanelScheduleType	Autodesk.Revit.DB.Electrical	Autodesk/Revit/DB/Electrical.py	1604	1608		0
PanelScheduleView	Autodesk.Revit.DB.Electrical	Autodesk/Revit/DB/Electrical.py	1609	1725	TableView	112
PanelType	Autodesk.Revit.DB	Autodesk/Revit/DB/__init__.py	13571	13609	FamilySymbol	35
PanelTypeSet	Autodesk.Revit.DB	Autodesk/Revit/DB/__init__.py	13610	13623	APIObject	10
PanelTypeSetIterator	Autodesk.Revit.DB	Autodesk/Revit/DB/__init__.py	13624	13631	APIObject	4
PaperKind	System.Drawing.Printing	System/Drawing/Printing.py	652	812	Enum, IComparable, IFormattable, IConvertible	0
PaperOrientationStates	Autodesk.AutoCAD.DatabaseServices	Autodesk/AutoCAD/DatabaseServices/__init__.py	13331	13335		0
PaperPlacementType	Autodesk.Revit.DB	Autodesk/Revit/DB/__init__.py	13632	13636		0
PaperSize	Autodesk.Revit.DB	Autodesk/Revit/DB/__init__.py	13637	13642	APIObject	2
PaperSize	System.Drawing.Printing	System/Drawing/Printing.py	813	908	object	0
PaperSizeSet	Autodesk.Revit.DB	Autodesk/Revit/DB/__init__.py	13643	13656	APIObject	10
PaperSizeSetIterator	Autodesk.Revit.DB	Autodesk/Revit/DB/__init__.py	13657	13664	APIObject	4
PaperSource	Autodesk.Revit.DB	Autodesk/Revit/DB/__init__.py	13665	13670	APIObject	2
PaperSource	System.Drawing.Printing	System/Drawing/Printing.py	909	967	object	0
PaperSourceKind	System.Drawing.Printing	System/Drawing/Printing.py	968	1025	Enum, IComparable, IFormattable, IConvertible	0
PaperSourceSet	Autodesk.Revit.DB	Autodesk/Revit/DB/__init__.py	13671	13684	APIObject	10
PaperSourceSetIterator	Autodesk.Revit.DB	Autodesk/Revit/DB/__init__.py	13685	13692	APIObject	4
ParagraphAlignmentOpionsCommand	Autodesk.AutoCAD.Windows.Data	Autodesk/AutoCAD/Windows/Data/__init__.py	1048	1052	IPECommandBase	1
ParagraphDialogCommand	Autodesk.AutoCAD.Windows.Data	Autodesk/AutoCAD/Windows/Data/__init__.py	1053	1057	IPECommandBase	1
ParallelConstraint	Autodesk.AutoCAD.DatabaseServices	Autodesk/AutoCAD/DatabaseServices/__init__.py	13336	13351	GeometricalConstraint	12
Param	Autodesk.Civil.Runtime	Autodesk/Civil/Runtime.py	101	105		0
ParamAccessType	Autodesk.Civil.Runtime	Autodesk/Civil/Runtime.py	106	110		0
ParamAlignment	Autodesk.Civil.Runtime	Autodesk/Civil/Runtime.py	111	122	ParamBase<6\,Autodesk::AutoCAD::DatabaseServices::ObjectId\,AcDbObjectId\,Autodesk::Civil::Runtime::CastOpAlignmentId>	8
ParamAlignmentCollection	Autodesk.Civil.Runtime	Autodesk/Civil/Runtime.py	123	249	ParamCollectionBase<Autodesk::Civil::Runtime::ParamAlignment\,Autodesk::Civil::Runtime::ParamAlignment ^>	83
ParamArrayAttribute	System	System/__init__.py	31428	31440	Attribute, _Attribute	0
ParamBool	Autodesk.Civil.Runtime	Autodesk/Civil/Runtime.py	250	262	ParamBase<1\,bool\,bool\,Autodesk::Civil::Runtime::CastOp<bool\,bool> >	9
ParamBoolCollection	Autodesk.Civil.Runtime	Autodesk/Civil/Runtime.py	263	370	ParamCollectionBase<Autodesk::Civil::Runtime::ParamBool\,Autodesk::Civil::Runtime::ParamBool ^>	64
ParamDouble	Autodesk.Civil.Runtime	Autodesk/Civil/Runtime.py	371	383	ParamBase<3\,double\,double\,Autodesk::Civil::Runtime::CastOp<double\,double> >	9
ParamDoubleCollection	Autodesk.Civil.Runtime	Autodesk/Civil/Runtime.py	384	391	ParamCollectionBase<Autodesk::Civil::Runtime::ParamDouble\,Autodesk::Civil::Runtime::ParamDouble ^>	4
ParamElevationTarget	Autodesk.Civil.Runtime	Autodesk/Civil/Runtime.py	392	403	ParamBase<10\,Autodesk::Civil::DatabaseServices::SlopeElevationTarget ^\,AcArray<AcDbObjectId\,AcArrayMemCopyReallocator<AcDbObjectId> >\,Autodesk::Civil::Runtime::CastOp<Autodesk::Civil::DatabaseServices::SlopeElevationTarget ^\,AcArray<AcDbObjectId\,AcArrayMemCopyReallocator<AcDbObjectId> > > >	8
ParamElevationTargetCollection	Autodesk.Civil.Runtime	Autodesk/Civil/Runtime.py	404	410	ParamCollectionBase<Autodesk::Civil::Runtime::ParamElevationTarget\,Autodesk::Civil::Runtime::ParamElevationTarget ^>	3
ParamLogicalNameType	Autodesk.Civil.Runtime	Autodesk/Civil/Runtime.py	411	415		0
ParamLong	Autodesk.Civil.Runtime	Autodesk/Civil/Runtime.py	416	431	ParamBase<2\,long\,long\,Autodesk::Civil::Runtime::CastOp<long\,long> >	12
ParamLongCollection	Autodesk.Civil.Runtime	Autodesk/Civil/Runtime.py	432	439	ParamCollectionBase<Autodesk::Civil::Runtime::ParamLong\,Autodesk::Civil::Runtime::ParamLong ^>	4
ParamOffsetTarget	Autodesk.Civil.Runtime	Autodesk/Civil/Runtime.py	440	451	ParamBase<9\,Autodesk::Civil::DatabaseServices::WidthOffsetTarget ^\,AcArray<AcDbObjectId\,AcArrayMemCopyReallocator<AcDbObjectId> >\,Autodesk::Civil::Runtime::CastOp<Autodesk::Civil::DatabaseServices::WidthOffsetTarget ^\,AcArray<AcDbObjectId\,AcArrayMemCopyReallocator<AcDbObjectId> > > >	8
ParamOffsetTargetCollection	Autodesk.Civil.Runtime	Autodesk/Civil/Runtime.py	452	458	ParamCollectionBase<Autodesk::Civil::Runtime::ParamOffsetTarget\,Autodesk::Civil::Runtime::ParamOffsetTarget ^>	3
ParamPoint	Autodesk.Civil.Runtime	Autodesk/Civil/Runtime.py	459	475	ParamBase<5\,Autodesk::AutoCAD::Geometry::Point3d\,AcGePoint3d\,Autodesk::Civil::Runtime::CastOp<Autodesk::AutoCAD::Geometry::Point3d\,AcGePoint3d> >	13
ParamPointCollection	Autodesk.Civil.Runtime	Autodesk/Civil/Runtime.py	476	483	ParamCollectionBase<Autodesk::Civil::Runtime::ParamPoint\,Autodesk::Civil::Runtime::ParamPoint ^>	4
ParamProfile	Autodesk.Civil.Runtime	Autodesk/Civil/Runtime.py	484	495	ParamBase<7\,Autodesk::AutoCAD::DatabaseServices::ObjectId\,AcDbObjectId\,Autodesk::Civil::Runtime::CastOpProfileId>	8
ParamProfileCollection	Autodesk.Civil.Runtime	Autodesk/Civil/Runtime.py	496	502	ParamCollectionBase<Autodesk::Civil::Runtime::ParamProfile\,Autodesk::Civil::Runtime::ParamProfile ^>	3
ParamScope	Autodesk.Civil.Runtime	Autodesk/Civil/Runtime.py	503	507		0
ParamString	Autodesk.Civil.Runtime	Autodesk/Civil/Runtime.py	508	519	ParamBase<4\,System::String ^\,AecRmCString\,Autodesk::Civil::Runtime::CastOp<System::String ^\,AecRmCString> >	8
ParamStringCollection	Autodesk.Civil.Runtime	Autodesk/Civil/Runtime.py	520	527	ParamCollectionBase<Autodesk::Civil::Runtime::ParamString\,Autodesk::Civil::Runtime::ParamString ^>	4
ParamSurface	Autodesk.Civil.Runtime	Autodesk/Civil/Runtime.py	528	539	ParamBase<8\,Autodesk::AutoCAD::DatabaseServices::ObjectId\,AcDbObjectId\,Autodesk::Civil::Runtime::CastOpSurfaceId>	8
ParamSurfaceCollection	Autodesk.Civil.Runtime	Autodesk/Civil/Runtime.py	540	546	ParamCollectionBase<Autodesk::Civil::Runtime::ParamSurface\,Autodesk::Civil::Runtime::ParamSurface ^>	3
ParamType	Autodesk.Civil.Runtime	Autodesk/Civil/Runtime.py	547	551		0
Parameter	Autodesk.Revit.DB	Autodesk/Revit/DB/__init__.py	13693	13723	APIObject	26
ParameterAccess	Autodesk.Revit.DB	Autodesk/Revit/DB/__init__.py	13724	13731		4
ParameterChangeListenerManager	Autodesk.Aec.DatabaseServices	Autodesk/Aec/DatabaseServices.py	7255	7262		2
ParameterDownloadOptions	Autodesk.Revit.DB	Autodesk/Revit/DB/__init__.py	13732	13743		8
ParameterElement	Autodesk.Revit.DB	Autodesk/Revit/DB/__init__.py	13744	13775	Element	28
ParameterFilterElement	Autodesk.Revit.DB	Autodesk/Revit/DB/__init__.py	13776	13819	FilterElement	37
ParameterFilterRuleFactory	Autodesk.Revit.DB	Autodesk/Revit/DB/__init__.py	13820	13859		19
ParameterFilterUtilities	Autodesk.Revit.DB	Autodesk/Revit/DB/__init__.py	13860	13873		5
ParameterMap	Autodesk.Revit.DB	Autodesk/Revit/DB/__init__.py	13874	13888	APIObject	11
ParameterMapIterator	Autodesk.Revit.DB	Autodesk/Revit/DB/__init__.py	13889	13897	APIObject	5
ParameterSet	Autodesk.Revit.DB	Autodesk/Revit/DB/__init__.py	13898	13911	APIObject	10
ParameterSetIterator	Autodesk.Revit.DB	Autodesk/Revit/DB/__init__.py	13912	13919	APIObject	4
ParameterTypeId	Autodesk.Revit.DB	Autodesk/Revit/DB/__init__.py	13920	17727		3804
ParameterUtils	Autodesk.Revit.DB	Autodesk/Revit/DB/__init__.py	17728	17757		13
ParameterValue	Autodesk.Revit.DB	Autodesk/Revit/DB/__init__.py	17758	17766		5
ParameterValuePresenceRule	Autodesk.Revit.DB	Autodesk/Revit/DB/__init__.py	17767	17772	FilterRule	2
ParameterValueProvider	Autodesk.Revit.DB	Autodesk/Revit/DB/__init__.py	17773	17778	FilterableValueProvider	2
ParameterValueSet	Autodesk.AutoCAD.DatabaseServices	Autodesk/AutoCAD/DatabaseServices/__init__.py	13352	13362	DisposableWrapper	7
ParameterValueSetIncrement	Autodesk.AutoCAD.DatabaseServices	Autodesk/AutoCAD/DatabaseServices/__init__.py	13363	13373	ParameterValueSetMinMax	7
ParameterValueSetList	Autodesk.AutoCAD.DatabaseServices	Autodesk/AutoCAD/DatabaseServices/__init__.py	13374	13382	ParameterValueSet	5
ParameterValueSetMinMax	Autodesk.AutoCAD.DatabaseServices	Autodesk/AutoCAD/DatabaseServices/__init__.py	13383	13392	ParameterValueSet	6
ParametersOrder	Autodesk.Revit.DB	Autodesk/Revit/DB/__init__.py	17779	17783		0
ParamsOwnerType	Autodesk.Civil.Runtime	Autodesk/Civil/Runtime.py	552	556		0
Parcel	Autodesk.Civil.DatabaseServices	Autodesk/Civil/DatabaseServices/__init__.py	11288	11414	Entity	123
ParcelAnalysisType	Autodesk.Civil	Autodesk/Civil/__init__.py	833	837		0
ParcelAreaLabel	Autodesk.Civil.DatabaseServices	Autodesk/Civil/DatabaseServices/__init__.py	11415	11566	FeatureLabel	146
ParcelDisplayStyleType	Autodesk.Civil.DatabaseServices.Styles	Autodesk/Civil/DatabaseServices/Styles.py	3169	3173		0
ParcelRemainderDistributionType	Autodesk.Civil	Autodesk/Civil/__init__.py	838	842		0
ParcelSegment	Autodesk.Civil.DatabaseServices	Autodesk/Civil/DatabaseServices/__init__.py	11567	11683	Feature	113
ParcelSegmentLabel	Autodesk.Civil.DatabaseServices	Autodesk/Civil/DatabaseServices/__init__.py	11684	11838	GeneralSegmentLabel	149
ParcelSegmentTable	Autodesk.Civil.DatabaseServices	Autodesk/Civil/DatabaseServices/__init__.py	11839	11953	Table	111
ParcelSelectionType	Autodesk.Civil	Autodesk/Civil/__init__.py	843	847		0
ParcelSolutionType	Autodesk.Civil	Autodesk/Civil/__init__.py	848	852		0
ParcelStyle	Autodesk.Civil.DatabaseServices.Styles	Autodesk/Civil/DatabaseServices/Styles.py	3174	3237	StyleBase	60
ParcelStyleCollection	Autodesk.Civil.DatabaseServices.Styles	Autodesk/Civil/DatabaseServices/Styles.py	3238	3248	StyleCollectionBase	7
ParcelTable	Autodesk.Civil.DatabaseServices	Autodesk/Civil/DatabaseServices/__init__.py	11954	12068	Table	111
ParseOption	Autodesk.AutoCAD.DatabaseServices	Autodesk/AutoCAD/DatabaseServices/__init__.py	13393	13397		0
Part	Autodesk.Civil.DatabaseServices	Autodesk/Civil/DatabaseServices/__init__.py	12069	12225	GeoEntity	153
Part	Autodesk.Revit.DB	Autodesk/Revit/DB/__init__.py	17784	17824	Element	37
PartCatalogDataType	Autodesk.Civil.DatabaseServices	Autodesk/Civil/DatabaseServices/__init__.py	12226	12230		0
PartContextType	Autodesk.Civil.DatabaseServices	Autodesk/Civil/DatabaseServices/__init__.py	12231	12235		0
PartDataField	Autodesk.Civil.DatabaseServices	Autodesk/Civil/DatabaseServices/__init__.py	12236	12252		13
PartDataList	Autodesk.Civil.DatabaseServices	Autodesk/Civil/DatabaseServices/__init__.py	12253	12263		7
PartDataRange	Autodesk.Civil.DatabaseServices	Autodesk/Civil/DatabaseServices/__init__.py	12264	12275		8
PartDataRecord	Autodesk.Civil.DatabaseServices	Autodesk/Civil/DatabaseServices/__init__.py	12276	12284		5
PartDataSourceType	Autodesk.Civil.DatabaseServices.Styles	Autodesk/Civil/DatabaseServices/Styles.py	3249	3253		0
PartDef	Autodesk.Civil.DatabaseServices	Autodesk/Civil/DatabaseServices/__init__.py	12285	12337	DBObject	49
PartEdgeConditionOrientation	Autodesk.Revit.DB	Autodesk/Revit/DB/__init__.py	17825	17829		0
PartFamily	Autodesk.Civil.DatabaseServices.Styles	Autodesk/Civil/DatabaseServices/Styles.py	3254	3313	DBObject	56
PartMaker	Autodesk.Revit.DB	Autodesk/Revit/DB/__init__.py	17830	17863	Element	30
PartMakerMethodToDivideVolumes	Autodesk.Revit.DB	Autodesk/Revit/DB/__init__.py	17864	17896		25
PartParamUsageType	Autodesk.Civil.DatabaseServices	Autodesk/Civil/DatabaseServices/__init__.py	12338	12342		0
PartProfileLabel	Autodesk.Civil.DatabaseServices	Autodesk/Civil/DatabaseServices/__init__.py	12343	12491	FeatureLabel	145
PartSectionLabel	Autodesk.Civil.DatabaseServices	Autodesk/Civil/DatabaseServices/__init__.py	12492	12640	FeatureLabel	145
PartSize	Autodesk.Civil.DatabaseServices.Styles	Autodesk/Civil/DatabaseServices/Styles.py	3314	3367	DBObject	50
PartType	Autodesk.Civil.DatabaseServices	Autodesk/Civil/DatabaseServices/__init__.py	12641	12645		0
PartType	Autodesk.Revit.DB	Autodesk/Revit/DB/__init__.py	17897	17901		0
PartUtils	Autodesk.Revit.DB	Autodesk/Revit/DB/__init__.py	17902	17941		18
PartViewDef	Autodesk.Civil.DatabaseServices	Autodesk/Civil/DatabaseServices/__init__.py	12646	12658	ImpObject	9
PartialFailureResults	Autodesk.Revit.DB.Fabrication	Autodesk/Revit/DB/Fabrication.py	141	145		0
PartsList	Autodesk.Civil.DatabaseServices.Styles	Autodesk/Civil/DatabaseServices/Styles.py	3368	3429	StyleBase	57
PartsListCollection	Autodesk.Civil.DatabaseServices.Styles	Autodesk/Civil/DatabaseServices/Styles.py	3430	3440	StyleCollectionBase	7
PartsVisibility	Autodesk.Revit.DB	Autodesk/Revit/DB/__init__.py	17942	17946		0
PasswordOptions	Autodesk.AutoCAD.DatabaseServices	Autodesk/AutoCAD/DatabaseServices/__init__.py	13398	13402		0
PatPatternCategory	Autodesk.AutoCAD.Windows.Data	Autodesk/AutoCAD/Windows/Data/__init__.py	1058	1062		0
Path3DDistributionRebarHandles	Autodesk.Revit.DB.Structure	Autodesk/Revit/DB/Structure/__init__.py	1797	1801		0
Path3d	Autodesk.Revit.DB	Autodesk/Revit/DB/__init__.py	17947	17980	SketchBase	30
PathData	System.Drawing.Drawing2D	System/Drawing/Drawing2D.py	4277	4312	object	0
PathGradientBrush	System.Drawing.Drawing2D	System/Drawing/Drawing2D.py	4313	4782	Brush, ICloneable, IDisposable	0
PathOfTravel	Autodesk.Revit.DB.Analysis	Autodesk/Revit/DB/Analysis.py	1445	1503	Element	46
PathOfTravelCalculationServerIds	Autodesk.Revit.DB.Analysis	Autodesk/Revit/DB/Analysis.py	1504	1508		1
PathOfTravelCalculationStatus	Autodesk.Revit.DB.Analysis	Autodesk/Revit/DB/Analysis.py	1509	1513		0
PathOption	Autodesk.AutoCAD.DatabaseServices	Autodesk/AutoCAD/DatabaseServices/__init__.py	13403	13407		0
PathPointType	System.Drawing.Drawing2D	System/Drawing/Drawing2D.py	4783	4834	Enum, IComparable, IFormattable, IConvertible	0
PathRef	Autodesk.AutoCAD.DatabaseServices	Autodesk/AutoCAD/DatabaseServices/__init__.py	13408	13420	GeomRef	9
PathReinSpanSymbol	Autodesk.Revit.DB.Structure	Autodesk/Revit/DB/Structure/__init__.py	1802	1848	IndependentTag	42
PathReinforcement	Autodesk.Revit.DB.Structure	Autodesk/Revit/DB/Structure/__init__.py	1849	1903	Element	46
PathReinforcementType	Autodesk.Revit.DB.Structure	Autodesk/Revit/DB/Structure/__init__.py	1904	1940	ElementType	32
PathType	Autodesk.Revit.DB	Autodesk/Revit/DB/__init__.py	17981	17985		0
PatternDefinition	Autodesk.AutoCAD.DatabaseServices	Autodesk/AutoCAD/DatabaseServices/__init__.py	13421	13430		6
PatternJustification	Autodesk.Revit.DB.Architecture	Autodesk/Revit/DB/Architecture.py	581	585		0
PayItemFileFormat	Autodesk.Civil.DatabaseServices	Autodesk/Civil/DatabaseServices/__init__.py	12659	12663		0
PdfDefinition	Autodesk.AutoCAD.DatabaseServices	Autodesk/AutoCAD/DatabaseServices/__init__.py	13431	13479	UnderlayDefinition	45
PdfReference	Autodesk.AutoCAD.DatabaseServices	Autodesk/AutoCAD/DatabaseServices/__init__.py	13480	13573	UnderlayReference	90
Pen	System.Drawing	System/Drawing/__init__.py	8277	8762	MarshalByRefObject, ISystemColorTracker, ICloneable, IDisposable	0
PenAlignment	System.Drawing.Drawing2D	System/Drawing/Drawing2D.py	4835	4883	Enum, IComparable, IFormattable, IConvertible	0
PenType	System.Drawing.Drawing2D	System/Drawing/Drawing2D.py	4884	4932	Enum, IComparable, IFormattable, IConvertible	0
Pens	System.Drawing	System/Drawing/__init__.py	8763	8907	object	0
PerDocumentClassAttribute	Autodesk.AutoCAD.Runtime	Autodesk/AutoCAD/Runtime.py	450	455	Attribute	2
PerPropertyBrowsingEntryAttribute	Autodesk.AutoCAD.Windows.ToolPalette	Autodesk/AutoCAD/Windows/ToolPalette.py	109	123	Attribute	11
PerfLog	Autodesk.AutoCAD.Internal	Autodesk/AutoCAD/Internal/__init__.py	2046	2053		2
PerformanceAdviser	Autodesk.Revit.DB	Autodesk/Revit/DB/__init__.py	17986	18007		17
PerformanceAdviserRuleId	Autodesk.Revit.DB	Autodesk/Revit/DB/__init__.py	18008	18012	GuidEnum	1
PerformanceAdviserRules	Autodesk.Revit.DB	Autodesk/Revit/DB/__init__.py	18013	18017		0
Permissions	Autodesk.AutoCAD.DatabaseServices.Internal	Autodesk/AutoCAD/DatabaseServices/Internal.py	43	47		0
PerpendicularConstraint	Autodesk.AutoCAD.DatabaseServices	Autodesk/AutoCAD/DatabaseServices/__init__.py	13574	13589	GeometricalConstraint	12
Phase	Autodesk.Revit.DB	Autodesk/Revit/DB/__init__.py	18018	18048	Element	27
PhaseArray	Autodesk.Revit.DB	Autodesk/Revit/DB/__init__.py	18049	18062	APIObject	10
PhaseArrayIterator	Autodesk.Revit.DB	Autodesk/Revit/DB/__init__.py	18063	18070	APIObject	4
PhaseFilter	Autodesk.Revit.DB	Autodesk/Revit/DB/__init__.py	18071	18106	Element	31
PhaseStatusPresentation	Autodesk.Revit.DB	Autodesk/Revit/DB/__init__.py	18107	18111		0
PhotographicExposureParameters	Autodesk.AutoCAD.GraphicsInterface	Autodesk/AutoCAD/GraphicsInterface.py	934	954	ToneOperatorParameters	17
PhotometricWebLightDistribution	Autodesk.Revit.DB.Lighting	Autodesk/Revit/DB/Lighting.py	201	207	LightDistribution	3
PhysicalIntensityMethod	Autodesk.AutoCAD.DatabaseServices	Autodesk/AutoCAD/DatabaseServices/__init__.py	13590	13594		0
PickBoxStyle	Autodesk.Revit.UI.Selection	Autodesk/Revit/UI/Selection.py	19	23		0
PickHandler	Autodesk.AutoCAD.Windows.ToolPalette	Autodesk/AutoCAD/Windows/ToolPalette.py	124	132		5
PickItemResult	Autodesk.Navisworks.Api	Autodesk/Navisworks/Api/__init__.py	1317	1324		4
PickPointDescriptor	Autodesk.AutoCAD.EditorInput	Autodesk/AutoCAD/EditorInput.py	550	560		7
PickPointKind	Autodesk.AutoCAD.EditorInput	Autodesk/AutoCAD/EditorInput.py	561	565		0
PickPointSelectedObject	Autodesk.AutoCAD.EditorInput	Autodesk/AutoCAD/EditorInput.py	566	576	SelectedObject	7
PickPointSelectedSubObject	Autodesk.AutoCAD.EditorInput	Autodesk/AutoCAD/EditorInput.py	577	587	SelectedSubObject	7
PickPrimitives	Autodesk.Navisworks.Api	Autodesk/Navisworks/Api/__init__.py	1325	1329		0
PickResults	Autodesk.Navisworks.Api	Autodesk/Navisworks/Api/__init__.py	1330	1334		0
PickedBox	Autodesk.Revit.UI.Selection	Autodesk/Revit/UI/Selection.py	24	29		2
PictureBox	System.Windows.Forms	System/Windows/Forms/__init__.py	169037	171425	Control, IComponent, IDisposable, IOleControl, IOleObject, IOleInPlaceObject, IOleInPlaceActiveObject, IOleWindow, IViewObject, IViewObject2, IPersist, IPersistStreamInit, IPersistPropertyBag, IPersistStorage, IQuickActivate, ISupportOleDropSource, IDropTarget, ISynchronizeInvoke, IWin32Window, IArrangedElement, IBindableComponent, ISupportInitialize	0
PictureBoxSizeMode	System.Windows.Forms	System/Windows/Forms/__init__.py	171426	171474	Enum, IComparable, IFormattable, IConvertible	0
Pipe	Autodesk.Civil.DatabaseServices	Autodesk/Civil/DatabaseServices/__init__.py	12664	12869	Part	202
Pipe	Autodesk.Revit.DB.Plumbing	Autodesk/Revit/DB/Plumbing.py	191	243	MEPCurve	44
PipeCenterlineType	Autodesk.Civil.DatabaseServices.Styles	Autodesk/Civil/DatabaseServices/Styles.py	3441	3445		0
PipeCenterlineWidthType	Autodesk.Civil.DatabaseServices.Styles	Autodesk/Civil/DatabaseServices/Styles.py	3446	3450		0
PipeCurveGeometry	Autodesk.Civil.DatabaseServices	Autodesk/Civil/DatabaseServices/__init__.py	12870	12880	DisposableWrapper	7
PipeDisplayStylePlanType	Autodesk.Civil.DatabaseServices.Styles	Autodesk/Civil/DatabaseServices/Styles.py	3451	3455		0
PipeDisplayStyleProfileType	Autodesk.Civil.DatabaseServices.Styles	Autodesk/Civil/DatabaseServices/Styles.py	3456	3460		0
PipeDisplayStyleSectionType	Autodesk.Civil.DatabaseServices.Styles	Autodesk/Civil/DatabaseServices/Styles.py	3461	3465		0
PipeEndLocation	Autodesk.Civil.DatabaseServices	Autodesk/Civil/DatabaseServices/__init__.py	12881	12885		0
PipeEndSizeType	Autodesk.Civil.DatabaseServices.Styles	Autodesk/Civil/DatabaseServices/Styles.py	3466	3470		0
PipeFittingAndAccessoryConnectorData	Autodesk.Revit.DB.Plumbing	Autodesk/Revit/DB/Plumbing.py	244	260		13
PipeFittingAndAccessoryData	Autodesk.Revit.DB.Plumbing	Autodesk/Revit/DB/Plumbing.py	261	276		12
PipeFittingAndAccessoryPressureDropData	Autodesk.Revit.DB.Plumbing	Autodesk/Revit/DB/Plumbing.py	277	287		7
PipeFittingAndAccessoryPressureDropItem	Autodesk.Revit.DB.Plumbing	Autodesk/Revit/DB/Plumbing.py	288	297		6
PipeFittingAndAccessoryPressureDropUIData	Autodesk.Revit.UI.Plumbing	Autodesk/Revit/UI/Plumbing.py	9	16		4
PipeFittingAndAccessoryPressureDropUIDataItem	Autodesk.Revit.UI.Plumbing	Autodesk/Revit/UI/Plumbing.py	17	25		5
PipeFlowConfigurationType	Autodesk.Revit.DB.Plumbing	Autodesk/Revit/DB/Plumbing.py	298	302		0
PipeFlowState	Autodesk.Revit.DB.Plumbing	Autodesk/Revit/DB/Plumbing.py	303	307		0
PipeHatchStyleProfileType	Autodesk.Civil.DatabaseServices.Styles	Autodesk/Civil/DatabaseServices/Styles.py	3471	3475		0
PipeHatchType	Autodesk.Civil.DatabaseServices.Styles	Autodesk/Civil/DatabaseServices/Styles.py	3476	3480		0
PipeInsulation	Autodesk.Revit.DB.Plumbing	Autodesk/Revit/DB/Plumbing.py	308	349	InsulationLiningBase	37
PipeInsulationType	Autodesk.Revit.DB.Plumbing	Autodesk/Revit/DB/Plumbing.py	350	384	ElementType	31
PipeLabel	Autodesk.Civil.DatabaseServices	Autodesk/Civil/DatabaseServices/__init__.py	12886	13039	FeatureLabel	148
PipeLossMethodType	Autodesk.Revit.DB.Plumbing	Autodesk/Revit/DB/Plumbing.py	385	389		0
PipeNetworkBandLabelGroup	Autodesk.Civil.DatabaseServices	Autodesk/Civil/DatabaseServices/__init__.py	13040	13180	ProfileBandLabelGroup	135
PipeNetworkBandStyle	Autodesk.Civil.DatabaseServices.Styles	Autodesk/Civil/DatabaseServices/Styles.py	3481	3549	BandStyle	65
PipeNetworkDatabaseExtension	Autodesk.Civil.DatabaseServices	Autodesk/Civil/DatabaseServices/__init__.py	13181	13186		1
PipeNetworkDisplayStyleType	Autodesk.Civil.DatabaseServices.Styles	Autodesk/Civil/DatabaseServices/Styles.py	3550	3554		0
PipeNetworkPartDisplayType	Autodesk.Civil	Autodesk/Civil/__init__.py	853	857		0
PipeNetworkState	Autodesk.Civil.Runtime	Autodesk/Civil/Runtime.py	557	583	RuntimeState	23
PipeNetworkStructureType	Autodesk.Civil.DatabaseServices	Autodesk/Civil/DatabaseServices/__init__.py	13187	13191		0
PipeOverride	Autodesk.Civil.DatabaseServices	Autodesk/Civil/DatabaseServices/__init__.py	13192	13201	GraphOverride	6
PipeOverrideCollection	Autodesk.Civil.DatabaseServices	Autodesk/Civil/DatabaseServices/__init__.py	13202	13210	GraphOverrideCollection	5
PipePlumbingFixtureFlowData	Autodesk.Revit.DB.Plumbing	Autodesk/Revit/DB/Plumbing.py	390	400		7
PipePressureDropData	Autodesk.Revit.DB.Plumbing	Autodesk/Revit/DB/Plumbing.py	401	425		21
PipeProfileLabel	Autodesk.Civil.DatabaseServices	Autodesk/Civil/DatabaseServices/__init__.py	13211	13364	PartProfileLabel	148
PipeRuleSetStyle	Autodesk.Civil.DatabaseServices.Styles	Autodesk/Civil/DatabaseServices/Styles.py	3555	3608	NetworkRuleSetStyle	50
PipeRuleSetStyleCollection	Autodesk.Civil.DatabaseServices.Styles	Autodesk/Civil/DatabaseServices/Styles.py	3609	3619	StyleCollectionBase	7
PipeScheduleType	Autodesk.Revit.DB.Plumbing	Autodesk/Revit/DB/Plumbing.py	426	464	ElementType	33
PipeSectionLabel	Autodesk.Civil.DatabaseServices	Autodesk/Civil/DatabaseServices/__init__.py	13365	13517	PartSectionLabel	147
PipeSectionLabelPlacementType	Autodesk.Civil	Autodesk/Civil/__init__.py	858	862		0
PipeSegment	Autodesk.Revit.DB.Plumbing	Autodesk/Revit/DB/Plumbing.py	465	502	Segment	33
PipeSettings	Autodesk.Revit.DB.Plumbing	Autodesk/Revit/DB/Plumbing.py	503	561	Element	53
PipeStyle	Autodesk.Civil.DatabaseServices.Styles	Autodesk/Civil/DatabaseServices/Styles.py	3620	3682	StyleBase	59
PipeStyleCollection	Autodesk.Civil.DatabaseServices.Styles	Autodesk/Civil/DatabaseServices/Styles.py	3683	3693	StyleCollectionBase	7
PipeStyleOptionBase	Autodesk.Civil.DatabaseServices.Styles	Autodesk/Civil/DatabaseServices/Styles.py	3694	3710	CivilWrapper<AeccDbPipeStyle>	13
PipeStylePlanOption	Autodesk.Civil.DatabaseServices.Styles	Autodesk/Civil/DatabaseServices/Styles.py	3711	3731	PipeStyleOptionBase	17
PipeStyleProfileOption	Autodesk.Civil.DatabaseServices.Styles	Autodesk/Civil/DatabaseServices/Styles.py	3732	3749	PipeStyleOptionBase	14
PipeSubEntityType	Autodesk.Civil.DatabaseServices	Autodesk/Civil/DatabaseServices/__init__.py	13518	13522		0
PipeSystemType	Autodesk.Revit.DB.Plumbing	Autodesk/Revit/DB/Plumbing.py	562	566		0
PipeType	Autodesk.Revit.DB.Plumbing	Autodesk/Revit/DB/Plumbing.py	567	612	MEPCurveType	42
PipeUserDefinedType	Autodesk.Civil.DatabaseServices.Styles	Autodesk/Civil/DatabaseServices/Styles.py	3750	3754		0
PipeWallSizeType	Autodesk.Civil.DatabaseServices.Styles	Autodesk/Civil/DatabaseServices/Styles.py	3755	3759		0
PipingSystem	Autodesk.Revit.DB.Plumbing	Autodesk/Revit/DB/Plumbing.py	613	675	MEPSystem	54
PipingSystemType	Autodesk.Revit.DB.Plumbing	Autodesk/Revit/DB/Plumbing.py	676	732	MEPSystemType	52
PixelBGRA32	Autodesk.AutoCAD.GraphicsInterface	Autodesk/AutoCAD/GraphicsInterface.py	955	963		5
PixelFormat	System.Drawing.Imaging	System/Drawing/Imaging.py	3536	3602	Enum, IComparable, IFormattable, IConvertible	0
PixelOffsetMode	System.Drawing.Drawing2D	System/Drawing/Drawing2D.py	4933	4982	Enum, IComparable, IFormattable, IConvertible	0
PlaceHolder	Autodesk.AutoCAD.DatabaseServices	Autodesk/AutoCAD/DatabaseServices/__init__.py	13595	13638	DBObject	40
PlacementOptionType	Autodesk.Civil	Autodesk/Civil/__init__.py	863	867		0
PlanCircuit	Autodesk.Revit.DB	Autodesk/Revit/DB/__init__.py	18112	18120	APIObject	5
PlanCircuitSet	Autodesk.Revit.DB	Autodesk/Revit/DB/__init__.py	18121	18134	APIObject	10
PlanCircuitSetIterator	Autodesk.Revit.DB	Autodesk/Revit/DB/__init__.py	18135	18142	APIObject	4
PlanTopology	Autodesk.Revit.DB	Autodesk/Revit/DB/__init__.py	18143	18151	APIObject	5
PlanTopologySet	Autodesk.Revit.DB	Autodesk/Revit/DB/__init__.py	18152	18165	APIObject	10
PlanTopologySetIterator	Autodesk.Revit.DB	Autodesk/Revit/DB/__init__.py	18166	18173	APIObject	4
PlanViewAlignType	Autodesk.Civil	Autodesk/Civil/__init__.py	868	872		0
PlanViewDirection	Autodesk.Revit.DB	Autodesk/Revit/DB/__init__.py	18174	18178		0
PlanViewPlane	Autodesk.Revit.DB	Autodesk/Revit/DB/__init__.py	18179	18183		0
PlanViewRange	Autodesk.Revit.DB	Autodesk/Revit/DB/__init__.py	18184	18197		10
PlanViewRangeError	Autodesk.Revit.DB	Autodesk/Revit/DB/__init__.py	18198	18202		0
PlanViewRangeLevel	Autodesk.Revit.DB	Autodesk/Revit/DB/__init__.py	18203	18207		0
PlanarEntity	Autodesk.AutoCAD.Geometry	Autodesk/AutoCAD/Geometry.py	1480	1500	Surface	16
PlanarEquationCoefficients	Autodesk.AutoCAD.Geometry	Autodesk/AutoCAD/Geometry.py	1501	1508		4
PlanarFace	Autodesk.Revit.DB	Autodesk/Revit/DB/__init__.py	18208	18229	Face	18
Planarity	Autodesk.AutoCAD.DatabaseServices	Autodesk/AutoCAD/DatabaseServices/__init__.py	13639	13643		0
Plane	Autodesk.AutoCAD.Geometry	Autodesk/AutoCAD/Geometry.py	1509	1525	PlanarEntity	12
Plane	Autodesk.Revit.DB	Autodesk/Revit/DB/__init__.py	18230	18247	Surface	10
PlaneSurface	Autodesk.AutoCAD.DatabaseServices	Autodesk/AutoCAD/DatabaseServices/__init__.py	13644	13726	Surface	79
PlaneType	Autodesk.Aec.DatabaseServices	Autodesk/Aec/DatabaseServices.py	7263	7267		0
PlasticVinyl	Autodesk.Revit.DB.Visual	Autodesk/Revit/DB/Visual.py	796	811		12
PlasticvinylApplicationType	Autodesk.Revit.DB.Visual	Autodesk/Revit/DB/Visual.py	812	816		0
PlasticvinylBumpType	Autodesk.Revit.DB.Visual	Autodesk/Revit/DB/Visual.py	817	821		0
PlasticvinylPatternType	Autodesk.Revit.DB.Visual	Autodesk/Revit/DB/Visual.py	822	826		0
PlasticvinylType	Autodesk.Revit.DB.Visual	Autodesk/Revit/DB/Visual.py	827	831		0
PlatformID	System	System/__init__.py	31441	31491	Enum, IComparable, IFormattable, IConvertible	0
PlatformNotSupportedException	System	System/__init__.py	31492	31535	NotSupportedException, ISerializable, _Exception	0
PlayRecordCallback	System.Drawing.Imaging	System/Drawing/Imaging.py	3603	3707	MulticastDelegate, ICloneable, ISerializable	0
PlotCancelStatus	Autodesk.AutoCAD.PlottingServices	Autodesk/AutoCAD/PlottingServices.py	214	218		0
PlotCancelledEventHandler	Autodesk.AutoCAD.PlottingServices	Autodesk/AutoCAD/PlottingServices.py	219	227		5
PlotConfig	Autodesk.AutoCAD.PlottingServices	Autodesk/AutoCAD/PlottingServices.py	228	252	RXObject	21
PlotConfigInfo	Autodesk.AutoCAD.PlottingServices	Autodesk/AutoCAD/PlottingServices.py	253	263	RXObject	7
PlotConfigInfoCollection	Autodesk.AutoCAD.PlottingServices	Autodesk/AutoCAD/PlottingServices.py	264	274	DisposableWrapper	7
PlotConfigManager	Autodesk.AutoCAD.PlottingServices	Autodesk/AutoCAD/PlottingServices.py	275	287		7
PlotEngine	Autodesk.AutoCAD.PlottingServices	Autodesk/AutoCAD/PlottingServices.py	288	304	DisposableWrapper	13
PlotFactory	Autodesk.AutoCAD.PlottingServices	Autodesk/AutoCAD/PlottingServices.py	305	313		3
PlotInfo	Autodesk.AutoCAD.PlottingServices	Autodesk/AutoCAD/PlottingServices.py	314	328	RXObject	11
PlotInfoValidator	Autodesk.AutoCAD.PlottingServices	Autodesk/AutoCAD/PlottingServices.py	329	345	RXObject	13
PlotLogger	Autodesk.AutoCAD.PlottingServices	Autodesk/AutoCAD/PlottingServices.py	346	367	DisposableWrapper	18
PlotMessageIndex	Autodesk.AutoCAD.PlottingServices	Autodesk/AutoCAD/PlottingServices.py	368	372		0
PlotPageInfo	Autodesk.AutoCAD.PlottingServices	Autodesk/AutoCAD/PlottingServices.py	373	384	RXObject	8
PlotPaperUnit	Autodesk.AutoCAD.DatabaseServices	Autodesk/AutoCAD/DatabaseServices/__init__.py	13727	13731		0
PlotProgress	Autodesk.AutoCAD.PlottingServices	Autodesk/AutoCAD/PlottingServices.py	385	404	DisposableWrapper	16
PlotProgressDialog	Autodesk.AutoCAD.PlottingServices	Autodesk/AutoCAD/PlottingServices.py	405	430	PlotProgress	22
PlotReactorManager	Autodesk.AutoCAD.PlottingServices	Autodesk/AutoCAD/PlottingServices.py	431	435		0
PlotRotation	Autodesk.AutoCAD.DatabaseServices	Autodesk/AutoCAD/DatabaseServices/__init__.py	13732	13736		0
PlotSettings	Autodesk.AutoCAD.DatabaseServices	Autodesk/AutoCAD/DatabaseServices/__init__.py	13737	13814	DBObject	74
PlotSettingsShadePlotType	Autodesk.AutoCAD.DatabaseServices	Autodesk/AutoCAD/DatabaseServices/__init__.py	13815	13819		0
PlotSettingsValidator	Autodesk.AutoCAD.DatabaseServices	Autodesk/AutoCAD/DatabaseServices/__init__.py	13820	13849	DisposableWrapper	26
PlotStyleCollection	Autodesk.AutoCAD.Windows.Data	Autodesk/AutoCAD/Windows/Data/__init__.py	1063	1071	DbObjectCollection	5
PlotStyleDescriptor	Autodesk.AutoCAD.DatabaseServices	Autodesk/AutoCAD/DatabaseServices/__init__.py	13850	13858		5
PlotStyleDialog	Autodesk.AutoCAD.Windows	Autodesk/AutoCAD/Windows/__init__.py	478	485		4
PlotStyleNameToDataItemConverter	Autodesk.AutoCAD.Windows.Data	Autodesk/AutoCAD/Windows/Data/__init__.py	1072	1077		2
PlotStyleNameType	Autodesk.AutoCAD.DatabaseServices	Autodesk/AutoCAD/DatabaseServices/__init__.py	13859	13863		0
PlotStyleTableChangedEventArgs	Autodesk.AutoCAD.DatabaseServices	Autodesk/AutoCAD/DatabaseServices/__init__.py	13864	13869	EventArgs	2
PlotStyleTableChangedEventHandler	Autodesk.AutoCAD.DatabaseServices	Autodesk/AutoCAD/DatabaseServices/__init__.py	13870	13878		5
PlotToFileCapability	Autodesk.AutoCAD.PlottingServices	Autodesk/AutoCAD/PlottingServices.py	436	440		0
PlotType	Autodesk.AutoCAD.DatabaseServices	Autodesk/AutoCAD/DatabaseServices/__init__.py	13879	13883		0
PlotType	Autodesk.AutoCAD.PlottingServices	Autodesk/AutoCAD/PlottingServices.py	441	445		0
PlottedUnitDisplayType	Autodesk.Civil	Autodesk/Civil/__init__.py	873	877		0
Plugin	Autodesk.Navisworks.Api.Plugins	Autodesk/Navisworks/Api/Plugins.py	499	509		7
PluginAttribute	Autodesk.Navisworks.Api.Plugins	Autodesk/Navisworks/Api/Plugins.py	510	521	Attribute	8
PluginExtensions	Autodesk.Navisworks.Internal.ApiImplementation	Autodesk/Navisworks/Internal/ApiImplementation/__init__.py	302	307		1
PluginLicenseAttribute	Autodesk.Navisworks.Internal.ApiImplementation	Autodesk/Navisworks/Internal/ApiImplementation/__init__.py	308	313	Attribute	2
PluginLoadException	Autodesk.Navisworks.Api.Plugins	Autodesk/Navisworks/Api/Plugins.py	522	533	InvalidOperationException	8
PluginOptions	Autodesk.Navisworks.Api.Plugins	Autodesk/Navisworks/Api/Plugins.py	534	538		0
PluginRecord	Autodesk.Navisworks.Api.Plugins	Autodesk/Navisworks/Api/Plugins.py	539	560		18
PlumbingUtils	Autodesk.Revit.DB.Plumbing	Autodesk/Revit/DB/Plumbing.py	733	750		7
Point	Autodesk.Civil.DatabaseServices	Autodesk/Civil/DatabaseServices/__init__.py	13523	13534	CivilWrapper<AeccDbEntity>	8
Point	Autodesk.Revit.DB	Autodesk/Revit/DB/__init__.py	18248	18260	GeometryObject	8
Point	System.Drawing	System/Drawing/__init__.py	8908	9161	object	0
Point2D	Autodesk.Navisworks.Api	Autodesk/Navisworks/Api/__init__.py	1335	1361	NativeHandle	20
Point2DList	Autodesk.Navisworks.Api	Autodesk/Navisworks/Api/__init__.py	1362	1372	LcLPos2fListBase	5
Point2d	Autodesk.AutoCAD.Geometry	Autodesk/AutoCAD/Geometry.py	1526	1549		20
Point2dCollection	Autodesk.AutoCAD.Geometry	Autodesk/AutoCAD/Geometry.py	1550	1572		19
Point2dCollectionEnumerator	Autodesk.AutoCAD.Geometry	Autodesk/AutoCAD/Geometry.py	1573	1579		3
Point3AngularDimension	Autodesk.AutoCAD.DatabaseServices	Autodesk/AutoCAD/DatabaseServices/__init__.py	13884	14081	Dimension	194
Point3D	Autodesk.Navisworks.Api	Autodesk/Navisworks/Api/__init__.py	1373	1401	NativeHandle	22
Point3DList	Autodesk.Navisworks.Api	Autodesk/Navisworks/Api/__init__.py	1402	1412	LcLPos3fListBase	5
Point3d	Autodesk.AutoCAD.Geometry	Autodesk/AutoCAD/Geometry.py	1580	1607		24
Point3dCollection	Autodesk.AutoCAD.Geometry	Autodesk/AutoCAD/Geometry.py	1608	1625	DisposableWrapper	14
PointCloud	Autodesk.AutoCAD.DatabaseServices	Autodesk/AutoCAD/DatabaseServices/__init__.py	14082	14158	Entity	72
PointCloud	Autodesk.Civil.DatabaseServices	Autodesk/Civil/DatabaseServices/__init__.py	13535	13609	Entity	71
PointCloudClassificationColorRamp	Autodesk.AutoCAD.DatabaseServices	Autodesk/AutoCAD/DatabaseServices/__init__.py	14159	14172	DisposableWrapper	10
PointCloudClassificationInfo	Autodesk.Civil.DatabaseServices.Styles	Autodesk/Civil/DatabaseServices/Styles.py	3760	3767		4
PointCloudClassificationInfoCollection	Autodesk.Civil.DatabaseServices.Styles	Autodesk/Civil/DatabaseServices/Styles.py	3768	3775		4
PointCloudColorEncoding	Autodesk.Revit.DB.PointClouds	Autodesk/Revit/DB/PointClouds.py	32	36		0
PointCloudColorMap	Autodesk.AutoCAD.DatabaseServices	Autodesk/AutoCAD/DatabaseServices/__init__.py	14173	14233	DBObject	56
PointCloudColorMode	Autodesk.Revit.DB	Autodesk/Revit/DB/__init__.py	18261	18265		0
PointCloudColorRamp	Autodesk.AutoCAD.DatabaseServices	Autodesk/AutoCAD/DatabaseServices/__init__.py	14234	14247	DisposableWrapper	10
PointCloudColorSchemeChangedEventHandler	Autodesk.AutoCAD.DatabaseServices	Autodesk/AutoCAD/DatabaseServices/__init__.py	14248	14256		5
PointCloudColorSettings	Autodesk.Revit.DB.PointClouds	Autodesk/Revit/DB/PointClouds.py	37	46		6
PointCloudCrop	Autodesk.AutoCAD.DatabaseServices	Autodesk/AutoCAD/DatabaseServices/__init__.py	14257	14270		9
PointCloudCropType	Autodesk.AutoCAD.DatabaseServices	Autodesk/AutoCAD/DatabaseServices/__init__.py	14271	14275		0
PointCloudDefEx	Autodesk.AutoCAD.DatabaseServices	Autodesk/AutoCAD/DatabaseServices/__init__.py	14276	14336	DBObject	56
PointCloudDefaultFileExtensionType	Autodesk.Civil	Autodesk/Civil/__init__.py	878	882		0
PointCloudDispOptionOutOfRange	Autodesk.AutoCAD.DatabaseServices	Autodesk/AutoCAD/DatabaseServices/__init__.py	14337	14341		0
PointCloudDisplayStyleType	Autodesk.Civil	Autodesk/Civil/__init__.py	883	887		0
PointCloudElevationRangeCreationType	Autodesk.Civil	Autodesk/Civil/__init__.py	888	892		0
PointCloudEngineRegistry	Autodesk.Revit.DB.PointClouds	Autodesk/Revit/DB/PointClouds.py	47	58		4
PointCloudEx	Autodesk.AutoCAD.DatabaseServices	Autodesk/AutoCAD/DatabaseServices/__init__.py	14342	14454	Entity	108
PointCloudExtractResult	Autodesk.AutoCAD.Runtime	Autodesk/AutoCAD/Runtime.py	456	460		0
PointCloudExtractor	Autodesk.AutoCAD.Runtime	Autodesk/AutoCAD/Runtime.py	461	473	DisposableWrapper	6
PointCloudFilter	Autodesk.Revit.DB.PointClouds	Autodesk/Revit/DB/PointClouds.py	59	68		6
PointCloudFilterFactory	Autodesk.Revit.DB.PointClouds	Autodesk/Revit/DB/PointClouds.py	69	74		1
PointCloudFilterUtils	Autodesk.Revit.DB.PointClouds	Autodesk/Revit/DB/PointClouds.py	75	80		1
PointCloudFoundStatus	Autodesk.Revit.DB	Autodesk/Revit/DB/__init__.py	18266	18270		0
PointCloudInstance	Autodesk.Revit.DB	Autodesk/Revit/DB/__init__.py	18271	18313	Instance	38
PointCloudItem	Autodesk.AutoCAD.DatabaseServices	Autodesk/AutoCAD/DatabaseServices/__init__.py	14455	14470	Notifier	11
PointCloudItemType	Autodesk.AutoCAD.DatabaseServices	Autodesk/AutoCAD/DatabaseServices/__init__.py	14471	14475		0
PointCloudOverrideSettings	Autodesk.Revit.DB.PointClouds	Autodesk/Revit/DB/PointClouds.py	81	92		8
PointCloudOverrides	Autodesk.Revit.DB.PointClouds	Autodesk/Revit/DB/PointClouds.py	93	106		9
PointCloudPointStyle	Autodesk.Civil.DatabaseServices.Styles	Autodesk/Civil/DatabaseServices/Styles.py	3776	3792		13
PointCloudProperty	Autodesk.AutoCAD.DatabaseServices	Autodesk/AutoCAD/DatabaseServices/__init__.py	14476	14480		0
PointCloudPropertyState	Autodesk.AutoCAD.DatabaseServices	Autodesk/AutoCAD/DatabaseServices/__init__.py	14481	14485		0
PointCloudRangeColorSchemeType	Autodesk.Civil	Autodesk/Civil/__init__.py	893	897		0
PointCloudRegionType	Autodesk.Civil	Autodesk/Civil/__init__.py	898	902		0
PointCloudStyle	Autodesk.Civil.DatabaseServices.Styles	Autodesk/Civil/DatabaseServices/Styles.py	3793	3849	StyleBase	53
PointCloudStyleCollection	Autodesk.Civil.DatabaseServices.Styles	Autodesk/Civil/DatabaseServices/Styles.py	3850	3860	StyleCollectionBase	7
PointCloudStylizationType	Autodesk.AutoCAD.DatabaseServices	Autodesk/AutoCAD/DatabaseServices/__init__.py	14486	14490		0
PointCloudSurfaceType	Autodesk.Civil	Autodesk/Civil/__init__.py	903	907		0
PointCloudType	Autodesk.Revit.DB	Autodesk/Revit/DB/__init__.py	18314	18357	ElementType	39
PointCloudUtility	Autodesk.Civil.DatabaseServices	Autodesk/Civil/DatabaseServices/__init__.py	13610	13617		2
PointCoincidenceConstraint	Autodesk.AutoCAD.DatabaseServices	Autodesk/AutoCAD/DatabaseServices/__init__.py	14491	14506	GeometricalConstraint	12
PointCollection	Autodesk.Civil.DatabaseServices	Autodesk/Civil/DatabaseServices/__init__.py	13618	13627	CivilWrapper<AeccDbEntity>	6
PointCollection	Autodesk.Revit.DB.PointClouds	Autodesk/Revit/DB/PointClouds.py	107	116		6
PointConverter	System.Drawing	System/Drawing/__init__.py	9162	9382	TypeConverter	0
PointCouldColorSchemeType	Autodesk.Civil	Autodesk/Civil/__init__.py	908	912		0
PointCurveConstraint	Autodesk.AutoCAD.DatabaseServices	Autodesk/AutoCAD/DatabaseServices/__init__.py	14507	14522	GeometricalConstraint	12
PointDescriptionKey	Autodesk.Civil.DatabaseServices	Autodesk/Civil/DatabaseServices/__init__.py	13628	13700	DBObject	69
PointDescriptionKeySet	Autodesk.Civil.DatabaseServices	Autodesk/Civil/DatabaseServices/__init__.py	13701	13756	DBObject	52
PointDescriptionKeySetCollection	Autodesk.Civil.DatabaseServices	Autodesk/Civil/DatabaseServices/__init__.py	13757	13773		12
PointDisplay3dType	Autodesk.Civil.DatabaseServices.Styles	Autodesk/Civil/DatabaseServices/Styles.py	3861	3865		0
PointDisplayStyleType	Autodesk.Civil.DatabaseServices.Styles	Autodesk/Civil/DatabaseServices/Styles.py	3866	3870		0
PointElementReference	Autodesk.Revit.DB	Autodesk/Revit/DB/__init__.py	18358	18362		0
PointEntity2d	Autodesk.AutoCAD.Geometry	Autodesk/AutoCAD/Geometry.py	1626	1635	Entity2d	5
PointEntity3d	Autodesk.AutoCAD.Geometry	Autodesk/AutoCAD/Geometry.py	1636	1645	Entity3d	5
PointF	System.Drawing	System/Drawing/__init__.py	9383	9569	object	0
PointFileFormat	Autodesk.Civil.DatabaseServices	Autodesk/Civil/DatabaseServices/__init__.py	13774	13786	DisposableWrapper	9
PointFileFormatCollection	Autodesk.Civil.DatabaseServices	Autodesk/Civil/DatabaseServices/__init__.py	13787	13798		7
PointFileFormatType	Autodesk.Civil	Autodesk/Civil/__init__.py	913	917		0
PointFilterEventArgs	Autodesk.AutoCAD.EditorInput	Autodesk/AutoCAD/EditorInput.py	588	595	EventArgs	4
PointFilterEventHandler	Autodesk.AutoCAD.EditorInput	Autodesk/AutoCAD/EditorInput.py	596	604		5
PointFilterResult	Autodesk.AutoCAD.EditorInput	Autodesk/AutoCAD/EditorInput.py	605	613		5
PointGroup	Autodesk.Civil.DatabaseServices	Autodesk/Civil/DatabaseServices/__init__.py	13799	13876	DBObject	74
PointGroupChangeInfo	Autodesk.Civil.DatabaseServices	Autodesk/Civil/DatabaseServices/__init__.py	13877	13882		2
PointGroupCollection	Autodesk.Civil.DatabaseServices	Autodesk/Civil/DatabaseServices/__init__.py	13883	13901		14
PointGroupElevationOverrideInfo	Autodesk.Civil.DatabaseServices	Autodesk/Civil/DatabaseServices/__init__.py	13902	13909	PointGroupOverrideInfo	4
PointGroupOverrideInfo	Autodesk.Civil.DatabaseServices	Autodesk/Civil/DatabaseServices/__init__.py	13910	13915		2
PointGroupOverrideType	Autodesk.Civil.DatabaseServices	Autodesk/Civil/DatabaseServices/__init__.py	13916	13920		0
PointGroupQuery	Autodesk.Civil.DatabaseServices	Autodesk/Civil/DatabaseServices/__init__.py	13921	13926		2
PointGroupQueryInvalidPointGroupValueException	Autodesk.Civil.DatabaseServices	Autodesk/Civil/DatabaseServices/__init__.py	13927	13940	ArgumentException	10
PointGroupQueryOperationFailedException	Autodesk.Civil.DatabaseServices	Autodesk/Civil/DatabaseServices/__init__.py	13941	13953	ArgumentException	9
PointGroupQueryParserException	Autodesk.Civil.DatabaseServices	Autodesk/Civil/DatabaseServices/__init__.py	13954	13968	ArgumentException	11
PointGroupQueryToken	Autodesk.Civil.DatabaseServices	Autodesk/Civil/DatabaseServices/__init__.py	13969	13991		19
PointGroupRawDescriptionOverrideInfo	Autodesk.Civil.DatabaseServices	Autodesk/Civil/DatabaseServices/__init__.py	13992	13999	PointGroupOverrideInfo	4
PointHistoryBits	Autodesk.AutoCAD.EditorInput	Autodesk/AutoCAD/EditorInput.py	614	618		0
PointInBodyLocation	Autodesk.Aec.Modeler	Autodesk/Aec/Modeler.py	446	450		0
PointInMem	Autodesk.Civil.DatabaseServices	Autodesk/Civil/DatabaseServices/__init__.py	14000	14008		5
PointInfo	Autodesk.Navisworks.Api	Autodesk/Navisworks/Api/__init__.py	1413	1420		4
PointInputEventArgs	Autodesk.AutoCAD.EditorInput	Autodesk/AutoCAD/EditorInput.py	619	626	EventArgs	4
PointInputEventHandler	Autodesk.AutoCAD.EditorInput	Autodesk/AutoCAD/EditorInput.py	627	635		5
PointIterator	Autodesk.Revit.DB.PointClouds	Autodesk/Revit/DB/PointClouds.py	117	128		8
PointLightShape	Autodesk.Revit.DB.Lighting	Autodesk/Revit/DB/Lighting.py	208	212	LightShape	1
PointLightTraits	Autodesk.AutoCAD.GraphicsInterface	Autodesk/AutoCAD/GraphicsInterface.py	964	1000	StandardLightTraits	33
PointLoad	Autodesk.Revit.DB.Structure	Autodesk/Revit/DB/Structure/__init__.py	1941	1991	LoadBase	44
PointLoadType	Autodesk.Revit.DB.Structure	Autodesk/Revit/DB/Structure/__init__.py	1992	2026	LoadTypeBase	31
PointLocationOnCurve	Autodesk.Revit.DB	Autodesk/Revit/DB/__init__.py	18363	18371		5
PointMarkerDisplayType	Autodesk.Civil.DatabaseServices.Styles	Autodesk/Civil/DatabaseServices/Styles.py	3871	3875		0
PointMonitorEventArgs	Autodesk.AutoCAD.EditorInput	Autodesk/AutoCAD/EditorInput.py	636	642	EventArgs	3
PointMonitorEventHandler	Autodesk.AutoCAD.EditorInput	Autodesk/AutoCAD/EditorInput.py	643	651		5
PointNamesExistType	Autodesk.Civil	Autodesk/Civil/__init__.py	918	922		0
PointNode	Autodesk.Revit.DB	Autodesk/Revit/DB/__init__.py	18372	18379	ModelCurveNode	4
PointNotOnEntityException	Autodesk.Civil	Autodesk/Civil/__init__.py	923	934	CivilException	8
PointNumberResolveType	Autodesk.Civil.DatabaseServices	Autodesk/Civil/DatabaseServices/__init__.py	14009	14013		0
PointNumbersAssignedType	Autodesk.Civil	Autodesk/Civil/__init__.py	935	939		0
PointNumbersExistType	Autodesk.Civil	Autodesk/Civil/__init__.py	940	944		0
PointNumbersSuppliedType	Autodesk.Civil	Autodesk/Civil/__init__.py	945	949		0
PointOnCurve2d	Autodesk.AutoCAD.Geometry	Autodesk/AutoCAD/Geometry.py	1646	1660	PointEntity2d	10
PointOnCurve3d	Autodesk.AutoCAD.Geometry	Autodesk/AutoCAD/Geometry.py	1661	1679	PointEntity3d	12
PointOnCurveMeasureFrom	Autodesk.Revit.DB	Autodesk/Revit/DB/__init__.py	18380	18384		0
PointOnCurveMeasurementType	Autodesk.Revit.DB	Autodesk/Revit/DB/__init__.py	18385	18389		0
PointOnEdge	Autodesk.Revit.DB	Autodesk/Revit/DB/__init__.py	18390	18396	PointElementReference	3
PointOnEdgeEdgeIntersection	Autodesk.Revit.DB	Autodesk/Revit/DB/__init__.py	18397	18404	PointElementReference	4
PointOnEdgeFaceIntersection	Autodesk.Revit.DB	Autodesk/Revit/DB/__init__.py	18405	18413	PointElementReference	5
PointOnFace	Autodesk.Revit.DB	Autodesk/Revit/DB/__init__.py	18414	18420	PointElementReference	3
PointOnPlane	Autodesk.Revit.DB	Autodesk/Revit/DB/__init__.py	18421	18433	PointElementReference	7
PointOnSurface	Autodesk.AutoCAD.Geometry	Autodesk/AutoCAD/Geometry.py	1680	1704	PointEntity3d	13
PointProperty	System.Windows.Forms.VisualStyles	System/Windows/Forms/VisualStyles.py	1341	1392	Enum, IComparable, IFormattable, IConvertible	0
PointRelativeToPoint	Autodesk.Revit.DB	Autodesk/Revit/DB/__init__.py	18434	18439	PointElementReference	2
PointStyle	Autodesk.Civil.DatabaseServices.Styles	Autodesk/Civil/DatabaseServices/Styles.py	3876	3950	MarkerStyleBase	71
PointStyleCollection	Autodesk.Civil.DatabaseServices.Styles	Autodesk/Civil/DatabaseServices/Styles.py	3951	3961	StyleCollectionBase	7
PointSymbolType	Autodesk.Civil.DatabaseServices.Styles	Autodesk/Civil/DatabaseServices/Styles.py	3962	3966		0
PointTable	Autodesk.Civil.DatabaseServices	Autodesk/Civil/DatabaseServices/__init__.py	14014	14128	Table	111
Poly2dType	Autodesk.AutoCAD.DatabaseServices	Autodesk/AutoCAD/DatabaseServices/__init__.py	14523	14527		0
Poly3dType	Autodesk.AutoCAD.DatabaseServices	Autodesk/AutoCAD/DatabaseServices/__init__.py	14528	14532		0
PolyFaceMesh	Autodesk.AutoCAD.DatabaseServices	Autodesk/AutoCAD/DatabaseServices/__init__.py	14533	14612	Entity	76
PolyFaceMeshVertex	Autodesk.AutoCAD.DatabaseServices	Autodesk/AutoCAD/DatabaseServices/__init__.py	14613	14688	Vertex	72
PolyLine	Autodesk.Revit.DB	Autodesk/Revit/DB/__init__.py	18440	18457	GeometryObject	13
PolyMeshType	Autodesk.AutoCAD.DatabaseServices	Autodesk/AutoCAD/DatabaseServices/__init__.py	14689	14693		0
Polygon	Autodesk.Aec.DatabaseServices	Autodesk/Aec/DatabaseServices.py	7268	7390	CellLayoutTool	119
PolygonMesh	Autodesk.AutoCAD.DatabaseServices	Autodesk/AutoCAD/DatabaseServices/__init__.py	14694	14784	Entity	87
PolygonMeshVertex	Autodesk.AutoCAD.DatabaseServices	Autodesk/AutoCAD/DatabaseServices/__init__.py	14785	14861	Vertex	73
PolygonStyle	Autodesk.Aec.DatabaseServices	Autodesk/Aec/DatabaseServices.py	7391	7450	DictionaryRecord	56
PolygonStyleEdgeWidthJustify	Autodesk.Aec.DatabaseServices	Autodesk/Aec/DatabaseServices.py	7451	7455		0
PolygonVertexData	Autodesk.Aec.Modeler	Autodesk/Aec/Modeler.py	451	466	DisposableWrapper	12
PolygonVertexDataType	Autodesk.Aec.Modeler	Autodesk/Aec/Modeler.py	467	471		0
Polyline	Autodesk.AutoCAD.DatabaseServices	Autodesk/AutoCAD/DatabaseServices/__init__.py	14862	14976	Curve	111
Polyline	Autodesk.AutoCAD.GraphicsInterface	Autodesk/AutoCAD/GraphicsInterface.py	1001	1010	DisposableWrapper	6
Polyline2d	Autodesk.Aec.Geometry	Autodesk/Aec/Geometry.py	156	178	CompoundCurve2d	19
Polyline2d	Autodesk.AutoCAD.DatabaseServices	Autodesk/AutoCAD/DatabaseServices/__init__.py	14977	15077	Curve	97
Polyline3d	Autodesk.AutoCAD.DatabaseServices	Autodesk/AutoCAD/DatabaseServices/__init__.py	15078	15168	Curve	87
PolylineCollection	Autodesk.AutoCAD.GraphicsInterface	Autodesk/AutoCAD/GraphicsInterface.py	1011	1022	DisposableWrapper	8
PolylineCurve2d	Autodesk.AutoCAD.Geometry	Autodesk/AutoCAD/Geometry.py	1705	1731	SplineEntity2d	22
PolylineCurve3d	Autodesk.AutoCAD.Geometry	Autodesk/AutoCAD/Geometry.py	1732	1758	SplineEntity3d	22
PolylineNode	Autodesk.Revit.DB	Autodesk/Revit/DB/__init__.py	18458	18465	ModelCurveNode	4
PolylineOptions	Autodesk.Civil.DatabaseServices	Autodesk/Civil/DatabaseServices/__init__.py	14129	14137		5
PolylineSegments	Autodesk.Revit.DB	Autodesk/Revit/DB/__init__.py	18466	18478		9
PolylineVertex3d	Autodesk.AutoCAD.DatabaseServices	Autodesk/AutoCAD/DatabaseServices/__init__.py	15169	15245	Vertex	73
Polyloop	Autodesk.Revit.DB.Analysis	Autodesk/Revit/DB/Analysis.py	1514	1523		6
PolymeshFacet	Autodesk.Revit.DB	Autodesk/Revit/DB/__init__.py	18479	18488		6
PolymeshTopology	Autodesk.Revit.DB	Autodesk/Revit/DB/__init__.py	18489	18507		15
PopupEventArgs	System.Windows.Forms	System/Windows/Forms/__init__.py	171475	171535	CancelEventArgs	0
PopupEventHandler	System.Windows.Forms	System/Windows/Forms/__init__.py	171536	171640	MulticastDelegate, ICloneable, ISerializable	0
Position2d	Autodesk.AutoCAD.Geometry	Autodesk/AutoCAD/Geometry.py	1759	1769	PointEntity2d	6
Position3d	Autodesk.AutoCAD.Geometry	Autodesk/AutoCAD/Geometry.py	1770	1779	PointEntity3d	5
PositionBehavior	Autodesk.AutoCAD.GraphicsInterface	Autodesk/AutoCAD/GraphicsInterface.py	1023	1027		0
PostDocEventArgs	Autodesk.Revit.DB.Events	Autodesk/Revit/DB/Events.py	351	358	PostEventArgs	4
PostEventArgs	Autodesk.Revit.DB.Events	Autodesk/Revit/DB/Events.py	359	365	RevitEventArgs	3
PostPattern	Autodesk.Revit.DB.Architecture	Autodesk/Revit/DB/Architecture.py	586	596		7
PostableCommand	Autodesk.Revit.UI	Autodesk/Revit/UI/__init__.py	477	481		0
PowerFactorStateType	Autodesk.Revit.DB.Electrical	Autodesk/Revit/DB/Electrical.py	1726	1730		0
PowerLineStatus	System.Windows.Forms	System/Windows/Forms/__init__.py	171641	171687	Enum, IComparable, IFormattable, IConvertible	0
PowerState	System.Windows.Forms	System/Windows/Forms/__init__.py	171688	171733	Enum, IComparable, IFormattable, IConvertible	0
PowerStatus	System.Windows.Forms	System/Windows/Forms/__init__.py	171734	171792	object	0
PreDocEventArgs	Autodesk.Revit.DB.Events	Autodesk/Revit/DB/Events.py	366	372	PreEventArgs	3
PreEventArgs	Autodesk.Revit.DB.Events	Autodesk/Revit/DB/Events.py	373	378	RevitEventArgs	2
PreProcessControlState	System.Windows.Forms	System/Windows/Forms/__init__.py	171793	171839	Enum, IComparable, IFormattable, IConvertible	0
PreProcessMessageWinFormsHandler	Autodesk.AutoCAD.ApplicationServices.Core	Autodesk/AutoCAD/ApplicationServices/Core.py	100	108		5
PreTranslateMessageEventArgs	Autodesk.AutoCAD.ApplicationServices	Autodesk/AutoCAD/ApplicationServices/__init__.py	720	725	EventArgs	2
PreTranslateMessageEventHandler	Autodesk.AutoCAD.ApplicationServices	Autodesk/AutoCAD/ApplicationServices/__init__.py	726	734		5
PrecisionRangeType	Autodesk.Civil.DatabaseServices.Styles	Autodesk/Civil/DatabaseServices/Styles.py	3967	3971		0
Predicate	System	System/__init__.py	31536	31634	MulticastDelegate, ICloneable, ISerializable	0
Preferences	Autodesk.Aec.ApplicationServices	Autodesk/Aec/ApplicationServices.py	220	305		50
PreferredJunctionType	Autodesk.Revit.DB	Autodesk/Revit/DB/__init__.py	18508	18512		0
PresetInitialColor	Autodesk.Revit.DB.Lighting	Autodesk/Revit/DB/Lighting.py	213	219	InitialColor	3
PressureUnitType	Autodesk.Civil	Autodesk/Civil/__init__.py	950	954		0
PreviewControl	Autodesk.AutoCAD.Internal	Autodesk/AutoCAD/Internal/__init__.py	2054	2140	ControlWrapper	83
PreviewControl	Autodesk.Revit.UI	Autodesk/Revit/UI/__init__.py	482	592	UserControl	107
PreviewControlType	Autodesk.AutoCAD.Internal	Autodesk/AutoCAD/Internal/__init__.py	2141	2145		0
PreviewEndPlotInfo	Autodesk.AutoCAD.PlottingServices	Autodesk/AutoCAD/PlottingServices.py	446	453	DisposableWrapper	4
PreviewEndPlotStatus	Autodesk.AutoCAD.PlottingServices	Autodesk/AutoCAD/PlottingServices.py	454	458		0
PreviewEngineFlags	Autodesk.AutoCAD.PlottingServices	Autodesk/AutoCAD/PlottingServices.py	459	463		0
PreviewFamilyVisibilityMode	Autodesk.Revit.DB	Autodesk/Revit/DB/__init__.py	18513	18517		0
PreviewKeyDownEventArgs	System.Windows.Forms	System/Windows/Forms/__init__.py	171840	171944	EventArgs	0
PreviewKeyDownEventHandler	System.Windows.Forms	System/Windows/Forms/__init__.py	171945	172049	MulticastDelegate, ICloneable, ISerializable	0
PreviewPageInfo	System.Drawing.Printing	System/Drawing/Printing.py	1026	1062	object	0
PreviewPrintController	System.Drawing.Printing	System/Drawing/Printing.py	1154	1277	PrintController	0
PrimaryDesignOptionMemberFilter	Autodesk.Revit.DB	Autodesk/Revit/DB/__init__.py	18518	18523	ElementSlowFilter	2
PrimarySizeCriterion	Autodesk.Revit.DB	Autodesk/Revit/DB/__init__.py	18524	18534	RoutingCriterionBase	5
PrimitiveType	Autodesk.Revit.DB.DirectContext3D	Autodesk/Revit/DB/DirectContext3D.py	192	196		0
PrimitiveTypes	Autodesk.Navisworks.Api	Autodesk/Navisworks/Api/__init__.py	1421	1425		0
PrintAction	System.Drawing.Printing	System/Drawing/Printing.py	1278	1324	Enum, IComparable, IFormattable, IConvertible	0
PrintController	System.Drawing.Printing	System/Drawing/Printing.py	1063	1153	object	0
PrintControllerWithStatusDialog	System.Windows.Forms	System/Windows/Forms/__init__.py	172050	172143	PrintController	0
PrintDialog	System.Windows.Forms	System/Windows/Forms/__init__.py	172144	172479	CommonDialog, IComponent, IDisposable	0
PrintDocument	System.Drawing.Printing	System/Drawing/Printing.py	1325	1608	Component, IComponent, IDisposable	0
PrintEventArgs	System.Drawing.Printing	System/Drawing/Printing.py	2401	2421	CancelEventArgs	0
PrintEventHandler	System.Drawing.Printing	System/Drawing/Printing.py	2422	2526	MulticastDelegate, ICloneable, ISerializable	0
PrintManager	Autodesk.Revit.DB	Autodesk/Revit/DB/__init__.py	18535	18555	APIObject	17
PrintPageEventArgs	System.Drawing.Printing	System/Drawing/Printing.py	2775	2859	EventArgs	0
PrintPageEventHandler	System.Drawing.Printing	System/Drawing/Printing.py	2860	2964	MulticastDelegate, ICloneable, ISerializable	0
PrintParameters	Autodesk.Revit.DB	Autodesk/Revit/DB/__init__.py	18556	18581	APIObject	22
PrintPreviewControl	System.Windows.Forms	System/Windows/Forms/__init__.py	172480	174722	Control, IComponent, IDisposable, IOleControl, IOleObject, IOleInPlaceObject, IOleInPlaceActiveObject, IOleWindow, IViewObject, IViewObject2, IPersist, IPersistStreamInit, IPersistPropertyBag, IPersistStorage, IQuickActivate, ISupportOleDropSource, IDropTarget, ISynchronizeInvoke, IWin32Window, IArrangedElement, IBindableComponent	0
PrintPreviewDialog	System.Windows.Forms	System/Windows/Forms/__init__.py	174723	177978	Form, IComponent, IDisposable, IOleControl, IOleObject, IOleInPlaceObject, IOleInPlaceActiveObject, IOleWindow, IViewObject, IViewObject2, IPersist, IPersistStreamInit, IPersistPropertyBag, IPersistStorage, IQuickActivate, ISupportOleDropSource, IDropTarget, ISynchronizeInvoke, IWin32Window, IArrangedElement, IBindableComponent, IContainerControl	0
PrintRange	Autodesk.Revit.DB	Autodesk/Revit/DB/__init__.py	18582	18586		0
PrintRange	System.Drawing.Printing	System/Drawing/Printing.py	2965	3012	Enum, IComparable, IFormattable, IConvertible	0
PrintSetting	Autodesk.Revit.DB	Autodesk/Revit/DB/__init__.py	18587	18618	Element	28
PrintSetup	Autodesk.Revit.DB	Autodesk/Revit/DB/__init__.py	18619	18630	APIObject	8
PrinterResolution	Autodesk.Revit.DB	Autodesk/Revit/DB/__init__.py	18631	18635		0
PrinterResolution	System.Drawing.Printing	System/Drawing/Printing.py	1609	1669	object	0
PrinterResolutionKind	System.Drawing.Printing	System/Drawing/Printing.py	1670	1718	Enum, IComparable, IFormattable, IConvertible	0
PrinterSettings	System.Drawing.Printing	System/Drawing/Printing.py	1719	2216	object, ICloneable	0
PrinterUnit	System.Drawing.Printing	System/Drawing/Printing.py	2217	2264	Enum, IComparable, IFormattable, IConvertible	0
PrinterUnitConvert	System.Drawing.Printing	System/Drawing/Printing.py	2265	2400	object	0
PrintingPermission	System.Drawing.Printing	System/Drawing/Printing.py	2527	2678	CodeAccessPermission, IPermission, ISecurityEncodable, IStackWalk, IUnrestrictedPermission	0
PrintingPermissionAttribute	System.Drawing.Printing	System/Drawing/Printing.py	2679	2726	CodeAccessSecurityAttribute, _Attribute	0
PrintingPermissionLevel	System.Drawing.Printing	System/Drawing/Printing.py	2727	2774	Enum, IComparable, IFormattable, IConvertible	0
PrivateFontCollection	System.Drawing.Text	System/Drawing/Text.py	201	261	FontCollection, IDisposable	0
ProceduralTexture	Autodesk.AutoCAD.GraphicsInterface	Autodesk/AutoCAD/GraphicsInterface.py	1028	1034	MaterialTexture	3
ProceduralTextureType	Autodesk.AutoCAD.GraphicsInterface	Autodesk/AutoCAD/GraphicsInterface.py	1035	1039		0
ProcessPlotState	Autodesk.AutoCAD.PlottingServices	Autodesk/AutoCAD/PlottingServices.py	464	468		0
ProductInfo	Autodesk.AutoCAD.Internal	Autodesk/AutoCAD/Internal/__init__.py	2146	2155		6
ProductInformation	Autodesk.Aec	Autodesk/Aec/__init__.py	18	22		0
ProductType	Autodesk.Civil.ApplicationServices	Autodesk/Civil/ApplicationServices.py	54	58		0
ProductType	Autodesk.Revit.ApplicationServices	Autodesk/Revit/ApplicationServices.py	129	133		0
ProfessionalColorTable	System.Windows.Forms	System/Windows/Forms/__init__.py	178039	178677	object	0
ProfessionalColors	System.Windows.Forms	System/Windows/Forms/__init__.py	177979	178038	object	0
Profile	Autodesk.Aec.Geometry	Autodesk/Aec/Geometry.py	179	264	ImpObject	67
Profile	Autodesk.Civil.DatabaseServices	Autodesk/Civil/DatabaseServices/__init__.py	14138	14284	Feature	139
Profile	Autodesk.Revit.DB	Autodesk/Revit/DB/__init__.py	18636	18648	GeometryObject	9
Profile3d	Autodesk.AutoCAD.DatabaseServices	Autodesk/AutoCAD/DatabaseServices/__init__.py	15246	15265	RXObject	15
ProfileApplyCurveType	Autodesk.Civil	Autodesk/Civil/__init__.py	955	959		0
ProfileBandLabelGroup	Autodesk.Civil.DatabaseServices	Autodesk/Civil/DatabaseServices/__init__.py	14285	14425	AutoFeatureLabelGroup	135
ProfileCircular	Autodesk.Civil.DatabaseServices	Autodesk/Civil/DatabaseServices/__init__.py	14426	14456	ProfileEntity	27
ProfileCircularVerticalConstraintType	Autodesk.Civil	Autodesk/Civil/__init__.py	960	964		0
ProfileCrestCurveLabelGroup	Autodesk.Civil.DatabaseServices	Autodesk/Civil/DatabaseServices/__init__.py	14457	14599	ProfileLabelGroup	136
ProfileCriteria	Autodesk.Civil.DatabaseServices	Autodesk/Civil/DatabaseServices/__init__.py	14600	14606	CivilWrapper<AeccDbGraphProfile>	3
ProfileCriteriaCollection	Autodesk.Civil.DatabaseServices	Autodesk/Civil/DatabaseServices/__init__.py	14607	14616	CivilWrapper<AeccDbGraphProfile>	6
ProfileCrossing	Autodesk.Civil.DatabaseServices	Autodesk/Civil/DatabaseServices/__init__.py	14617	14731	ProfileProjection	111
ProfileCurve2d	Autodesk.AutoCAD.Runtime	Autodesk/AutoCAD/Runtime.py	474	484	DisposableWrapper	7
ProfileCurveType	Autodesk.AutoCAD.Runtime	Autodesk/AutoCAD/Runtime.py	485	489		0
ProfileCurveType	Autodesk.Civil	Autodesk/Civil/__init__.py	965	969		0
ProfileDataBandLabelGroup	Autodesk.Civil.DatabaseServices	Autodesk/Civil/DatabaseServices/__init__.py	14732	14872	ProfileBandLabelGroup	135
ProfileDataBandStyle	Autodesk.Civil.DatabaseServices.Styles	Autodesk/Civil/DatabaseServices/Styles.py	3972	4047	BandStyle	72
ProfileDataDisplayStyleType	Autodesk.Civil.DatabaseServices.Styles	Autodesk/Civil/DatabaseServices/Styles.py	4048	4052		0
ProfileDefinition	Autodesk.Aec.DatabaseServices	Autodesk/Aec/DatabaseServices.py	7456	7519	DictionaryRecord	60
ProfileDesignCheck	Autodesk.Civil	Autodesk/Civil/__init__.py	970	977	DesignCheck	4
ProfileDesignCheckCollection	Autodesk.Civil	Autodesk/Civil/__init__.py	978	988	DesignCheckCollection<Autodesk::Civil::ProfileDesignCheck ^>	7
ProfileDesignCheckCurveType	Autodesk.Civil.DatabaseServices.Styles	Autodesk/Civil/DatabaseServices/Styles.py	4053	4057		0
ProfileDesignCheckRoot	Autodesk.Civil	Autodesk/Civil/__init__.py	989	994		2
ProfileDesignCheckSet	Autodesk.Civil.DatabaseServices.Styles	Autodesk/Civil/DatabaseServices/Styles.py	4058	4116	AlignmentDesignCheckSet	55
ProfileDesignCheckSetCollection	Autodesk.Civil.DatabaseServices.Styles	Autodesk/Civil/DatabaseServices/Styles.py	4117	4127	StyleCollectionBase	7
ProfileDesignCheckType	Autodesk.Civil	Autodesk/Civil/__init__.py	995	999		0
ProfileDisplayStyleProfileType	Autodesk.Civil.DatabaseServices.Styles	Autodesk/Civil/DatabaseServices/Styles.py	4128	4132		0
ProfileEntity	Autodesk.Civil.DatabaseServices	Autodesk/Civil/DatabaseServices/__init__.py	14873	14893	CivilWrapper<AeccDbVAlignment>	17
ProfileEntityCollection	Autodesk.Civil.DatabaseServices	Autodesk/Civil/DatabaseServices/__init__.py	14894	14930	CivilWrapper<AeccDbVAlignment>	33
ProfileEntityConstraintType	Autodesk.Civil.DatabaseServices	Autodesk/Civil/DatabaseServices/__init__.py	14931	14935		0
ProfileEntityType	Autodesk.Civil.DatabaseServices	Autodesk/Civil/DatabaseServices/__init__.py	14936	14940		0
ProfileEventArgs	Autodesk.AutoCAD.ApplicationServices	Autodesk/AutoCAD/ApplicationServices/__init__.py	735	739	EventArgs	1
ProfileEventHandler	Autodesk.AutoCAD.ApplicationServices	Autodesk/AutoCAD/ApplicationServices/__init__.py	740	748		5
ProfileExtrusionDirection	Autodesk.Aec.Geometry	Autodesk/Aec/Geometry.py	265	269		0
ProfileFamilyUsage	Autodesk.Revit.DB	Autodesk/Revit/DB/__init__.py	18649	18653		0
ProfileHatchArea	Autodesk.Civil.DatabaseServices	Autodesk/Civil/DatabaseServices/__init__.py	14941	14948	CivilWrapper<AeccDbGraphProfile>	4
ProfileHatchAreaCollection	Autodesk.Civil.DatabaseServices	Autodesk/Civil/DatabaseServices/__init__.py	14949	14959	CivilWrapper<AeccDbGraphProfile>	7
ProfileHorizontalGeometryPointLabelGroup	Autodesk.Civil.DatabaseServices	Autodesk/Civil/DatabaseServices/__init__.py	14960	15106	ProfileLabelGroup	140
ProfileLabelGroup	Autodesk.Civil.DatabaseServices	Autodesk/Civil/DatabaseServices/__init__.py	15107	15247	AutoFeatureLabelGroup	135
ProfileLabelSetItem	Autodesk.Civil.DatabaseServices.Styles	Autodesk/Civil/DatabaseServices/Styles.py	4133	4148	BaseLabelSetItem	12
ProfileLabelSetStyle	Autodesk.Civil.DatabaseServices.Styles	Autodesk/Civil/DatabaseServices/Styles.py	4149	4207	BaseLabelSetStyle	55
ProfileLabelSetStyleCollection	Autodesk.Civil.DatabaseServices.Styles	Autodesk/Civil/DatabaseServices/Styles.py	4208	4218	StyleCollectionBase	7
ProfileLineLabelGroup	Autodesk.Civil.DatabaseServices	Autodesk/Civil/DatabaseServices/__init__.py	15248	15391	ProfileLabelGroup	137
ProfileManager	Autodesk.AutoCAD.Internal.Windows	Autodesk/AutoCAD/Internal/Windows.py	121	134		5
ProfileMinorStationLabelGroup	Autodesk.Civil.DatabaseServices	Autodesk/Civil/DatabaseServices/__init__.py	15392	15538	ProfileStationLabelGroup	140
ProfileOverride	Autodesk.Civil.DatabaseServices	Autodesk/Civil/DatabaseServices/__init__.py	15539	15550	GraphOverride	8
ProfileOverrideCollection	Autodesk.Civil.DatabaseServices	Autodesk/Civil/DatabaseServices/__init__.py	15551	15559	GraphOverrideCollection	5
ProfilePVI	Autodesk.Civil.DatabaseServices	Autodesk/Civil/DatabaseServices/__init__.py	15560	15575	CivilWrapper<AeccDbVAlignment>	12
ProfilePVICollection	Autodesk.Civil.DatabaseServices	Autodesk/Civil/DatabaseServices/__init__.py	15576	15590	CivilWrapper<AeccDbVAlignment>	11
ProfilePVILabelGroup	Autodesk.Civil.DatabaseServices	Autodesk/Civil/DatabaseServices/__init__.py	15591	15736	ProfileLabelGroup	139
ProfileParabolaAsymmetric	Autodesk.Civil.DatabaseServices	Autodesk/Civil/DatabaseServices/__init__.py	15737	15767	ProfileEntity	27
ProfileParabolaSymmetric	Autodesk.Civil.DatabaseServices	Autodesk/Civil/DatabaseServices/__init__.py	15768	15812	ProfileEntity	41
ProfileParabolicVerticalConstraintType	Autodesk.Civil	Autodesk/Civil/__init__.py	1000	1004		0
ProfilePlaneLocation	Autodesk.Revit.DB	Autodesk/Revit/DB/__init__.py	18654	18658		0
ProfilePointType	Autodesk.Civil	Autodesk/Civil/__init__.py	1005	1009		0
ProfileProjection	Autodesk.Civil.DatabaseServices	Autodesk/Civil/DatabaseServices/__init__.py	15813	15927	Entity	111
ProfileProjectionLabel	Autodesk.Civil.DatabaseServices	Autodesk/Civil/DatabaseServices/__init__.py	15928	16078	FeatureLabel	146
ProfileResult	Autodesk.Aec.Geometry	Autodesk/Aec/Geometry.py	270	274		0
ProfileSagCurveLabelGroup	Autodesk.Civil.DatabaseServices	Autodesk/Civil/DatabaseServices/__init__.py	16079	16221	ProfileLabelGroup	136
ProfileStationLabelGroup	Autodesk.Civil.DatabaseServices	Autodesk/Civil/DatabaseServices/__init__.py	16222	16369	ProfileLabelGroup	140
ProfileStyle	Autodesk.Civil.DatabaseServices.Styles	Autodesk/Civil/DatabaseServices/Styles.py	4219	4289	StyleBase	67
ProfileStyleCollection	Autodesk.Civil.DatabaseServices.Styles	Autodesk/Civil/DatabaseServices/Styles.py	4290	4300	StyleCollectionBase	7
ProfileTangent	Autodesk.Civil.DatabaseServices	Autodesk/Civil/DatabaseServices/__init__.py	16370	16393	ProfileEntity	20
ProfileType	Autodesk.Civil.DatabaseServices	Autodesk/Civil/DatabaseServices/__init__.py	16394	16398		0
ProfileUpdateType	Autodesk.Civil.DatabaseServices	Autodesk/Civil/DatabaseServices/__init__.py	16399	16403		0
ProfileView	Autodesk.Civil.DatabaseServices	Autodesk/Civil/DatabaseServices/__init__.py	16404	16550	Graph	141
ProfileViewBandItem	Autodesk.Civil.DatabaseServices	Autodesk/Civil/DatabaseServices/__init__.py	16551	16573	ProfileViewBandSetItem	19
ProfileViewBandItemCollection	Autodesk.Civil.DatabaseServices	Autodesk/Civil/DatabaseServices/__init__.py	16574	16583	BandSetItemCollection	6
ProfileViewBandSet	Autodesk.Civil.DatabaseServices	Autodesk/Civil/DatabaseServices/__init__.py	16584	16592	GraphBandSet	5
ProfileViewBandSetItem	Autodesk.Civil.DatabaseServices.Styles	Autodesk/Civil/DatabaseServices/Styles.py	4301	4320	BandSetItem	16
ProfileViewBandSetItemCollection	Autodesk.Civil.DatabaseServices.Styles	Autodesk/Civil/DatabaseServices/Styles.py	4321	4330	BandSetItemCollection	6
ProfileViewBandSetStyle	Autodesk.Civil.DatabaseServices.Styles	Autodesk/Civil/DatabaseServices/Styles.py	4331	4388	BandSetStyle	54
ProfileViewBandSetStyleCollection	Autodesk.Civil.DatabaseServices.Styles	Autodesk/Civil/DatabaseServices/Styles.py	4389	4399	StyleCollectionBase	7
ProfileViewDatumType	Autodesk.Civil	Autodesk/Civil/__init__.py	1010	1014		0
ProfileViewDepthLabel	Autodesk.Civil.DatabaseServices	Autodesk/Civil/DatabaseServices/__init__.py	16593	16744	FeatureLabel	147
ProfileViewDisplayStyleType	Autodesk.Civil.DatabaseServices.Styles	Autodesk/Civil/DatabaseServices/Styles.py	4400	4404		0
ProfileViewPart	Autodesk.Civil.DatabaseServices	Autodesk/Civil/DatabaseServices/__init__.py	16745	16862	Entity	114
ProfileViewPlotType	Autodesk.Civil	Autodesk/Civil/__init__.py	1015	1019		0
ProfileViewSplitData	Autodesk.Civil.DatabaseServices	Autodesk/Civil/DatabaseServices/__init__.py	16863	16870	CivilWrapper<AeccDbGraphProfile>	4
ProfileViewSplitDataCollection	Autodesk.Civil.DatabaseServices	Autodesk/Civil/DatabaseServices/__init__.py	16871	16880	CivilWrapper<AeccDbGraphProfile>	6
ProfileViewSplitDatumType	Autodesk.Civil	Autodesk/Civil/__init__.py	1020	1024		0
ProfileViewSplitStationType	Autodesk.Civil	Autodesk/Civil/__init__.py	1025	1029		0
ProfileViewStartCornerType	Autodesk.Civil	Autodesk/Civil/__init__.py	1030	1034		0
ProfileViewStyle	Autodesk.Civil.DatabaseServices.Styles	Autodesk/Civil/DatabaseServices/Styles.py	4405	4464	StyleBase	56
ProfileViewStyleCollection	Autodesk.Civil.DatabaseServices.Styles	Autodesk/Civil/DatabaseServices/Styles.py	4465	4475	StyleCollectionBase	7
Progress	Autodesk.Navisworks.Api	Autodesk/Navisworks/Api/__init__.py	1426	1444	NativeHandle	13
Progress	System	System/__init__.py	31635	31664	object, IProgress[T]	0
ProgressBar	System.Windows.Forms	System/Windows/Forms/__init__.py	178678	181035	Control, IComponent, IDisposable, IOleControl, IOleObject, IOleInPlaceObject, IOleInPlaceActiveObject, IOleWindow, IViewObject, IViewObject2, IPersist, IPersistStreamInit, IPersistPropertyBag, IPersistStorage, IQuickActivate, ISupportOleDropSource, IDropTarget, ISynchronizeInvoke, IWin32Window, IArrangedElement, IBindableComponent	0
ProgressBarRenderer	System.Windows.Forms	System/Windows/Forms/__init__.py	181036	181102	object	0
ProgressBarStyle	System.Windows.Forms	System/Windows/Forms/__init__.py	181103	181149	Enum, IComparable, IFormattable, IConvertible	0
ProgressBeginningEventArgs	Autodesk.Navisworks.Api	Autodesk/Navisworks/Api/__init__.py	1445	1450	ProgressEventArgs	2
ProgressChangedEventArgs	Autodesk.Revit.DB.Events	Autodesk/Revit/DB/Events.py	379	390	RevitAPISingleEventArgs	8
ProgressEndedEventArgs	Autodesk.Navisworks.Api	Autodesk/Navisworks/Api/__init__.py	1451	1455	EventArgs	0
ProgressErrorReportingEventArgs	Autodesk.Navisworks.Api	Autodesk/Navisworks/Api/__init__.py	1456	1465	ProgressEventArgs	6
ProgressEventArgs	Autodesk.Navisworks.Api	Autodesk/Navisworks/Api/__init__.py	1466	1470	EventArgs	1
ProgressMessageReportingEventArgs	Autodesk.Navisworks.Api	Autodesk/Navisworks/Api/__init__.py	1471	1477	ProgressEventArgs	3
ProgressMeter	Autodesk.AutoCAD.Runtime	Autodesk/AutoCAD/Runtime.py	490	500	DisposableWrapper	7
ProgressStage	Autodesk.Revit.DB.Events	Autodesk/Revit/DB/Events.py	391	395		0
ProgressSubOperationBeganEventArgs	Autodesk.Navisworks.Api	Autodesk/Navisworks/Api/__init__.py	1478	1484	EventArgs	3
ProgressSubOperationEndedEventArgs	Autodesk.Navisworks.Api	Autodesk/Navisworks/Api/__init__.py	1485	1490	EventArgs	2
ProgressUpdatingEventArgs	Autodesk.Navisworks.Api	Autodesk/Navisworks/Api/__init__.py	1491	1499	ProgressEventArgs	5
ProgressVisibilityEventArgs	Autodesk.Navisworks.Api	Autodesk/Navisworks/Api/__init__.py	1500	1505	EventArgs	2
ProjecitonPercentageType	Autodesk.Civil	Autodesk/Civil/__init__.py	1035	1039		0
ProjecitonRule	Autodesk.Civil	Autodesk/Civil/__init__.py	1040	1044		0
ProjectBrowserOptions	Autodesk.Revit.UI	Autodesk/Revit/UI/__init__.py	593	602		5
ProjectInfo	Autodesk.Revit.DB	Autodesk/Revit/DB/__init__.py	18659	18698	Element	36
ProjectLocation	Autodesk.Revit.DB	Autodesk/Revit/DB/__init__.py	18699	18737	Instance	33
ProjectLocationSet	Autodesk.Revit.DB	Autodesk/Revit/DB/__init__.py	18738	18751	APIObject	10
ProjectLocationSetIterator	Autodesk.Revit.DB	Autodesk/Revit/DB/__init__.py	18752	18759	APIObject	4
ProjectPosition	Autodesk.Revit.DB	Autodesk/Revit/DB/__init__.py	18760	18769		6
ProjectState	Autodesk.Aec.DatabaseServices	Autodesk/Aec/DatabaseServices.py	7520	7524		0
Projection	Autodesk.AutoCAD.GraphicsInterface	Autodesk/AutoCAD/GraphicsInterface.py	1040	1044		0
Projection	Autodesk.AutoCAD.GraphicsSystem	Autodesk/AutoCAD/GraphicsSystem.py	289	293		0
ProjectionBlockDisplayType	Autodesk.Civil.DatabaseServices.Styles	Autodesk/Civil/DatabaseServices/Styles.py	4476	4480		0
ProjectionDisplayStyleProfileType	Autodesk.Civil.DatabaseServices.Styles	Autodesk/Civil/DatabaseServices/Styles.py	4481	4485		0
ProjectionDisplayStyleSectionType	Autodesk.Civil.DatabaseServices.Styles	Autodesk/Civil/DatabaseServices/Styles.py	4486	4490		0
ProjectionEntityDisplayType	Autodesk.Civil.DatabaseServices.Styles	Autodesk/Civil/DatabaseServices/Styles.py	4491	4495		0
ProjectionMethod	Autodesk.Revit.DB.DirectContext3D	Autodesk/Revit/DB/DirectContext3D.py	197	201		0
ProjectionProfileOptions	Autodesk.Civil.DatabaseServices.Styles	Autodesk/Civil/DatabaseServices/Styles.py	4496	4527	CivilWrapper<AeccDbProfileSectionEntityStyle>	28
ProjectionResult	Autodesk.Navisworks.Api	Autodesk/Navisworks/Api/__init__.py	1506	1512		3
ProjectionSectionOptions	Autodesk.Civil.DatabaseServices.Styles	Autodesk/Civil/DatabaseServices/Styles.py	4528	4556	CivilWrapper<AeccDbProfileSectionEntityStyle>	25
ProjectionStyle	Autodesk.Civil.DatabaseServices.Styles	Autodesk/Civil/DatabaseServices/Styles.py	4557	4613	StyleBase	53
ProjectionStyleCollection	Autodesk.Civil.DatabaseServices.Styles	Autodesk/Civil/DatabaseServices/Styles.py	4614	4624	StyleCollectionBase	7
ProjectionUtil	Autodesk.Civil	Autodesk/Civil/__init__.py	1045	1140		58
PromptAndInput	Autodesk.AutoCAD.Windows.Data	Autodesk/AutoCAD/Windows/Data/__init__.py	1078	1090		9
PromptAngleOptions	Autodesk.AutoCAD.EditorInput	Autodesk/AutoCAD/EditorInput.py	652	668	PromptEditorOptions	13
PromptAngleOptionsEventArgs	Autodesk.AutoCAD.EditorInput	Autodesk/AutoCAD/EditorInput.py	669	673	EventArgs	1
PromptAngleOptionsEventHandler	Autodesk.AutoCAD.EditorInput	Autodesk/AutoCAD/EditorInput.py	674	682		5
PromptCornerOptions	Autodesk.AutoCAD.EditorInput	Autodesk/AutoCAD/EditorInput.py	683	695	PromptEditorOptions	9
PromptDistanceOptions	Autodesk.AutoCAD.EditorInput	Autodesk/AutoCAD/EditorInput.py	696	713	PromptNumericalOptions	14
PromptDistanceOptionsEventArgs	Autodesk.AutoCAD.EditorInput	Autodesk/AutoCAD/EditorInput.py	714	718	EventArgs	1
PromptDistanceOptionsEventHandler	Autodesk.AutoCAD.EditorInput	Autodesk/AutoCAD/EditorInput.py	719	727		5
PromptDoubleOptions	Autodesk.AutoCAD.EditorInput	Autodesk/AutoCAD/EditorInput.py	728	741	PromptNumericalOptions	10
PromptDoubleOptionsEventArgs	Autodesk.AutoCAD.EditorInput	Autodesk/AutoCAD/EditorInput.py	742	746	EventArgs	1
PromptDoubleOptionsEventHandler	Autodesk.AutoCAD.EditorInput	Autodesk/AutoCAD/EditorInput.py	747	755		5
PromptDoubleResult	Autodesk.AutoCAD.EditorInput	Autodesk/AutoCAD/EditorInput.py	756	763	PromptResult	4
PromptDoubleResultEventArgs	Autodesk.AutoCAD.EditorInput	Autodesk/AutoCAD/EditorInput.py	764	768	EventArgs	1
PromptDoubleResultEventHandler	Autodesk.AutoCAD.EditorInput	Autodesk/AutoCAD/EditorInput.py	769	777		5
PromptDragOptions	Autodesk.AutoCAD.EditorInput	Autodesk/AutoCAD/EditorInput.py	778	790	PromptEditorOptions	9
PromptEditorOptions	Autodesk.AutoCAD.EditorInput	Autodesk/AutoCAD/EditorInput.py	791	798	PromptOptions	4
PromptEntityOptions	Autodesk.AutoCAD.EditorInput	Autodesk/AutoCAD/EditorInput.py	799	811	PromptEditorOptions	9
PromptEntityOptionsEventArgs	Autodesk.AutoCAD.EditorInput	Autodesk/AutoCAD/EditorInput.py	812	816	EventArgs	1
PromptEntityOptionsEventHandler	Autodesk.AutoCAD.EditorInput	Autodesk/AutoCAD/EditorInput.py	817	825		5
PromptEntityResult	Autodesk.AutoCAD.EditorInput	Autodesk/AutoCAD/EditorInput.py	826	834	PromptResult	5
PromptEntityResultEventArgs	Autodesk.AutoCAD.EditorInput	Autodesk/AutoCAD/EditorInput.py	835	839	EventArgs	1
PromptEntityResultEventHandler	Autodesk.AutoCAD.EditorInput	Autodesk/AutoCAD/EditorInput.py	840	848		5
PromptFileNameResult	Autodesk.AutoCAD.EditorInput	Autodesk/AutoCAD/EditorInput.py	849	856	PromptResult	4
PromptFileOptions	Autodesk.AutoCAD.EditorInput	Autodesk/AutoCAD/EditorInput.py	857	869		9
PromptForEntityEndingEventArgs	Autodesk.AutoCAD.EditorInput	Autodesk/AutoCAD/EditorInput.py	870	877	EventArgs	4
PromptForEntityEndingEventHandler	Autodesk.AutoCAD.EditorInput	Autodesk/AutoCAD/EditorInput.py	878	886		5
PromptForFamilyInstancePlacementOptions	Autodesk.Revit.UI	Autodesk/Revit/UI/__init__.py	603	611		5
PromptForSelectionEndingEventArgs	Autodesk.AutoCAD.EditorInput	Autodesk/AutoCAD/EditorInput.py	887	897	EventArgs	7
PromptForSelectionEndingEventHandler	Autodesk.AutoCAD.EditorInput	Autodesk/AutoCAD/EditorInput.py	898	906		5
PromptIntegerOptions	Autodesk.AutoCAD.EditorInput	Autodesk/AutoCAD/EditorInput.py	907	922	PromptNumericalOptions	12
PromptIntegerOptionsEventArgs	Autodesk.AutoCAD.EditorInput	Autodesk/AutoCAD/EditorInput.py	923	927	EventArgs	1
PromptIntegerOptionsEventHandler	Autodesk.AutoCAD.EditorInput	Autodesk/AutoCAD/EditorInput.py	928	936		5
PromptIntegerResult	Autodesk.AutoCAD.EditorInput	Autodesk/AutoCAD/EditorInput.py	937	944	PromptResult	4
PromptIntegerResultEventArgs	Autodesk.AutoCAD.EditorInput	Autodesk/AutoCAD/EditorInput.py	945	949	EventArgs	1
PromptIntegerResultEventHandler	Autodesk.AutoCAD.EditorInput	Autodesk/AutoCAD/EditorInput.py	950	958		5
PromptKeywordOptions	Autodesk.AutoCAD.EditorInput	Autodesk/AutoCAD/EditorInput.py	959	968	PromptEditorOptions	6
PromptKeywordOptionsEventArgs	Autodesk.AutoCAD.EditorInput	Autodesk/AutoCAD/EditorInput.py	969	973	EventArgs	1
PromptKeywordOptionsEventHandler	Autodesk.AutoCAD.EditorInput	Autodesk/AutoCAD/EditorInput.py	974	982		5
PromptNestedEntityOptions	Autodesk.AutoCAD.EditorInput	Autodesk/AutoCAD/EditorInput.py	983	993	PromptEditorOptions	7
PromptNestedEntityOptionsEventArgs	Autodesk.AutoCAD.EditorInput	Autodesk/AutoCAD/EditorInput.py	994	998	EventArgs	1
PromptNestedEntityOptionsEventHandler	Autodesk.AutoCAD.EditorInput	Autodesk/AutoCAD/EditorInput.py	999	1007		5
PromptNestedEntityResult	Autodesk.AutoCAD.EditorInput	Autodesk/AutoCAD/EditorInput.py	1008	1018	PromptEntityResult	7
PromptNestedEntityResultEventArgs	Autodesk.AutoCAD.EditorInput	Autodesk/AutoCAD/EditorInput.py	1019	1023	EventArgs	1
PromptNestedEntityResultEventHandler	Autodesk.AutoCAD.EditorInput	Autodesk/AutoCAD/EditorInput.py	1024	1032		5
PromptNumericalOptions	Autodesk.AutoCAD.EditorInput	Autodesk/AutoCAD/EditorInput.py	1033	1045	PromptEditorOptions	9
PromptOpenFileOptions	Autodesk.AutoCAD.EditorInput	Autodesk/AutoCAD/EditorInput.py	1046	1060	PromptFileOptions	11
PromptOptions	Autodesk.AutoCAD.EditorInput	Autodesk/AutoCAD/EditorInput.py	1061	1069		5
PromptPointOptions	Autodesk.AutoCAD.EditorInput	Autodesk/AutoCAD/EditorInput.py	1070	1083	PromptCornerOptions	10
PromptPointOptionsEventArgs	Autodesk.AutoCAD.EditorInput	Autodesk/AutoCAD/EditorInput.py	1084	1088	EventArgs	1
PromptPointOptionsEventHandler	Autodesk.AutoCAD.EditorInput	Autodesk/AutoCAD/EditorInput.py	1089	1097		5
PromptPointResult	Autodesk.AutoCAD.EditorInput	Autodesk/AutoCAD/EditorInput.py	1098	1105	PromptResult	4
PromptPointResultEventArgs	Autodesk.AutoCAD.EditorInput	Autodesk/AutoCAD/EditorInput.py	1106	1110	EventArgs	1
PromptPointResultEventHandler	Autodesk.AutoCAD.EditorInput	Autodesk/AutoCAD/EditorInput.py	1111	1119		5
PromptResult	Autodesk.AutoCAD.EditorInput	Autodesk/AutoCAD/EditorInput.py	1120	1126		3
PromptSaveFileOptions	Autodesk.AutoCAD.EditorInput	Autodesk/AutoCAD/EditorInput.py	1127	1142	PromptFileOptions	12
PromptSelectionOptions	Autodesk.AutoCAD.EditorInput	Autodesk/AutoCAD/EditorInput.py	1143	1162		16
PromptSelectionOptionsEventArgs	Autodesk.AutoCAD.EditorInput	Autodesk/AutoCAD/EditorInput.py	1163	1169	EventArgs	3
PromptSelectionOptionsEventHandler	Autodesk.AutoCAD.EditorInput	Autodesk/AutoCAD/EditorInput.py	1170	1178		5
PromptSelectionResult	Autodesk.AutoCAD.EditorInput	Autodesk/AutoCAD/EditorInput.py	1179	1185		3
PromptSelectionResultEventArgs	Autodesk.AutoCAD.EditorInput	Autodesk/AutoCAD/EditorInput.py	1186	1190	EventArgs	1
PromptSelectionResultEventHandler	Autodesk.AutoCAD.EditorInput	Autodesk/AutoCAD/EditorInput.py	1191	1199		5
PromptStatus	Autodesk.AutoCAD.EditorInput	Autodesk/AutoCAD/EditorInput.py	1200	1204		0
PromptStringOptions	Autodesk.AutoCAD.EditorInput	Autodesk/AutoCAD/EditorInput.py	1205	1215	PromptEditorOptions	7
PromptStringOptionsEventArgs	Autodesk.AutoCAD.EditorInput	Autodesk/AutoCAD/EditorInput.py	1216	1220	EventArgs	1
PromptStringOptionsEventHandler	Autodesk.AutoCAD.EditorInput	Autodesk/AutoCAD/EditorInput.py	1221	1229		5
PromptStringResultEventArgs	Autodesk.AutoCAD.EditorInput	Autodesk/AutoCAD/EditorInput.py	1230	1234	EventArgs	1
PromptStringResultEventHandler	Autodesk.AutoCAD.EditorInput	Autodesk/AutoCAD/EditorInput.py	1235	1243		5
PropOverrideMode	Autodesk.Revit.DB	Autodesk/Revit/DB/__init__.py	18770	18774		0
PropertiesOverrule	Autodesk.AutoCAD.DatabaseServices	Autodesk/AutoCAD/DatabaseServices/__init__.py	15266	15279	Overrule	10
PropertiesSet	Autodesk.Civil.DatabaseServices	Autodesk/Civil/DatabaseServices/__init__.py	16881	16885		0
PropertiesTab	System.Windows.Forms.PropertyGridInternal	System/Windows/Forms/PropertyGridInternal.py	54	147	PropertyTab, IExtenderProvider	0
PropertyAnchorPoint	Autodesk.Civil	Autodesk/Civil/__init__.py	1141	1152	Property<int\,int\,Autodesk::Civil::CastOp<int\,int> >	8
PropertyAngle	Autodesk.Civil	Autodesk/Civil/__init__.py	1153	1163	PropertyDouble	7
PropertyArrowhead	Autodesk.Civil	Autodesk/Civil/__init__.py	1164	1174	PropertyString	7
PropertyBase	Autodesk.Aec.DatabaseServices	Autodesk/Aec/DatabaseServices.py	7525	7533	RXObject	5
PropertyBlock	Autodesk.Civil	Autodesk/Civil/__init__.py	1175	1185	PropertyString	7
PropertyBoolean	Autodesk.Civil	Autodesk/Civil/__init__.py	1186	1196	Property<bool\,bool\,Autodesk::Civil::CastOp<bool\,bool> >	7
PropertyCategory	Autodesk.Navisworks.Api	Autodesk/Navisworks/Api/__init__.py	1513	1533		17
PropertyCategoryCollection	Autodesk.Navisworks.Api	Autodesk/Navisworks/Api/__init__.py	1534	1553	NativeHandle	14
PropertyCategoryId	Autodesk.AutoCAD.Internal.PropertyInspector	Autodesk/AutoCAD/Internal/PropertyInspector.py	110	114		0
PropertyCategoryNames	Autodesk.Navisworks.Api	Autodesk/Navisworks/Api/__init__.py	1554	1568		11
PropertyCollectable	Autodesk.AutoCAD.Internal.PropertyInspector	Autodesk/AutoCAD/Internal/PropertyInspector.py	115	135	CollectableObject	17
PropertyColor	Autodesk.Civil	Autodesk/Civil/__init__.py	1197	1207	Property<Autodesk::AutoCAD::Colors::Color ^\,AcCmColor\,Autodesk::Civil::CastOp<Autodesk::AutoCAD::Colors::Color ^\,AcCmColor> >	7
PropertyDataType	Autodesk.Aec.DatabaseServices	Autodesk/Aec/DatabaseServices.py	7534	7538		0
PropertyDescriptorBase	Autodesk.AutoCAD.ComponentModel	Autodesk/AutoCAD/ComponentModel.py	19	40	PropertyDescriptor	18
PropertyDouble	Autodesk.Civil	Autodesk/Civil/__init__.py	1208	1218	Property<double\,double\,Autodesk::Civil::CastOp<double\,double> >	7
PropertyEnum	Autodesk.Civil	Autodesk/Civil/__init__.py	1219	1230	Property<int\,int\,Autodesk::Civil::CastOp<int\,int> >	8
PropertyExpression	Autodesk.Civil	Autodesk/Civil/__init__.py	1231	1241	PropertyString	7
PropertyFeatureLineStylePriority	Autodesk.Civil	Autodesk/Civil/__init__.py	1242	1252	Property<Autodesk::AutoCAD::DatabaseServices::ObjectIdCollection ^\,std::vector<AeccAttribute\,std::allocator<AeccAttribute> >\,Autodesk::Civil::CastOp<Autodesk::AutoCAD::DatabaseServices::ObjectIdCollection ^\,std::vector<AeccAttribute\,std::allocator<AeccAttribute> > > >	7
PropertyGrid	System.Windows.Forms	System/Windows/Forms/__init__.py	181150	184023	ContainerControl, IComponent, IDisposable, IOleControl, IOleObject, IOleInPlaceObject, IOleInPlaceActiveObject, IOleWindow, IViewObject, IViewObject2, IPersist, IPersistStreamInit, IPersistPropertyBag, IPersistStorage, IQuickActivate, ISupportOleDropSource, IDropTarget, ISynchronizeInvoke, IWin32Window, IArrangedElement, IBindableComponent, IContainerControl, IComPropertyBrowser, IPropertyNotifySink	0
PropertyGridCommands	System.Windows.Forms.PropertyGridInternal	System/Windows/Forms/PropertyGridInternal.py	148	164	object	0
PropertyInequalityFlags	Autodesk.AutoCAD.Internal.PropertyInspector	Autodesk/AutoCAD/Internal/PropertyInspector.py	136	140		0
PropertyInspectorEventArgs	Autodesk.AutoCAD.Internal.PropertyInspector	Autodesk/AutoCAD/Internal/PropertyInspector.py	141	148	EventArgs	4
PropertyInspectorEventHandler	Autodesk.AutoCAD.Internal.PropertyInspector	Autodesk/AutoCAD/Internal/PropertyInspector.py	149	157		5
PropertyInspectorEventManager	Autodesk.AutoCAD.Internal.PropertyInspector	Autodesk/AutoCAD/Internal/PropertyInspector.py	158	163		1
PropertyInt	Autodesk.Civil	Autodesk/Civil/__init__.py	1253	1263	Property<int\,int\,Autodesk::Civil::CastOp<int\,int> >	7
PropertyItem	System.Drawing.Imaging	System/Drawing/Imaging.py	3708	3763	object	0
PropertyLayer	Autodesk.Civil	Autodesk/Civil/__init__.py	1264	1274	PropertyString	7
PropertyLine	Autodesk.Revit.DB	Autodesk/Revit/DB/__init__.py	18775	18823	Element	42
PropertyLinetype	Autodesk.Civil	Autodesk/Civil/__init__.py	1275	1285	PropertyString	7
PropertyMText	Autodesk.Civil	Autodesk/Civil/__init__.py	1286	1296	PropertyString	7
PropertyManager	System.Windows.Forms	System/Windows/Forms/__init__.py	184024	184141	BindingManagerBase	0
PropertyMaterial	Autodesk.Civil	Autodesk/Civil/__init__.py	1297	1307	PropertyString	7
PropertyNameTemplate	Autodesk.Civil	Autodesk/Civil/__init__.py	1308	1318	PropertyString	7
PropertyObjectId	Autodesk.Civil	Autodesk/Civil/__init__.py	1319	1329	Property<Autodesk::AutoCAD::DatabaseServices::ObjectId\,AcDbObjectId\,Autodesk::Civil::CastOp<Autodesk::AutoCAD::DatabaseServices::ObjectId\,AcDbObjectId> >	7
PropertyObjectName	Autodesk.Civil	Autodesk/Civil/__init__.py	1330	1340	PropertyString	7
PropertyProviderAttribute	Autodesk.AutoCAD.ComponentModel	Autodesk/AutoCAD/ComponentModel.py	41	46	Attribute	2
PropertySelectionType	Autodesk.Revit.DB	Autodesk/Revit/DB/__init__.py	18824	18828		0
PropertySetElement	Autodesk.Revit.DB	Autodesk/Revit/DB/__init__.py	18829	18868	Element	35
PropertySetupType	Autodesk.Revit.DB	Autodesk/Revit/DB/__init__.py	18869	18873		0
PropertySort	System.Windows.Forms	System/Windows/Forms/__init__.py	184142	184189	Enum, IComparable, IFormattable, IConvertible	0
PropertyString	Autodesk.Civil	Autodesk/Civil/__init__.py	1341	1351	Property<System::String ^\,AecRmCString\,Autodesk::Civil::CastOp<System::String ^\,AecRmCString> >	7
PropertyTab	System.Windows.Forms.Design	System/Windows/Forms/Design.py	5024	5181	object, IExtenderProvider	0
PropertyTabChangedEventArgs	System.Windows.Forms	System/Windows/Forms/__init__.py	184190	184226	EventArgs	0
PropertyTabChangedEventHandler	System.Windows.Forms	System/Windows/Forms/__init__.py	184227	184331	MulticastDelegate, ICloneable, ISerializable	0
PropertyTableEntry	Autodesk.Revit.DB	Autodesk/Revit/DB/__init__.py	18874	18889		10
PropertyTableEntryArcDirection	Autodesk.Revit.DB	Autodesk/Revit/DB/__init__.py	18890	18894		0
PropertyTableEntryCurveType	Autodesk.Revit.DB	Autodesk/Revit/DB/__init__.py	18895	18899		0
PropertyTextStyle	Autodesk.Civil	Autodesk/Civil/__init__.py	1352	1362	PropertyString	7
PropertyUInt	Autodesk.Civil	Autodesk/Civil/__init__.py	1363	1373	Property<unsigned int\,int\,Autodesk::Civil::CastOp<unsigned int\,int> >	7
PropertyValueChangedEventArgs	System.Windows.Forms	System/Windows/Forms/__init__.py	184332	184368	EventArgs	0
PropertyValueChangedEventHandler	System.Windows.Forms	System/Windows/Forms/__init__.py	184369	184473	MulticastDelegate, ICloneable, ISerializable	0
PropertyValueUIHandler	System.Drawing.Design	System/Drawing/Design.py	745	849	MulticastDelegate, ICloneable, ISerializable	0
PropertyValueUIItem	System.Drawing.Design	System/Drawing/Design.py	850	905	object	0
PropertyValueUIItemInvokeHandler	System.Drawing.Design	System/Drawing/Design.py	906	1010	MulticastDelegate, ICloneable, ISerializable	0
ProxyEntity	Autodesk.AutoCAD.DatabaseServices	Autodesk/AutoCAD/DatabaseServices/__init__.py	15280	15360	Entity	77
ProxyObject	Autodesk.AutoCAD.DatabaseServices	Autodesk/AutoCAD/DatabaseServices/__init__.py	15361	15411	DBObject	46
ProxyResurrectionCompletedEventArgs	Autodesk.AutoCAD.DatabaseServices	Autodesk/AutoCAD/DatabaseServices/__init__.py	15412	15417	EventArgs	2
ProxyResurrectionCompletedEventHandler	Autodesk.AutoCAD.DatabaseServices	Autodesk/AutoCAD/DatabaseServices/__init__.py	15418	15426		5
PublishEntityEventArgs	Autodesk.AutoCAD.Publishing	Autodesk/AutoCAD/Publishing.py	247	269	EventArgs	19
PublishEventArgs	Autodesk.AutoCAD.Publishing	Autodesk/AutoCAD/Publishing.py	270	277	EventArgs	4
PublishProperties	Autodesk.Navisworks.Api	Autodesk/Navisworks/Api/__init__.py	1569	1598	NativeHandle	24
PublishSheetEventArgs	Autodesk.AutoCAD.Publishing	Autodesk/AutoCAD/Publishing.py	278	336	EventArgs	55
PublishUIEventArgs	Autodesk.AutoCAD.Publishing	Autodesk/AutoCAD/Publishing.py	337	345	EventArgs	5
Publisher	Autodesk.AutoCAD.Publishing	Autodesk/AutoCAD/Publishing.py	346	368	MarshalByRefObject	19
PulldownButton	Autodesk.Revit.UI	Autodesk/Revit/UI/__init__.py	612	629	RibbonButton	14
PulldownButtonData	Autodesk.Revit.UI	Autodesk/Revit/UI/__init__.py	630	641	ButtonData	8
PushButton	Autodesk.Revit.UI	Autodesk/Revit/UI/__init__.py	642	659	RibbonButton	14
PushButtonData	Autodesk.Revit.UI	Autodesk/Revit/UI/__init__.py	660	674	ButtonData	11
PushButtonState	System.Windows.Forms.VisualStyles	System/Windows/Forms/VisualStyles.py	1393	1441	Enum, IComparable, IFormattable, IConvertible	0
QTOAreaResult	Autodesk.Civil.DatabaseServices	Autodesk/Civil/DatabaseServices/__init__.py	16886	16899	CivilWrapper<AeccQuantityTakeoffResult::SECTIONAL_RESULT>	10
QTOCriteriaNameMapping	Autodesk.Civil.DatabaseServices	Autodesk/Civil/DatabaseServices/__init__.py	16900	16909		6
QTOGenerateDetail	Autodesk.Civil.DatabaseServices	Autodesk/Civil/DatabaseServices/__init__.py	16910	16922		9
QTOMaterial	Autodesk.Civil.DatabaseServices	Autodesk/Civil/DatabaseServices/__init__.py	16923	16947		21
QTOMaterialGap	Autodesk.Civil.DatabaseServices	Autodesk/Civil/DatabaseServices/__init__.py	16948	16958		7
QTOMaterialGapCollection	Autodesk.Civil.DatabaseServices	Autodesk/Civil/DatabaseServices/__init__.py	16959	16967		5
QTOMaterialItem	Autodesk.Civil.DatabaseServices	Autodesk/Civil/DatabaseServices/__init__.py	16968	16979		8
QTOMaterialList	Autodesk.Civil.DatabaseServices	Autodesk/Civil/DatabaseServices/__init__.py	16980	16999		16
QTOMaterialListCollection	Autodesk.Civil.DatabaseServices	Autodesk/Civil/DatabaseServices/__init__.py	17000	17016		13
QTOMaterialListGap	Autodesk.Civil.DatabaseServices	Autodesk/Civil/DatabaseServices/__init__.py	17017	17024		4
QTOMaterialListGapCollection	Autodesk.Civil.DatabaseServices	Autodesk/Civil/DatabaseServices/__init__.py	17025	17036		8
QTOReportExtent	Autodesk.Civil.DatabaseServices	Autodesk/Civil/DatabaseServices/__init__.py	17037	17041		0
QTOReportFormat	Autodesk.Civil.DatabaseServices	Autodesk/Civil/DatabaseServices/__init__.py	17042	17046		0
QTOReportType	Autodesk.Civil.DatabaseServices	Autodesk/Civil/DatabaseServices/__init__.py	17047	17051		0
QTOResultType	Autodesk.Civil.DatabaseServices	Autodesk/Civil/DatabaseServices/__init__.py	17052	17056		0
QTOSectionalResult	Autodesk.Civil.DatabaseServices	Autodesk/Civil/DatabaseServices/__init__.py	17057	17065	CivilWrapper<AeccQuantityTakeoffResult::SECTIONAL_RESULT>	5
QTOSubcriteria	Autodesk.Civil.DatabaseServices	Autodesk/Civil/DatabaseServices/__init__.py	17066	17082		13
QTOSubcriteriaCollection	Autodesk.Civil.DatabaseServices	Autodesk/Civil/DatabaseServices/__init__.py	17083	17094		8
QTOUtility	Autodesk.Civil.DatabaseServices	Autodesk/Civil/DatabaseServices/__init__.py	17095	17117		11
QTOVolumeResult	Autodesk.Civil.DatabaseServices	Autodesk/Civil/DatabaseServices/__init__.py	17118	17127	CivilWrapper<AeccQuantityTakeoffResult::SECTIONAL_RESULT>	6
Quality	Autodesk.AutoCAD.GraphicsSystem	Autodesk/AutoCAD/GraphicsSystem.py	294	298		0
QualityMode	System.Drawing.Drawing2D	System/Drawing/Drawing2D.py	4983	5030	Enum, IComparable, IFormattable, IConvertible	0
QuantityTakeoffCriteria	Autodesk.Civil.DatabaseServices.Styles	Autodesk/Civil/DatabaseServices/Styles.py	4625	4682	StyleBase	54
QuantityTakeoffCriteriaCollection	Autodesk.Civil.DatabaseServices.Styles	Autodesk/Civil/DatabaseServices/Styles.py	4683	4693	StyleCollectionBase	7
QuantityTakeoffCriteriaData	Autodesk.Civil.DatabaseServices.Styles	Autodesk/Civil/DatabaseServices/Styles.py	4694	4700	CivilWrapper<AeccDbQuantityTakeoffCriteria>	3
QuantityTakeoffCriteriaItem	Autodesk.Civil.DatabaseServices.Styles	Autodesk/Civil/DatabaseServices/Styles.py	4701	4717	CivilWrapper<AeccDbQuantityTakeoffCriteria>	13
QuantityTakeoffLengthComputeType	Autodesk.Civil	Autodesk/Civil/__init__.py	1374	1378		0
QuantityTakeoffPipeLengthType	Autodesk.Civil	Autodesk/Civil/__init__.py	1379	1383		0
QuantityTakeoffReportExtentType	Autodesk.Civil	Autodesk/Civil/__init__.py	1384	1388		0
QuantityTakeoffReportType	Autodesk.Civil	Autodesk/Civil/__init__.py	1389	1393		0
QuantityTakeoffResult	Autodesk.Civil.DatabaseServices	Autodesk/Civil/DatabaseServices/__init__.py	17128	17133	CivilWrapper<AeccQuantityTakeoffResult>	2
QueryAccessibilityHelpEventArgs	System.Windows.Forms	System/Windows/Forms/__init__.py	184474	184533	EventArgs	0
QueryAccessibilityHelpEventHandler	System.Windows.Forms	System/Windows/Forms/__init__.py	184534	184638	MulticastDelegate, ICloneable, ISerializable	0
QueryContinueDragEventArgs	System.Windows.Forms	System/Windows/Forms/__init__.py	184639	184688	EventArgs	0
QueryContinueDragEventHandler	System.Windows.Forms	System/Windows/Forms/__init__.py	184689	184793	MulticastDelegate, ICloneable, ISerializable	0
QueryPageSettingsEventArgs	System.Drawing.Printing	System/Drawing/Printing.py	3013	3040	PrintEventArgs	0
QueryPageSettingsEventHandler	System.Drawing.Printing	System/Drawing/Printing.py	3041	3145	MulticastDelegate, ICloneable, ISerializable	0
QuestionEventArgs	System.Windows.Forms	System/Windows/Forms/__init__.py	184794	184827	EventArgs	0
QuestionEventHandler	System.Windows.Forms	System/Windows/Forms/__init__.py	184828	184932	MulticastDelegate, ICloneable, ISerializable	0
Queue	System.Collections	System/Collections/__init__.py	3130	3353	object, ICollection, IEnumerable, ICloneable	0
Queue	System.Collections.Generic	System/Collections/Generic.py	2641	2801	object, IEnumerable[T], IEnumerable, ICollection, IReadOnlyCollection[T]	0
QuickStartLink	Autodesk.AutoCAD.Internal	Autodesk/AutoCAD/Internal/__init__.py	2156	2237	ControlWrapper	78
ROWCleanupType	Autodesk.Civil	Autodesk/Civil/__init__.py	1394	1398		0
RPCNode	Autodesk.Revit.DB	Autodesk/Revit/DB/__init__.py	18900	18905	ContentNode	2
RXClass	Autodesk.AutoCAD.Runtime	Autodesk/AutoCAD/Runtime.py	501	520	RXObject	16
RXClassToObjectId	Autodesk.Aec.DatabaseServices	Autodesk/Aec/DatabaseServices.py	7539	7544		2
RXClassToObjectIdCollection	Autodesk.Aec.DatabaseServices	Autodesk/Aec/DatabaseServices.py	7545	7563	DisposableWrapper	15
RXObject	Autodesk.AutoCAD.Runtime	Autodesk/AutoCAD/Runtime.py	521	537	DisposableWrapper	11
RadialArray	Autodesk.Revit.DB	Autodesk/Revit/DB/__init__.py	18906	18953	BaseArray	38
RadialDimension	Autodesk.AutoCAD.DatabaseServices	Autodesk/AutoCAD/DatabaseServices/__init__.py	15427	15623	Dimension	193
RadialDimension	Autodesk.Revit.DB	Autodesk/Revit/DB/__init__.py	18954	19009	Dimension	51
RadialDimensionLarge	Autodesk.AutoCAD.DatabaseServices	Autodesk/AutoCAD/DatabaseServices/__init__.py	15624	15822	Dimension	195
RadioButton	System.Windows.Forms	System/Windows/Forms/__init__.py	184933	187134	ButtonBase, IComponent, IDisposable, IOleControl, IOleObject, IOleInPlaceObject, IOleInPlaceActiveObject, IOleWindow, IViewObject, IViewObject2, IPersist, IPersistStreamInit, IPersistPropertyBag, IPersistStorage, IQuickActivate, ISupportOleDropSource, IDropTarget, ISynchronizeInvoke, IWin32Window, IArrangedElement, IBindableComponent	0
RadioButtonGroup	Autodesk.Revit.UI	Autodesk/Revit/UI/__init__.py	675	690	RibbonItem	12
RadioButtonGroupData	Autodesk.Revit.UI	Autodesk/Revit/UI/__init__.py	691	699	RibbonItemData	5
RadioButtonRenderer	System.Windows.Forms	System/Windows/Forms/__init__.py	187135	187357	object	0
RadioButtonState	System.Windows.Forms.VisualStyles	System/Windows/Forms/VisualStyles.py	1442	1493	Enum, IComparable, IFormattable, IConvertible	0
RadiusDiameterConstraint	Autodesk.AutoCAD.DatabaseServices	Autodesk/AutoCAD/DatabaseServices/__init__.py	15823	15842	ExplicitConstraint	16
RadiusLookupMethodType	Autodesk.Civil	Autodesk/Civil/__init__.py	1399	1403		0
RailAlignmentInfo	Autodesk.Civil.DatabaseServices	Autodesk/Civil/DatabaseServices/__init__.py	17134	17140		3
RailAlignmentPivotType	Autodesk.Civil	Autodesk/Civil/__init__.py	1404	1408		0
RailAngledJoinOption	Autodesk.Revit.DB.Architecture	Autodesk/Revit/DB/Architecture.py	597	601		0
RailCANTInfo	Autodesk.Civil.DatabaseServices	Autodesk/Civil/DatabaseServices/__init__.py	17141	17161		17
RailConnectionOption	Autodesk.Revit.DB.Architecture	Autodesk/Revit/DB/Architecture.py	602	606		0
RailExtensionStyle	Autodesk.Revit.DB.Architecture	Autodesk/Revit/DB/Architecture.py	607	611		0
RailIndex	Autodesk.Revit.DB.Architecture	Autodesk/Revit/DB/Architecture.py	612	616		0
RailJoinOption	Autodesk.Revit.DB.Architecture	Autodesk/Revit/DB/Architecture.py	617	621		0
RailSupportJustification	Autodesk.Revit.DB.Architecture	Autodesk/Revit/DB/Architecture.py	622	626		0
RailSupportsLayout	Autodesk.Revit.DB.Architecture	Autodesk/Revit/DB/Architecture.py	627	631		0
RailTagentJoinOption	Autodesk.Revit.DB.Architecture	Autodesk/Revit/DB/Architecture.py	632	636		0
RailTransitionOption	Autodesk.Revit.DB.Architecture	Autodesk/Revit/DB/Architecture.py	637	641		0
RailTypeDefaultJoinOption	Autodesk.Revit.DB.Architecture	Autodesk/Revit/DB/Architecture.py	642	646		0
Railing	Autodesk.Revit.DB.Architecture	Autodesk/Revit/DB/Architecture.py	647	700	Element	47
RailingHeightCorrectionOption	Autodesk.Revit.DB.Architecture	Autodesk/Revit/DB/Architecture.py	701	705		0
RailingPathCurveJoinOption	Autodesk.Revit.DB.Architecture	Autodesk/Revit/DB/Architecture.py	706	710		0
RailingPlacementPosition	Autodesk.Revit.DB.Architecture	Autodesk/Revit/DB/Architecture.py	711	715		0
RailingSlopeOption	Autodesk.Revit.DB.Architecture	Autodesk/Revit/DB/Architecture.py	716	720		0
RailingType	Autodesk.Revit.DB.Architecture	Autodesk/Revit/DB/Architecture.py	721	767	ElementType	43
Random	System	System/__init__.py	31665	31778	object	0
RankException	System	System/__init__.py	31779	31822	SystemException, ISerializable, _Exception	0
RapidRTFilterType	Autodesk.AutoCAD.GraphicsInterface	Autodesk/AutoCAD/GraphicsInterface.py	1045	1049		0
RapidRTLightingMode	Autodesk.AutoCAD.GraphicsInterface	Autodesk/AutoCAD/GraphicsInterface.py	1050	1054		0
RapidRTQuitCondition	Autodesk.AutoCAD.GraphicsInterface	Autodesk/AutoCAD/GraphicsInterface.py	1055	1059		0
RapidRTRenderSettings	Autodesk.AutoCAD.DatabaseServices	Autodesk/AutoCAD/DatabaseServices/__init__.py	15843	15904	RenderSettings	58
RapidRTRenderSettingsTraits	Autodesk.AutoCAD.GraphicsInterface	Autodesk/AutoCAD/GraphicsInterface.py	1060	1093	NonEntityTraits	30
RapidRTRenderTarget	Autodesk.AutoCAD.DatabaseServices	Autodesk/AutoCAD/DatabaseServices/__init__.py	15905	15909		0
RasterImage	Autodesk.AutoCAD.DatabaseServices	Autodesk/AutoCAD/DatabaseServices/__init__.py	15910	16013	Image	99
RasterImageDef	Autodesk.AutoCAD.DatabaseServices	Autodesk/AutoCAD/DatabaseServices/__init__.py	16014	16087	DBObject	67
RasterQualityType	Autodesk.Revit.DB	Autodesk/Revit/DB/__init__.py	19010	19014		0
RasterVariables	Autodesk.AutoCAD.DatabaseServices	Autodesk/AutoCAD/DatabaseServices/__init__.py	16088	16134	DBObject	43
Ray	Autodesk.AutoCAD.DatabaseServices	Autodesk/AutoCAD/DatabaseServices/__init__.py	16135	16220	Curve	82
Ray2d	Autodesk.AutoCAD.Geometry	Autodesk/AutoCAD/Geometry.py	1780	1797	LinearEntity2d	13
Ray3d	Autodesk.AutoCAD.Geometry	Autodesk/AutoCAD/Geometry.py	1798	1815	LinearEntity3d	13
RayBodyIntersection	Autodesk.Aec.Modeler	Autodesk/Aec/Modeler.py	472	476		0
ReadAccessor	Autodesk.Navisworks.Api.Schema	Autodesk/Navisworks/Api/Schema.py	172	182	NativeHandle	5
ReadOnlyCollection	System.Collections.ObjectModel	System/Collections/ObjectModel.py	647	794	object, IList[T], ICollection[T], IEnumerable[T], IEnumerable, IList, ICollection, IReadOnlyList[T], IReadOnlyCollection[T]	0
ReadOnlyCollectionBase	System.Collections	System/Collections/__init__.py	3354	3410	object, ICollection, IEnumerable	0
ReadOnlyDictionary	System.Collections.ObjectModel	System/Collections/ObjectModel.py	795	904	object, IDictionary[TKey, TValue], ICollection[KeyValuePair[TKey, TValue]], IEnumerable[KeyValuePair[TKey, TValue]], IEnumerable, IDictionary, ICollection, IReadOnlyDictionary[TKey, TValue], IReadOnlyCollection[KeyValuePair[TKey, TValue]]	0
ReadOnlyObservableCollection	System.Collections.ObjectModel	System/Collections/ObjectModel.py	905	984	ReadOnlyCollection[T], IList[T], ICollection[T], IEnumerable[T], IEnumerable, IList, ICollection, IReadOnlyList[T], IReadOnlyCollection[T], INotifyCollectionChanged, INotifyPropertyChanged	0
Rebar	Autodesk.Revit.DB.Structure	Autodesk/Revit/DB/Structure/__init__.py	2027	2166	Element	126
RebarBarType	Autodesk.Revit.DB.Structure	Autodesk/Revit/DB/Structure/__init__.py	2167	2249	ElementType	77
RebarBendData	Autodesk.Revit.DB.Structure	Autodesk/Revit/DB/Structure/__init__.py	2250	2277		24
RebarBendingDetail	Autodesk.Revit.DB.Structure	Autodesk/Revit/DB/Structure/__init__.py	2278	2319		19
RebarBendingDetailType	Autodesk.Revit.DB.Structure	Autodesk/Revit/DB/Structure/__init__.py	2320	2388	ElementType	63
RebarConstrainedHandle	Autodesk.Revit.DB.Structure	Autodesk/Revit/DB/Structure/__init__.py	2389	2417		25
RebarConstraint	Autodesk.Revit.DB.Structure	Autodesk/Revit/DB/Structure/__init__.py	2418	2498		68
RebarConstraintTargetHostFaceType	Autodesk.Revit.DB.Structure	Autodesk/Revit/DB/Structure/__init__.py	2499	2503		0
RebarConstraintType	Autodesk.Revit.DB.Structure	Autodesk/Revit/DB/Structure/__init__.py	2504	2508		0
RebarConstraintsManager	Autodesk.Revit.DB.Structure	Autodesk/Revit/DB/Structure/__init__.py	2509	2529		17
RebarConstraintsStatus	Autodesk.Revit.DB.Structure	Autodesk/Revit/DB/Structure/__init__.py	2530	2534		0
RebarContainer	Autodesk.Revit.DB.Structure	Autodesk/Revit/DB/Structure/__init__.py	2535	2590	Element	51
RebarContainerItem	Autodesk.Revit.DB.Structure	Autodesk/Revit/DB/Structure/__init__.py	2591	2644		50
RebarContainerIterator	Autodesk.Revit.DB.Structure	Autodesk/Revit/DB/Structure/__init__.py	2645	2653		5
RebarContainerParameterManager	Autodesk.Revit.DB.Structure	Autodesk/Revit/DB/Structure/__init__.py	2654	2672		15
RebarContainerType	Autodesk.Revit.DB.Structure	Autodesk/Revit/DB/Structure/__init__.py	2673	2711	ElementType	33
RebarCoupler	Autodesk.Revit.DB.Structure	Autodesk/Revit/DB/Structure/__init__.py	2712	2753	Element	37
RebarCouplerError	Autodesk.Revit.DB.Structure	Autodesk/Revit/DB/Structure/__init__.py	2754	2758		0
RebarCoverType	Autodesk.Revit.DB.Structure	Autodesk/Revit/DB/Structure/__init__.py	2759	2796	ElementType	33
RebarCrankOverridableParameters	Autodesk.Revit.DB.Structure	Autodesk/Revit/DB/Structure/__init__.py	2797	2812		12
RebarCrankTypeUtils	Autodesk.Revit.DB.Structure	Autodesk/Revit/DB/Structure/__init__.py	2813	2832		8
RebarCurvesData	Autodesk.Revit.DB.Structure	Autodesk/Revit/DB/Structure/__init__.py	2833	2846		10
RebarDeformationType	Autodesk.Revit.DB.Structure	Autodesk/Revit/DB/Structure/__init__.py	2847	2851		0
RebarEndType	Autodesk.Revit.DB.Structure	Autodesk/Revit/DB/Structure/__init__.py	2852	2856		0
RebarFreeFormAccessor	Autodesk.Revit.DB.Structure	Autodesk/Revit/DB/Structure/__init__.py	2857	2906		44
RebarFreeFormCreationResult	Autodesk.Revit.DB.Structure	Autodesk/Revit/DB/Structure/__init__.py	2907	2914		4
RebarFreeFormValidationResult	Autodesk.Revit.DB.Structure	Autodesk/Revit/DB/Structure/__init__.py	2915	2919		0
RebarGeometryType	Autodesk.Revit.DB.Structure	Autodesk/Revit/DB/Structure/__init__.py	2920	2924		0
RebarHandleBehavior	Autodesk.Revit.DB.Structure	Autodesk/Revit/DB/Structure/__init__.py	2925	2929		0
RebarHandleNameData	Autodesk.Revit.DB.Structure	Autodesk/Revit/DB/Structure/__init__.py	2930	2937		4
RebarHandlePositionData	Autodesk.Revit.DB.Structure	Autodesk/Revit/DB/Structure/__init__.py	2938	2949		8
RebarHandleType	Autodesk.Revit.DB.Structure	Autodesk/Revit/DB/Structure/__init__.py	2950	2954		0
RebarHandlesData	Autodesk.Revit.DB.Structure	Autodesk/Revit/DB/Structure/__init__.py	2955	2967		9
RebarHookType	Autodesk.Revit.DB.Structure	Autodesk/Revit/DB/Structure/__init__.py	2968	3012	ElementType	39
RebarHostCategory	Autodesk.Revit.DB.Structure	Autodesk/Revit/DB/Structure/__init__.py	3013	3017		0
RebarHostData	Autodesk.Revit.DB.Structure	Autodesk/Revit/DB/Structure/__init__.py	3018	3043		18
RebarInSystem	Autodesk.Revit.DB.Structure	Autodesk/Revit/DB/Structure/__init__.py	3044	3113	Element	66
RebarLayoutRule	Autodesk.Revit.DB.Structure	Autodesk/Revit/DB/Structure/__init__.py	3114	3118		0
RebarPresentationMode	Autodesk.Revit.DB.Structure	Autodesk/Revit/DB/Structure/__init__.py	3119	3123		0
RebarPropagation	Autodesk.Revit.DB.Structure	Autodesk/Revit/DB/Structure/__init__.py	3124	3131		2
RebarReinforcementData	Autodesk.Revit.DB.Structure	Autodesk/Revit/DB/Structure/__init__.py	3132	3140	ReinforcementData	4
RebarRoundingManager	Autodesk.Revit.DB.Structure	Autodesk/Revit/DB/Structure/__init__.py	3141	3156	ReinforcementRoundingManager	12
RebarShape	Autodesk.Revit.DB.Structure	Autodesk/Revit/DB/Structure/__init__.py	3157	3209	ElementType	47
RebarShapeArcReferenceType	Autodesk.Revit.DB.Structure	Autodesk/Revit/DB/Structure/__init__.py	3210	3214		0
RebarShapeBendAngle	Autodesk.Revit.DB.Structure	Autodesk/Revit/DB/Structure/__init__.py	3215	3219		0
RebarShapeConstraint	Autodesk.Revit.DB.Structure	Autodesk/Revit/DB/Structure/__init__.py	3220	3226		3
RebarShapeConstraint180DegreeBendArcLength	Autodesk.Revit.DB.Structure	Autodesk/Revit/DB/Structure/__init__.py	3227	3231	RebarShapeConstraint	1
RebarShapeConstraint180DegreeBendRadius	Autodesk.Revit.DB.Structure	Autodesk/Revit/DB/Structure/__init__.py	3232	3237	RebarShapeConstraint	2
RebarShapeConstraint180DegreeDefaultBend	Autodesk.Revit.DB.Structure	Autodesk/Revit/DB/Structure/__init__.py	3238	3242	RebarShapeConstraint	1
RebarShapeConstraintAngleFromFixedDir	Autodesk.Revit.DB.Structure	Autodesk/Revit/DB/Structure/__init__.py	3243	3249	RebarShapeConstraint	3
RebarShapeConstraintArcLength	Autodesk.Revit.DB.Structure	Autodesk/Revit/DB/Structure/__init__.py	3250	3254	RebarShapeConstraint	1
RebarShapeConstraintChordLength	Autodesk.Revit.DB.Structure	Autodesk/Revit/DB/Structure/__init__.py	3255	3259	RebarShapeConstraint	1
RebarShapeConstraintCircumference	Autodesk.Revit.DB.Structure	Autodesk/Revit/DB/Structure/__init__.py	3260	3265	RebarShapeConstraint	2
RebarShapeConstraintDiameter	Autodesk.Revit.DB.Structure	Autodesk/Revit/DB/Structure/__init__.py	3266	3271	RebarShapeConstraint	2
RebarShapeConstraintFixedSegmentDir	Autodesk.Revit.DB.Structure	Autodesk/Revit/DB/Structure/__init__.py	3272	3277	RebarShapeConstraint	2
RebarShapeConstraintProjectedSegmentLength	Autodesk.Revit.DB.Structure	Autodesk/Revit/DB/Structure/__init__.py	3278	3285	RebarShapeConstraint	4
RebarShapeConstraintRadius	Autodesk.Revit.DB.Structure	Autodesk/Revit/DB/Structure/__init__.py	3286	3291	RebarShapeConstraint	2
RebarShapeConstraintSagittaLength	Autodesk.Revit.DB.Structure	Autodesk/Revit/DB/Structure/__init__.py	3292	3296	RebarShapeConstraint	1
RebarShapeConstraintSegmentLength	Autodesk.Revit.DB.Structure	Autodesk/Revit/DB/Structure/__init__.py	3297	3302	RebarShapeConstraint	2
RebarShapeDefinition	Autodesk.Revit.DB.Structure	Autodesk/Revit/DB/Structure/__init__.py	3303	3320		14
RebarShapeDefinitionByArc	Autodesk.Revit.DB.Structure	Autodesk/Revit/DB/Structure/__init__.py	3321	3337	RebarShapeDefinition	13
RebarShapeDefinitionByArcType	Autodesk.Revit.DB.Structure	Autodesk/Revit/DB/Structure/__init__.py	3338	3342		0
RebarShapeDefinitionBySegments	Autodesk.Revit.DB.Structure	Autodesk/Revit/DB/Structure/__init__.py	3343	3365	RebarShapeDefinition	19
RebarShapeDrivenAccessor	Autodesk.Revit.DB.Structure	Autodesk/Revit/DB/Structure/__init__.py	3366	3394		25
RebarShapeMultiplanarDefinition	Autodesk.Revit.DB.Structure	Autodesk/Revit/DB/Structure/__init__.py	3395	3406		8
RebarShapeParameters	Autodesk.Revit.DB.Structure	Autodesk/Revit/DB/Structure/__init__.py	3407	3422		7
RebarShapeSegment	Autodesk.Revit.DB.Structure	Autodesk/Revit/DB/Structure/__init__.py	3423	3430		4
RebarShapeSegmentEndReferenceType	Autodesk.Revit.DB.Structure	Autodesk/Revit/DB/Structure/__init__.py	3431	3435		0
RebarShapeTerminationsData	Autodesk.Revit.DB.Structure	Autodesk/Revit/DB/Structure/__init__.py	3436	3452		13
RebarShapeVertex	Autodesk.Revit.DB.Structure	Autodesk/Revit/DB/Structure/__init__.py	3453	3462		6
RebarShapeVertexTurn	Autodesk.Revit.DB.Structure	Autodesk/Revit/DB/Structure/__init__.py	3463	3467		0
RebarSplice	Autodesk.Revit.DB.Structure	Autodesk/Revit/DB/Structure/__init__.py	3468	3482		11
RebarSpliceByRulesError	Autodesk.Revit.DB.Structure	Autodesk/Revit/DB/Structure/__init__.py	3483	3487		0
RebarSpliceByRulesResult	Autodesk.Revit.DB.Structure	Autodesk/Revit/DB/Structure/__init__.py	3488	3495		4
RebarSpliceByRulesRunOutPosition	Autodesk.Revit.DB.Structure	Autodesk/Revit/DB/Structure/__init__.py	3496	3500		0
RebarSpliceError	Autodesk.Revit.DB.Structure	Autodesk/Revit/DB/Structure/__init__.py	3501	3505		0
RebarSpliceGeometry	Autodesk.Revit.DB.Structure	Autodesk/Revit/DB/Structure/__init__.py	3506	3513		4
RebarSpliceOptions	Autodesk.Revit.DB.Structure	Autodesk/Revit/DB/Structure/__init__.py	3514	3521		4
RebarSplicePosition	Autodesk.Revit.DB.Structure	Autodesk/Revit/DB/Structure/__init__.py	3522	3526		0
RebarSpliceRules	Autodesk.Revit.DB.Structure	Autodesk/Revit/DB/Structure/__init__.py	3527	3538		7
RebarSpliceShiftOption	Autodesk.Revit.DB.Structure	Autodesk/Revit/DB/Structure/__init__.py	3539	3543		0
RebarSpliceTypeUtils	Autodesk.Revit.DB.Structure	Autodesk/Revit/DB/Structure/__init__.py	3544	3563		8
RebarSpliceUtils	Autodesk.Revit.DB.Structure	Autodesk/Revit/DB/Structure/__init__.py	3564	3579		6
RebarStyle	Autodesk.Revit.DB.Structure	Autodesk/Revit/DB/Structure/__init__.py	3580	3584		0
RebarSystemSpanSymbol	Autodesk.Revit.DB.Structure	Autodesk/Revit/DB/Structure/__init__.py	3585	3631	IndependentTag	42
RebarTerminationOrientation	Autodesk.Revit.DB.Structure	Autodesk/Revit/DB/Structure/__init__.py	3632	3636		0
RebarTrimExtendData	Autodesk.Revit.DB.Structure	Autodesk/Revit/DB/Structure/__init__.py	3637	3650		10
RebarUpdateCurvesData	Autodesk.Revit.DB.Structure	Autodesk/Revit/DB/Structure/__init__.py	3651	3698		44
RebarWorkInstructions	Autodesk.Revit.DB.Structure	Autodesk/Revit/DB/Structure/__init__.py	3699	3703		0
RecentBlockSerializeState	Autodesk.AutoCAD.Internal	Autodesk/AutoCAD/Internal/__init__.py	2238	2242		0
RecentDocument	Autodesk.AutoCAD.ApplicationServices	Autodesk/AutoCAD/ApplicationServices/__init__.py	749	762		9
RecentDocumentAction	Autodesk.AutoCAD.Internal	Autodesk/AutoCAD/Internal/__init__.py	2243	2251		5
RecentDocumentActionCollection	Autodesk.AutoCAD.Internal	Autodesk/AutoCAD/Internal/__init__.py	2252	2261	ReadOnlyCollection	6
RecentDocumentCollection	Autodesk.AutoCAD.ApplicationServices	Autodesk/AutoCAD/ApplicationServices/__init__.py	763	773	ReadOnlyObservableCollection	6
Rectangle	Autodesk.Revit.DB	Autodesk/Revit/DB/__init__.py	19015	19025		7
Rectangle	System.Drawing	System/Drawing/__init__.py	9570	10077	object	0
Rectangle3d	Autodesk.AutoCAD.DatabaseServices	Autodesk/AutoCAD/DatabaseServices/__init__.py	16221	16229		5
RectangleConverter	System.Drawing	System/Drawing/__init__.py	10078	10312	TypeConverter	0
RectangleF	System.Drawing	System/Drawing/__init__.py	10313	10763	object	0
RectangleLightShape	Autodesk.Revit.DB.Lighting	Autodesk/Revit/DB/Lighting.py	220	226	LightShape	3
RectangularGridSegmentOrientation	Autodesk.Revit.DB	Autodesk/Revit/DB/__init__.py	19026	19030		0
RedoCommand	Autodesk.AutoCAD.Windows.Data	Autodesk/AutoCAD/Windows/Data/__init__.py	1091	1095	IPECommandBase	1
Reference	Autodesk.Revit.DB	Autodesk/Revit/DB/__init__.py	19031	19047	APIObject	12
ReferenceArray	Autodesk.Revit.DB	Autodesk/Revit/DB/__init__.py	19048	19061	APIObject	10
ReferenceArrayArray	Autodesk.Revit.DB	Autodesk/Revit/DB/__init__.py	19062	19075	APIObject	10
ReferenceArrayArrayIterator	Autodesk.Revit.DB	Autodesk/Revit/DB/__init__.py	19076	19083	APIObject	4
ReferenceArrayIterator	Autodesk.Revit.DB	Autodesk/Revit/DB/__init__.py	19084	19091	APIObject	4
ReferenceBaseOnHostType	Autodesk.Revit.DB	Autodesk/Revit/DB/__init__.py	19092	19096		0
ReferenceDocument	Autodesk.Aec.DatabaseServices	Autodesk/Aec/DatabaseServices.py	7564	7615	DBObject	48
ReferenceIntersector	Autodesk.Revit.DB	Autodesk/Revit/DB/__init__.py	19097	19111		11
ReferencePlane	Autodesk.Revit.DB	Autodesk/Revit/DB/__init__.py	19112	19149	DatumPlane	34
ReferencePoint	Autodesk.Revit.DB	Autodesk/Revit/DB/__init__.py	19150	19195	Element	42
ReferencePointArray	Autodesk.Revit.DB	Autodesk/Revit/DB/__init__.py	19196	19209	APIObject	10
ReferencePointArrayIterator	Autodesk.Revit.DB	Autodesk/Revit/DB/__init__.py	19210	19217	APIObject	4
ReferenceTextComponentSelectedType	Autodesk.Civil.DatabaseServices.Styles	Autodesk/Civil/DatabaseServices/Styles.py	4718	4722		0
ReferenceType	Autodesk.Revit.DB	Autodesk/Revit/DB/__init__.py	19218	19222		0
ReferenceUtils	Autodesk.Revit.DB	Autodesk/Revit/DB/__init__.py	19223	19228		2
ReferenceWithContext	Autodesk.Revit.DB	Autodesk/Revit/DB/__init__.py	19229	19237		5
ReferenceableViewUtils	Autodesk.Revit.DB	Autodesk/Revit/DB/__init__.py	19238	19245		2
RefreshCode	Autodesk.AutoCAD.PlottingServices	Autodesk/AutoCAD/PlottingServices.py	469	473		0
RegAppTable	Autodesk.AutoCAD.DatabaseServices	Autodesk/AutoCAD/DatabaseServices/__init__.py	16230	16275	SymbolTable	42
RegAppTableRecord	Autodesk.AutoCAD.DatabaseServices	Autodesk/AutoCAD/DatabaseServices/__init__.py	16276	16322	SymbolTableRecord	43
RegenType	Autodesk.AutoCAD.GraphicsInterface	Autodesk/AutoCAD/GraphicsInterface.py	1094	1098		0
RegenerationAttribute	Autodesk.Revit.Attributes	Autodesk/Revit/Attributes.py	14	19	Attribute	2
RegenerationFailedException	Autodesk.Revit.Exceptions	Autodesk/Revit/Exceptions.py	636	649	InvalidOperationException	10
RegenerationOption	Autodesk.Revit.Attributes	Autodesk/Revit/Attributes.py	20	24		0
Region	Autodesk.AutoCAD.DatabaseServices	Autodesk/AutoCAD/DatabaseServices/__init__.py	16323	16407	Entity	80
Region	System.Drawing	System/Drawing/__init__.py	10764	11682	MarshalByRefObject, IDisposable	0
RegionAreaProperties	Autodesk.AutoCAD.DatabaseServices	Autodesk/AutoCAD/DatabaseServices/__init__.py	16408	16420		9
RegionData	System.Drawing.Drawing2D	System/Drawing/Drawing2D.py	5031	5047	object	0
RegionMatchType	Autodesk.Civil.DatabaseServices	Autodesk/Civil/DatabaseServices/__init__.py	17162	17166		0
Registry	Autodesk.AutoCAD.Runtime	Autodesk/AutoCAD/Runtime.py	538	545		4
RegistryKey	Autodesk.AutoCAD.Runtime	Autodesk/AutoCAD/Runtime.py	546	567		16
ReinforcementAbbreviationObjectType	Autodesk.Revit.DB.Structure	Autodesk/Revit/DB/Structure/__init__.py	3704	3708		0
ReinforcementAbbreviationTag	Autodesk.Revit.DB.Structure	Autodesk/Revit/DB/Structure/__init__.py	3709	3716		4
ReinforcementAbbreviationTagType	Autodesk.Revit.DB.Structure	Autodesk/Revit/DB/Structure/__init__.py	3717	3721		0
ReinforcementBarOrientation	Autodesk.Revit.DB.Structure	Autodesk/Revit/DB/Structure/__init__.py	3722	3726		0
ReinforcementData	Autodesk.Revit.DB.Structure	Autodesk/Revit/DB/Structure/__init__.py	3727	3732		2
ReinforcementNumberingMethod	Autodesk.Revit.DB.Structure	Autodesk/Revit/DB/Structure/__init__.py	3733	3737		0
ReinforcementRoundingManager	Autodesk.Revit.DB.Structure	Autodesk/Revit/DB/Structure/__init__.py	3738	3746		5
ReinforcementRoundingSource	Autodesk.Revit.DB.Structure	Autodesk/Revit/DB/Structure/__init__.py	3747	3751		0
ReinforcementSettings	Autodesk.Revit.DB.Structure	Autodesk/Revit/DB/Structure/__init__.py	3752	3797	Element	41
RelatedImageListAttribute	System.Windows.Forms	System/Windows/Forms/__init__.py	187358	187387	Attribute, _Attribute	0
RelationType	Autodesk.Aec.DatabaseServices	Autodesk/Aec/DatabaseServices.py	7616	7620		0
RelationalExpression	Autodesk.AutoCAD.LayerManager	Autodesk/AutoCAD/LayerManager.py	87	92		2
ReleaseConditions	Autodesk.Revit.DB.Structure	Autodesk/Revit/DB/Structure/__init__.py	3798	3810		9
ReleaseInterfaceFunction	Autodesk.AutoCAD.GraphicsSystem	Autodesk/AutoCAD/GraphicsSystem.py	299	307		5
ReleaseType	Autodesk.Revit.DB.Structure	Autodesk/Revit/DB/Structure/__init__.py	3811	3815		0
RelinquishOptions	Autodesk.Revit.DB	Autodesk/Revit/DB/__init__.py	19246	19256		7
RelinquishedItems	Autodesk.Revit.DB	Autodesk/Revit/DB/__init__.py	19257	19264		4
ReloadLatestOptions	Autodesk.Revit.DB	Autodesk/Revit/DB/__init__.py	19265	19270		2
ReloadSwapOutInfo	Autodesk.Revit.DB	Autodesk/Revit/DB/__init__.py	19271	19280		6
RenderData	Autodesk.AutoCAD.Windows.Data.Render.RapidRT	Autodesk/AutoCAD/Windows/Data/Render/RapidRT.py	3	28		22
RenderDataSet	Autodesk.AutoCAD.Windows.Data.Render.RapidRT	Autodesk/AutoCAD/Windows/Data/Render/RapidRT.py	29	36		4
RenderDuration	Autodesk.Revit.DB	Autodesk/Revit/DB/__init__.py	19281	19285		0
RenderEngine	Autodesk.AutoCAD.Windows.Data.Render.RapidRT	Autodesk/AutoCAD/Windows/Data/Render/RapidRT.py	37	57		17
RenderEnvironment	Autodesk.AutoCAD.DatabaseServices	Autodesk/AutoCAD/DatabaseServices/__init__.py	16421	16471	DBObject	47
RenderEnvironment	Autodesk.AutoCAD.Windows.Data.Render.RapidRT	Autodesk/AutoCAD/Windows/Data/Render/RapidRT.py	58	70		9
RenderEnvironmentTraits	Autodesk.AutoCAD.GraphicsInterface	Autodesk/AutoCAD/GraphicsInterface.py	1099	1133	NonEntityTraits	31
RenderExposure	Autodesk.AutoCAD.Windows.Data.Render.RapidRT	Autodesk/AutoCAD/Windows/Data/Render/RapidRT.py	71	82		8
RenderGlobal	Autodesk.AutoCAD.DatabaseServices	Autodesk/AutoCAD/DatabaseServices/__init__.py	16472	16521	DBObject	46
RenderImage	Autodesk.AutoCAD.Windows.Data.Render.RapidRT	Autodesk/AutoCAD/Windows/Data/Render/RapidRT.py	83	92		6
RenderModeType	Autodesk.Aec.DatabaseServices	Autodesk/Aec/DatabaseServices.py	7621	7625		0
RenderNode	Autodesk.Revit.DB	Autodesk/Revit/DB/__init__.py	19286	19292		3
RenderNodeAction	Autodesk.Revit.DB	Autodesk/Revit/DB/__init__.py	19293	19297		0
RenderPlugin	Autodesk.Navisworks.Api.Plugins	Autodesk/Navisworks/Api/Plugins.py	561	571	Plugin	7
RenderPluginRecord	Autodesk.Navisworks.Api.Plugins	Autodesk/Navisworks/Api/Plugins.py	572	593	PluginRecord	18
RenderSettings	Autodesk.AutoCAD.DatabaseServices	Autodesk/AutoCAD/DatabaseServices/__init__.py	16522	16575	DBObject	50
RenderSettingsTraits	Autodesk.AutoCAD.GraphicsInterface	Autodesk/AutoCAD/GraphicsInterface.py	1134	1166	NonEntityTraits	29
RenderType	Autodesk.AutoCAD.GraphicsSystem	Autodesk/AutoCAD/GraphicsSystem.py	308	312		0
RenderUtil	Autodesk.AutoCAD.Internal.Render.RapidRT	Autodesk/AutoCAD/Internal/Render/RapidRT.py	10	31		9
RendererType	Autodesk.AutoCAD.GraphicsSystem	Autodesk/AutoCAD/GraphicsSystem.py	313	317		0
RenderingImageExposureSettings	Autodesk.Revit.DB	Autodesk/Revit/DB/__init__.py	19298	19308		7
RenderingQuality	Autodesk.Revit.DB	Autodesk/Revit/DB/__init__.py	19309	19313		0
RenderingQualitySettings	Autodesk.Revit.DB	Autodesk/Revit/DB/__init__.py	19314	19327		10
RenderingSettings	Autodesk.Revit.DB	Autodesk/Revit/DB/__init__.py	19328	19346		15
RepeaterBounds	Autodesk.Revit.DB	Autodesk/Revit/DB/__init__.py	19347	19358		8
RepeaterCoordinates	Autodesk.Revit.DB	Autodesk/Revit/DB/__init__.py	19359	19366		4
RepeatingReferenceSource	Autodesk.Revit.DB	Autodesk/Revit/DB/__init__.py	19367	19379		7
ReplaceConverter	Autodesk.AutoCAD.Windows.Data	Autodesk/AutoCAD/Windows/Data/__init__.py	1096	1104		5
ReservedStringEnumType	Autodesk.AutoCAD.DatabaseServices	Autodesk/AutoCAD/DatabaseServices/__init__.py	16576	16580		0
ResolutionTarget	Autodesk.Revit.DB	Autodesk/Revit/DB/__init__.py	19380	19384		0
ResolveEventArgs	System	System/__init__.py	31823	31865	EventArgs	0
ResolveEventHandler	System	System/__init__.py	31866	31970	MulticastDelegate, ICloneable, ISerializable	0
ResolveInteractiveImpl	Autodesk.Navisworks.Internal.ApiImplementation	Autodesk/Navisworks/Internal/ApiImplementation/__init__.py	314	318		1
ResolvedMaterial	Autodesk.Aec.DatabaseServices	Autodesk/Aec/DatabaseServices.py	7626	7636		7
ResolvedMaterialCollection	Autodesk.Aec.DatabaseServices	Autodesk/Aec/DatabaseServices.py	7637	7643	List	3
ResourceNotFoundException	Autodesk.Revit.Exceptions	Autodesk/Revit/Exceptions.py	650	663	ApplicationException	10
ResourceVersionStatus	Autodesk.Revit.DB	Autodesk/Revit/DB/__init__.py	19385	19389		0
Result	Autodesk.Revit.UI	Autodesk/Revit/UI/__init__.py	700	704		0
ResultBuffer	Autodesk.AutoCAD.DatabaseServices	Autodesk/AutoCAD/DatabaseServices/__init__.py	16581	16595	DisposableWrapper	10
ResultBufferEnumerator	Autodesk.AutoCAD.DatabaseServices	Autodesk/AutoCAD/DatabaseServices/__init__.py	16596	16602		3
RetrieveVirtualItemEventArgs	System.Windows.Forms	System/Windows/Forms/__init__.py	187388	187434	EventArgs	0
RetrieveVirtualItemEventHandler	System.Windows.Forms	System/Windows/Forms/__init__.py	187435	187539	MulticastDelegate, ICloneable, ISerializable	0
ReturnAirflowType	Autodesk.Revit.DB.Mechanical	Autodesk/Revit/DB/Mechanical.py	1036	1040		0
ReturnStatus	Autodesk.AutoCAD.Windows.ToolPalette	Autodesk/AutoCAD/Windows/ToolPalette.py	133	137		0
Revision	Autodesk.Revit.DB	Autodesk/Revit/DB/__init__.py	19390	19439	Element	41
RevisionCloud	Autodesk.Revit.DB	Autodesk/Revit/DB/__init__.py	19440	19476	Element	32
RevisionNumberType	Autodesk.Revit.DB	Autodesk/Revit/DB/__init__.py	19477	19481		0
RevisionNumbering	Autodesk.Revit.DB	Autodesk/Revit/DB/__init__.py	19482	19486		0
RevisionNumberingSequence	Autodesk.Revit.DB	Autodesk/Revit/DB/__init__.py	19487	19532	Element	39
RevisionSettings	Autodesk.Revit.DB	Autodesk/Revit/DB/__init__.py	19533	19570	Element	32
RevisionVisibility	Autodesk.Revit.DB	Autodesk/Revit/DB/__init__.py	19571	19575		0
RevisionsOnSheetUIServiceData	Autodesk.Revit.UI	Autodesk/Revit/UI/__init__.py	705	715		7
RevitAPIEventArgs	Autodesk.Revit.DB.Events	Autodesk/Revit/DB/Events.py	396	403	EventArgs	4
RevitAPIEventStatus	Autodesk.Revit.DB.Events	Autodesk/Revit/DB/Events.py	404	408		0
RevitAPIPostDocEventArgs	Autodesk.Revit.DB.Events	Autodesk/Revit/DB/Events.py	409	416	RevitAPIPostEventArgs	4
RevitAPIPostEventArgs	Autodesk.Revit.DB.Events	Autodesk/Revit/DB/Events.py	417	423	RevitAPIEventArgs	3
RevitAPIPreDocEventArgs	Autodesk.Revit.DB.Events	Autodesk/Revit/DB/Events.py	424	430	RevitAPIPreEventArgs	3
RevitAPIPreEventArgs	Autodesk.Revit.DB.Events	Autodesk/Revit/DB/Events.py	431	437	RevitAPIEventArgs	3
RevitAPISingleEventArgs	Autodesk.Revit.DB.Events	Autodesk/Revit/DB/Events.py	438	443	RevitAPIEventArgs	2
RevitCommandId	Autodesk.Revit.UI	Autodesk/Revit/UI/__init__.py	716	729		8
RevitEventArgs	Autodesk.Revit.DB.Events	Autodesk/Revit/DB/Events.py	444	449	EventArgs	2
RevitLinkGraphicsSettings	Autodesk.Revit.DB	Autodesk/Revit/DB/__init__.py	19576	19603		23
RevitLinkInstance	Autodesk.Revit.DB	Autodesk/Revit/DB/__init__.py	19604	19639	Instance	31
RevitLinkOperations	Autodesk.Revit.DB	Autodesk/Revit/DB/__init__.py	19640	19645	LinkOperations	2
RevitLinkOptions	Autodesk.Revit.DB	Autodesk/Revit/DB/__init__.py	19646	19654		5
RevitLinkType	Autodesk.Revit.DB	Autodesk/Revit/DB/__init__.py	19655	19719	ElementType	57
RevitLinkUIUtils	Autodesk.Revit.UI	Autodesk/Revit/UI/__init__.py	730	735		1
RevitServerCollaborationNotAvailableException	Autodesk.Revit.Exceptions	Autodesk/Revit/Exceptions.py	664	677	RevitServerException	10
RevitServerCommunicationException	Autodesk.Revit.Exceptions	Autodesk/Revit/Exceptions.py	678	691	RevitServerException	10
RevitServerException	Autodesk.Revit.Exceptions	Autodesk/Revit/Exceptions.py	692	705	ApplicationException	10
RevitServerInternalException	Autodesk.Revit.Exceptions	Autodesk/Revit/Exceptions.py	706	719	RevitServerException	10
RevitServerModelAlreadyExistsException	Autodesk.Revit.Exceptions	Autodesk/Revit/Exceptions.py	720	733	RevitServerException	10
RevitServerModelNameBreaksConventionException	Autodesk.Revit.Exceptions	Autodesk/Revit/Exceptions.py	734	747	RevitServerException	10
RevitServerUnauthenticatedUserException	Autodesk.Revit.Exceptions	Autodesk/Revit/Exceptions.py	748	761	RevitServerException	10
RevitServerUnauthorizedException	Autodesk.Revit.Exceptions	Autodesk/Revit/Exceptions.py	762	775	RevitServerException	10
Revolution	Autodesk.Revit.DB	Autodesk/Revit/DB/__init__.py	19720	19758	GenericForm	35
RevolutionSurface	Autodesk.Aec.Modeler	Autodesk/Aec/Modeler.py	477	488	Surface	8
RevolveOptions	Autodesk.AutoCAD.DatabaseServices	Autodesk/AutoCAD/DatabaseServices/__init__.py	16603	16614	DisposableWrapper	8
RevolveOptionsBuilder	Autodesk.AutoCAD.DatabaseServices	Autodesk/AutoCAD/DatabaseServices/__init__.py	16615	16622		4
RevolveOptionsCheckRevolveCurveOut	Autodesk.AutoCAD.DatabaseServices	Autodesk/AutoCAD/DatabaseServices/__init__.py	16623	16629		3
RevolvedFace	Autodesk.Revit.DB	Autodesk/Revit/DB/__init__.py	19759	19780	Face	18
RevolvedSurface	Autodesk.AutoCAD.DatabaseServices	Autodesk/AutoCAD/DatabaseServices/__init__.py	16630	16720	Surface	87
RevolvedSurface	Autodesk.Revit.DB	Autodesk/Revit/DB/__init__.py	19781	19796	Surface	10
RibbonButton	Autodesk.Revit.UI	Autodesk/Revit/UI/__init__.py	736	750	RibbonItem	11
RibbonButtonOptions	Autodesk.Revit.UI	Autodesk/Revit/UI/__init__.py	751	756		2
RibbonData	Autodesk.AutoCAD.Internal.Windows	Autodesk/AutoCAD/Internal/Windows.py	135	156		9
RibbonItem	Autodesk.Revit.UI	Autodesk/Revit/UI/__init__.py	757	771		11
RibbonItemData	Autodesk.Revit.UI	Autodesk/Revit/UI/__init__.py	772	782	ItemData	7
RibbonItemEventArgs	Autodesk.Revit.UI.Events	Autodesk/Revit/UI/Events.py	162	166	EventArgs	1
RibbonItemType	Autodesk.Revit.UI	Autodesk/Revit/UI/__init__.py	783	787		0
RibbonLayoutAttribute	Autodesk.Navisworks.Api.Plugins	Autodesk/Navisworks/Api/Plugins.py	594	599	Attribute	2
RibbonLayoutRecord	Autodesk.Navisworks.Api.Plugins	Autodesk/Navisworks/Api/Plugins.py	600	604		1
RibbonMenuMacro	Autodesk.AutoCAD.Internal.Windows	Autodesk/AutoCAD/Internal/Windows.py	157	172		12
RibbonPanel	Autodesk.Revit.UI	Autodesk/Revit/UI/__init__.py	788	801		10
RibbonTabAttribute	Autodesk.Navisworks.Api.Plugins	Autodesk/Navisworks/Api/Plugins.py	605	613	Attribute	5
RibbonTabRecord	Autodesk.Navisworks.Api.Plugins	Autodesk/Navisworks/Api/Plugins.py	614	619		2
RichTextBox	System.Windows.Forms	System/Windows/Forms/__init__.py	187540	190571	TextBoxBase, IComponent, IDisposable, IOleControl, IOleObject, IOleInPlaceObject, IOleInPlaceActiveObject, IOleWindow, IViewObject, IViewObject2, IPersist, IPersistStreamInit, IPersistPropertyBag, IPersistStorage, IQuickActivate, ISupportOleDropSource, IDropTarget, ISynchronizeInvoke, IWin32Window, IArrangedElement, IBindableComponent	0
RichTextBoxFinds	System.Windows.Forms	System/Windows/Forms/__init__.py	190572	190620	Enum, IComparable, IFormattable, IConvertible	0
RichTextBoxLanguageOptions	System.Windows.Forms	System/Windows/Forms/__init__.py	190621	190671	Enum, IComparable, IFormattable, IConvertible	0
RichTextBoxScrollBars	System.Windows.Forms	System/Windows/Forms/__init__.py	190672	190722	Enum, IComparable, IFormattable, IConvertible	0
RichTextBoxSelectionAttribute	System.Windows.Forms	System/Windows/Forms/__init__.py	190723	190769	Enum, IComparable, IFormattable, IConvertible	0
RichTextBoxSelectionTypes	System.Windows.Forms	System/Windows/Forms/__init__.py	190770	190818	Enum, IComparable, IFormattable, IConvertible	0
RichTextBoxStreamType	System.Windows.Forms	System/Windows/Forms/__init__.py	190819	190867	Enum, IComparable, IFormattable, IConvertible	0
RichTextBoxWordPunctuations	System.Windows.Forms	System/Windows/Forms/__init__.py	190868	190915	Enum, IComparable, IFormattable, IConvertible	0
RightToLeft	System.Windows.Forms	System/Windows/Forms/__init__.py	190916	190962	Enum, IComparable, IFormattable, IConvertible	0
RigidSetTypeInfo	Autodesk.AutoCAD.DatabaseServices	Autodesk/AutoCAD/DatabaseServices/__init__.py	16721	16725		0
Ring	Autodesk.Aec.Geometry	Autodesk/Aec/Geometry.py	275	309	CompoundCurve2d	30
RingCollection	Autodesk.Aec.Geometry	Autodesk/Aec/Geometry.py	310	320	DisposableWrapper	7
RiseDropSymbol	Autodesk.Revit.DB.Mechanical	Autodesk/Revit/DB/Mechanical.py	1041	1045		0
RiserToTreadConnectionOption	Autodesk.Revit.DB.Architecture	Autodesk/Revit/DB/Architecture.py	768	772		0
RoadwaySideType	Autodesk.Civil	Autodesk/Civil/__init__.py	1409	1413		0
RoamerPluginFactory	Autodesk.Navisworks.Api.Interop	Autodesk/Navisworks/Api/Interop/__init__.py	7912	7916	Attribute	1
RoamerPluginFactoryAssmAttribute	Autodesk.Navisworks.Api.Interop	Autodesk/Navisworks/Api/Interop/__init__.py	7917	7921	Attribute	1
RolloverEventArgs	Autodesk.AutoCAD.EditorInput	Autodesk/AutoCAD/EditorInput.py	1244	1249	EventArgs	2
RolloverEventHandler	Autodesk.AutoCAD.EditorInput	Autodesk/AutoCAD/EditorInput.py	1250	1258		5
RoofBase	Autodesk.Revit.DB	Autodesk/Revit/DB/__init__.py	19797	19831	HostObject	31
RoofType	Autodesk.Revit.DB	Autodesk/Revit/DB/__init__.py	19832	19867	HostObjAttributes	32
Room	Autodesk.Revit.DB.Architecture	Autodesk/Revit/DB/Architecture.py	773	816	SpatialElement	40
RoomFilter	Autodesk.Revit.DB.Architecture	Autodesk/Revit/DB/Architecture.py	817	822	ElementSlowFilter	2
RoomTag	Autodesk.Revit.DB.Architecture	Autodesk/Revit/DB/Architecture.py	823	871	SpatialElementTag	45
RoomTagFilter	Autodesk.Revit.DB.Architecture	Autodesk/Revit/DB/Architecture.py	872	877	ElementSlowFilter	2
RoomTagType	Autodesk.Revit.DB.Architecture	Autodesk/Revit/DB/Architecture.py	878	916	FamilySymbol	35
RotateFlipType	System.Drawing	System/Drawing/__init__.py	11683	11742	Enum, IComparable, IFormattable, IConvertible	0
RotatedDimension	Autodesk.AutoCAD.DatabaseServices	Autodesk/AutoCAD/DatabaseServices/__init__.py	16726	16924	Dimension	195
Rotation3D	Autodesk.Navisworks.Api	Autodesk/Navisworks/Api/__init__.py	1599	1625	NativeHandle	20
RotationAngle	Autodesk.AutoCAD.DatabaseServices	Autodesk/AutoCAD/DatabaseServices/__init__.py	16925	16929		0
RotationDirType	Autodesk.Civil	Autodesk/Civil/__init__.py	1414	1418		0
RotationType	Autodesk.Aec.DatabaseServices	Autodesk/Aec/DatabaseServices.py	7644	7648		0
RoundingMethod	Autodesk.Revit.DB	Autodesk/Revit/DB/__init__.py	19868	19872		0
RoundingType	Autodesk.Civil	Autodesk/Civil/__init__.py	1419	1423		0
RouteAnalysisSettings	Autodesk.Revit.DB.Analysis	Autodesk/Revit/DB/Analysis.py	1524	1565	Element	37
RoutingCondition	Autodesk.Revit.DB	Autodesk/Revit/DB/__init__.py	19873	19879		3
RoutingConditions	Autodesk.Revit.DB	Autodesk/Revit/DB/__init__.py	19880	19891		8
RoutingCriterionBase	Autodesk.Revit.DB	Autodesk/Revit/DB/__init__.py	19892	19898		3
RoutingPreferenceErrorLevel	Autodesk.Revit.DB	Autodesk/Revit/DB/__init__.py	19899	19903		0
RoutingPreferenceManager	Autodesk.Revit.DB	Autodesk/Revit/DB/__init__.py	19904	19917		10
RoutingPreferenceRule	Autodesk.Revit.DB	Autodesk/Revit/DB/__init__.py	19918	19930		9
RoutingPreferenceRuleGroupType	Autodesk.Revit.DB	Autodesk/Revit/DB/__init__.py	19931	19935		0
Row	Autodesk.AutoCAD.DatabaseServices	Autodesk/AutoCAD/DatabaseServices/__init__.py	16930	16968	CellRange	35
RowHeightOverrideOptions	Autodesk.Revit.DB	Autodesk/Revit/DB/__init__.py	19936	19940		0
RowStyle	System.Windows.Forms	System/Windows/Forms/__init__.py	190963	191000	TableLayoutStyle	0
RowType	Autodesk.AutoCAD.DatabaseServices	Autodesk/AutoCAD/DatabaseServices/__init__.py	16969	16973		0
RowsCollection	Autodesk.AutoCAD.DatabaseServices	Autodesk/AutoCAD/DatabaseServices/__init__.py	16974	16980		3
Rule	Autodesk.Navisworks.Api	Autodesk/Navisworks/Api/__init__.py	1626	1643	NativeHandle	11
RuleCollection	Autodesk.Navisworks.Api	Autodesk/Navisworks/Api/__init__.py	1644	1670	NativeHandle	20
RuledFace	Autodesk.Revit.DB	Autodesk/Revit/DB/__init__.py	19941	19962	Face	18
RuledSurface	Autodesk.Revit.DB	Autodesk/Revit/DB/__init__.py	19963	19976	Surface	9
RunoffMethod	Autodesk.Civil.DatabaseServices	Autodesk/Civil/DatabaseServices/__init__.py	17167	17171		0
RuntimeArgumentHandle	System	System/__init__.py	31971	31973	object	0
RuntimeFieldHandle	System	System/__init__.py	31974	32065	object, ISerializable	0
RuntimeLoaderException	Autodesk.Navisworks.Api	Autodesk/Navisworks/Api/__init__.py	1671	1682	InvalidOperationException	8
RuntimeMethodHandle	System	System/__init__.py	32066	32173	object, ISerializable	0
RuntimeState	Autodesk.Civil.Runtime	Autodesk/Civil/Runtime.py	584	589	CivilWrapper<AeccDbRuntimeState>	2
RuntimeSystem	Autodesk.AutoCAD.Runtime	Autodesk/AutoCAD/Runtime.py	568	577		3
RuntimeTypeHandle	System	System/__init__.py	32174	32291	object, ISerializable	0
SATExportOptions	Autodesk.Revit.DB	Autodesk/Revit/DB/__init__.py	19977	19982		2
SATImportOptions	Autodesk.Revit.DB	Autodesk/Revit/DB/__init__.py	19983	19996	BaseImportOptions	10
SByte	System	System/__init__.py	32292	32794	object, IComparable, IFormattable, IConvertible, IComparable[SByte], IEquatable[SByte]	0
SCSCSConstraints	Autodesk.Civil.DatabaseServices	Autodesk/Civil/DatabaseServices/__init__.py	17172	17195	CivilWrapper<AeccGeSCSCSConstraints>	10
SCSSCSConstraints	Autodesk.Civil.DatabaseServices	Autodesk/Civil/DatabaseServices/__init__.py	17196	17215	CivilWrapper<AeccGeSCSSCSConstraints>	8
SECurve	Autodesk.Civil.DatabaseServices	Autodesk/Civil/DatabaseServices/__init__.py	17216	17225		6
SKPImportOptions	Autodesk.Revit.DB	Autodesk/Revit/DB/__init__.py	19997	20010	BaseImportOptions	10
SMManager	Autodesk.AutoCAD.Internal	Autodesk/AutoCAD/Internal/__init__.py	2262	2297		16
SQLiteType	Autodesk.Navisworks.Internal.ApiImplementation.Data	Autodesk/Navisworks/Internal/ApiImplementation/Data.py	14	18		0
SQLiteTypeNames	Autodesk.Navisworks.Internal.ApiImplementation.Data	Autodesk/Navisworks/Internal/ApiImplementation/Data.py	19	23		0
SSEPointVisibilitySettings	Autodesk.Revit.DB	Autodesk/Revit/DB/__init__.py	20011	20045	Element	29
STAThreadAttribute	System	System/__init__.py	33422	33434	Attribute, _Attribute	0
STEPApplicationProtocol	Autodesk.Revit.DB	Autodesk/Revit/DB/__init__.py	20046	20050		0
STEPExportOptions	Autodesk.Revit.DB	Autodesk/Revit/DB/__init__.py	20051	20058	BIMExportOptions	4
STEPImportOptions	Autodesk.Revit.DB	Autodesk/Revit/DB/__init__.py	20059	20072	BaseImportOptions	10
STLExportOptions	Autodesk.Revit.DB	Autodesk/Revit/DB/__init__.py	20073	20098	BIMExportOptions	18
STLImportOptions	Autodesk.Revit.DB	Autodesk/Revit/DB/__init__.py	20099	20112	BaseImportOptions	10
SampleLine	Autodesk.Civil.DatabaseServices	Autodesk/Civil/DatabaseServices/__init__.py	17226	17351	GeoEntity	121
SampleLineDisplayStyleType	Autodesk.Civil.DatabaseServices.Styles	Autodesk/Civil/DatabaseServices/Styles.py	4723	4727		0
SampleLineGroup	Autodesk.Civil.DatabaseServices	Autodesk/Civil/DatabaseServices/__init__.py	17352	17486	GeoEntity	129
SampleLineLabelGroup	Autodesk.Civil.DatabaseServices	Autodesk/Civil/DatabaseServices/__init__.py	17487	17627	AutoFeatureLabelGroup	135
SampleLineStyle	Autodesk.Civil.DatabaseServices.Styles	Autodesk/Civil/DatabaseServices/Styles.py	4728	4782	StyleBase	51
SampleLineStyleCollection	Autodesk.Civil.DatabaseServices.Styles	Autodesk/Civil/DatabaseServices/Styles.py	4783	4793	StyleCollectionBase	7
SampleLineVertex	Autodesk.Civil.DatabaseServices	Autodesk/Civil/DatabaseServices/__init__.py	17628	17634	CivilWrapper<AeccDbSampleLine>	3
SampleLineVertexCollection	Autodesk.Civil.DatabaseServices	Autodesk/Civil/DatabaseServices/__init__.py	17635	17642	CivilWrapper<AeccDbSampleLine>	4
SampleLineVertexSideType	Autodesk.Civil.DatabaseServices	Autodesk/Civil/DatabaseServices/__init__.py	17643	17647		0
SampledSectionLink	Autodesk.Civil.DatabaseServices	Autodesk/Civil/DatabaseServices/__init__.py	17648	17657	CivilWrapper<Autodesk::Civil::DatabaseServices::SampleSectionLinkData>	6
SampledSectionLinkCollection	Autodesk.Civil.DatabaseServices	Autodesk/Civil/DatabaseServices/__init__.py	17658	17664	CivilWrapper<std::vector<Autodesk::Civil::DatabaseServices::SampleSectionLinkData \*\,std::allocator<Autodesk::Civil::DatabaseServices::SampleSectionLinkData \*> > >	3
SamplerStatus	Autodesk.AutoCAD.EditorInput	Autodesk/AutoCAD/EditorInput.py	1259	1263		0
SaveAsOptions	Autodesk.Revit.DB	Autodesk/Revit/DB/__init__.py	20113	20124		8
SaveAttributeSource	Autodesk.Navisworks.Api.Interop	Autodesk/Navisworks/Api/Interop/__init__.py	7922	7926		0
SaveCommonEventStateWatcher	Autodesk.Navisworks.Internal.ApiImplementation	Autodesk/Navisworks/Internal/ApiImplementation/__init__.py	319	329	LcOpSwigStateWatcher	5
SaveFileDialog	Autodesk.AutoCAD.Windows	Autodesk/AutoCAD/Windows/__init__.py	486	492		3
SaveFileDialog	System.Windows.Forms	System/Windows/Forms/__init__.py	191001	191282	FileDialog, IComponent, IDisposable	0
SaveModifiedLinksOptions	Autodesk.Revit.DB	Autodesk/Revit/DB/__init__.py	20125	20129		0
SaveModifiedLinksOptionsForUnloadLocally	Autodesk.Revit.DB	Autodesk/Revit/DB/__init__.py	20130	20134		0
SaveOptions	Autodesk.Revit.DB	Autodesk/Revit/DB/__init__.py	20135	20142		4
SaveType	Autodesk.AutoCAD.DatabaseServices	Autodesk/AutoCAD/DatabaseServices/__init__.py	16981	16985		0
SavedItem	Autodesk.Navisworks.Api	Autodesk/Navisworks/Api/__init__.py	1683	1703	NativeHandle	15
SavedItemChangedAction	Autodesk.Navisworks.Api	Autodesk/Navisworks/Api/__init__.py	1704	1708		0
SavedItemChangedEventArgs	Autodesk.Navisworks.Api	Autodesk/Navisworks/Api/__init__.py	1709	1720	EventArgs	8
SavedItemCollection	Autodesk.Navisworks.Api	Autodesk/Navisworks/Api/__init__.py	1721	1744		20
SavedItemCollectionImpl	Autodesk.Navisworks.Internal.ApiImplementation	Autodesk/Navisworks/Internal/ApiImplementation/__init__.py	330	337		2
SavedItemEventStateWatcher	Autodesk.Navisworks.Internal.ApiImplementation	Autodesk/Navisworks/Internal/ApiImplementation/__init__.py	338	351	LcOpSwigStateWatcher	8
SavedItemParts	Autodesk.Navisworks.Api	Autodesk/Navisworks/Api/__init__.py	1745	1749		0
SavedItemReference	Autodesk.Navisworks.Api	Autodesk/Navisworks/Api/__init__.py	1750	1766	NativeHandle	11
SavedItemsElementImpl	Autodesk.Navisworks.Internal.ApiImplementation	Autodesk/Navisworks/Internal/ApiImplementation/__init__.py	352	371		8
SavedViewpoint	Autodesk.Navisworks.Api	Autodesk/Navisworks/Api/__init__.py	1767	1786	SavedItem	14
SavedViewpointAnimation	Autodesk.Navisworks.Api	Autodesk/Navisworks/Api/__init__.py	1787	1804	GroupItem	12
SavedViewpointAnimationCut	Autodesk.Navisworks.Api	Autodesk/Navisworks/Api/__init__.py	1805	1820	SavedItem	10
SavedViewpointAnimationSmoothing	Autodesk.Navisworks.Api	Autodesk/Navisworks/Api/__init__.py	1821	1825		0
Scale2d	Autodesk.AutoCAD.Geometry	Autodesk/AutoCAD/Geometry.py	1816	1837		16
Scale3d	Autodesk.AutoCAD.Geometry	Autodesk/AutoCAD/Geometry.py	1838	1860		17
ScaleBehavior	Autodesk.AutoCAD.GraphicsInterface	Autodesk/AutoCAD/GraphicsInterface.py	1167	1171		0
ScaleEstimationMethod	Autodesk.AutoCAD.DatabaseServices	Autodesk/AutoCAD/DatabaseServices/__init__.py	16986	16990		0
ScaleListHelpers	Autodesk.AutoCAD.Internal	Autodesk/AutoCAD/Internal/__init__.py	2298	2319		9
ScaleType	Autodesk.Civil.DatabaseServices.Styles	Autodesk/Civil/DatabaseServices/Styles.py	4794	4798		0
ScalingMethodType	Autodesk.Civil.DatabaseServices.Styles	Autodesk/Civil/DatabaseServices/Styles.py	4799	4803		0
SceneItemIdType	Autodesk.Navisworks.Api.Interop	Autodesk/Navisworks/Api/Interop/__init__.py	7927	7931		0
SceneLoadedEventArgs	Autodesk.Navisworks.Api.Interop	Autodesk/Navisworks/Api/Interop/__init__.py	7932	7936	EventArgs	1
SchedulableField	Autodesk.Revit.DB	Autodesk/Revit/DB/__init__.py	20143	20154		8
ScheduleDefinition	Autodesk.Revit.DB	Autodesk/Revit/DB/__init__.py	20155	20226		68
ScheduleField	Autodesk.Revit.DB	Autodesk/Revit/DB/__init__.py	20227	20272		42
ScheduleFieldDisplayType	Autodesk.Revit.DB	Autodesk/Revit/DB/__init__.py	20273	20277		0
ScheduleFieldId	Autodesk.Revit.DB	Autodesk/Revit/DB/__init__.py	20278	20286		5
ScheduleFieldMultipleValuesDisplayType	Autodesk.Revit.DB	Autodesk/Revit/DB/__init__.py	20287	20291		0
ScheduleFieldType	Autodesk.Revit.DB	Autodesk/Revit/DB/__init__.py	20292	20296		0
ScheduleFilter	Autodesk.Revit.DB	Autodesk/Revit/DB/__init__.py	20297	20315		15
ScheduleFilterType	Autodesk.Revit.DB	Autodesk/Revit/DB/__init__.py	20316	20320		0
ScheduleHeadingOrientation	Autodesk.Revit.DB	Autodesk/Revit/DB/__init__.py	20321	20325		0
ScheduleHeightsOnSheet	Autodesk.Revit.DB	Autodesk/Revit/DB/__init__.py	20326	20334		5
ScheduleHorizontalAlignment	Autodesk.Revit.DB	Autodesk/Revit/DB/__init__.py	20335	20339		0
ScheduleSheetInstance	Autodesk.Revit.DB	Autodesk/Revit/DB/__init__.py	20340	20377	Element	33
ScheduleSortGroupField	Autodesk.Revit.DB	Autodesk/Revit/DB/__init__.py	20378	20390		9
ScheduleSortOrder	Autodesk.Revit.DB	Autodesk/Revit/DB/__init__.py	20391	20395		0
ScheduleVerticalAlignment	Autodesk.Revit.DB	Autodesk/Revit/DB/__init__.py	20396	20400		0
Schema	Autodesk.Revit.DB.ExtensibleStorage	Autodesk/Revit/DB/ExtensibleStorage.py	98	118		15
SchemaBuilder	Autodesk.Navisworks.Api.Schema	Autodesk/Navisworks/Api/Schema.py	183	195	NativeHandle	7
SchemaBuilder	Autodesk.Revit.DB.ExtensibleStorage	Autodesk/Revit/DB/ExtensibleStorage.py	119	140		16
SchemaCommon	Autodesk.Revit.DB.Visual	Autodesk/Revit/DB/Visual.py	832	843		8
SchemaData	Autodesk.Navisworks.Api.Schema	Autodesk/Navisworks/Api/Schema.py	196	212	NativeHandle	10
SchemaDefinition	Autodesk.Navisworks.Api.Schema	Autodesk/Navisworks/Api/Schema.py	213	229	NativeHandle	10
SchemaDefinitionCollection	Autodesk.Navisworks.Api.Schema	Autodesk/Navisworks/Api/Schema.py	230	245	NativeHandle	10
SchemaException	Autodesk.Revit.Exceptions	Autodesk/Revit/Exceptions.py	776	789	InvalidOperationException	10
SchematicLineOption	Autodesk.Civil.DatabaseServices.Styles	Autodesk/Civil/DatabaseServices/Styles.py	4804	4808		0
Screen	System.Windows.Forms	System/Windows/Forms/__init__.py	191283	191617	object	0
ScreenOrientation	System.Windows.Forms	System/Windows/Forms/__init__.py	191618	191665	Enum, IComparable, IFormattable, IConvertible	0
ScrollBar	System.Windows.Forms	System/Windows/Forms/__init__.py	129938	132244	Control, IComponent, IDisposable, IOleControl, IOleObject, IOleInPlaceObject, IOleInPlaceActiveObject, IOleWindow, IViewObject, IViewObject2, IPersist, IPersistStreamInit, IPersistPropertyBag, IPersistStorage, IQuickActivate, ISupportOleDropSource, IDropTarget, ISynchronizeInvoke, IWin32Window, IArrangedElement, IBindableComponent	0
ScrollBarArrowButtonState	System.Windows.Forms.VisualStyles	System/Windows/Forms/VisualStyles.py	1494	1553	Enum, IComparable, IFormattable, IConvertible	0
ScrollBarRenderer	System.Windows.Forms	System/Windows/Forms/__init__.py	191666	191906	object	0
ScrollBarSizeBoxState	System.Windows.Forms.VisualStyles	System/Windows/Forms/VisualStyles.py	1554	1599	Enum, IComparable, IFormattable, IConvertible	0
ScrollBarState	System.Windows.Forms.VisualStyles	System/Windows/Forms/VisualStyles.py	1600	1647	Enum, IComparable, IFormattable, IConvertible	0
ScrollBars	System.Windows.Forms	System/Windows/Forms/__init__.py	191907	191954	Enum, IComparable, IFormattable, IConvertible	0
ScrollButton	System.Windows.Forms	System/Windows/Forms/__init__.py	191955	192004	Enum, IComparable, IFormattable, IConvertible	0
ScrollEventArgs	System.Windows.Forms	System/Windows/Forms/__init__.py	192005	192079	EventArgs	0
ScrollEventHandler	System.Windows.Forms	System/Windows/Forms/__init__.py	192080	192184	MulticastDelegate, ICloneable, ISerializable	0
ScrollEventType	System.Windows.Forms	System/Windows/Forms/__init__.py	192185	192237	Enum, IComparable, IFormattable, IConvertible	0
ScrollOrientation	System.Windows.Forms	System/Windows/Forms/__init__.py	192238	192283	Enum, IComparable, IFormattable, IConvertible	0
ScrollProperties	System.Windows.Forms	System/Windows/Forms/__init__.py	134359	134465	object	0
ScrollableControl	System.Windows.Forms	System/Windows/Forms/__init__.py	10237	12529	Control, IComponent, IDisposable, IOleControl, IOleObject, IOleInPlaceObject, IOleInPlaceActiveObject, IOleWindow, IViewObject, IViewObject2, IPersist, IPersistStreamInit, IPersistPropertyBag, IPersistStorage, IQuickActivate, ISupportOleDropSource, IDropTarget, ISynchronizeInvoke, IWin32Window, IArrangedElement, IBindableComponent	0
ScrollbarVisibility	Autodesk.Revit.UI	Autodesk/Revit/UI/__init__.py	802	806		0
Search	Autodesk.Navisworks.Api	Autodesk/Navisworks/Api/__init__.py	1826	1849	NativeHandle	17
SearchBox	Autodesk.AutoCAD.Internal	Autodesk/AutoCAD/Internal/__init__.py	2320	2431	TextBox	108
SearchCondition	Autodesk.Navisworks.Api	Autodesk/Navisworks/Api/__init__.py	1850	1889	NativeHandle	28
SearchConditionCollection	Autodesk.Navisworks.Api	Autodesk/Navisworks/Api/__init__.py	1890	1913	NativeHandle	18
SearchConditionComparison	Autodesk.Navisworks.Api	Autodesk/Navisworks/Api/__init__.py	1914	1918		0
SearchConditionOptions	Autodesk.Navisworks.Api	Autodesk/Navisworks/Api/__init__.py	1919	1923		0
SearchDirectionHint	System.Windows.Forms	System/Windows/Forms/__init__.py	192284	192331	Enum, IComparable, IFormattable, IConvertible	0
SearchForVirtualItemEventArgs	System.Windows.Forms	System/Windows/Forms/__init__.py	192332	192436	EventArgs	0
SearchForVirtualItemEventHandler	System.Windows.Forms	System/Windows/Forms/__init__.py	192437	192541	MulticastDelegate, ICloneable, ISerializable	0
SearchLocations	Autodesk.Navisworks.Api	Autodesk/Navisworks/Api/__init__.py	1924	1928		0
SecUtil	Autodesk.AutoCAD.Internal	Autodesk/AutoCAD/Internal/__init__.py	2432	2449		7
Section	Autodesk.AutoCAD.DatabaseServices	Autodesk/AutoCAD/DatabaseServices/__init__.py	16991	17094	Entity	100
Section	Autodesk.Civil.DatabaseServices	Autodesk/Civil/DatabaseServices/__init__.py	17665	17794	GeoEntity	126
Section2d	Autodesk.Aec.DatabaseServices	Autodesk/Aec/DatabaseServices.py	7649	7783	Geo	131
Section2dHatchRegion	Autodesk.Aec.DatabaseServices	Autodesk/Aec/DatabaseServices.py	7784	7802	ImpObject	15
Section2dHatchRegionCollection	Autodesk.Aec.DatabaseServices	Autodesk/Aec/DatabaseServices.py	7803	7817		11
Section2dSegmentGroup	Autodesk.Aec.DatabaseServices	Autodesk/Aec/DatabaseServices.py	7818	7832	ImpObject	11
Section2dSegmentGroupCollection	Autodesk.Aec.DatabaseServices	Autodesk/Aec/DatabaseServices.py	7833	7847		11
Section2dStyle	Autodesk.Aec.DatabaseServices	Autodesk/Aec/DatabaseServices.py	7848	7909	DictionaryRecord	58
Section2dStyleParameter	Autodesk.Aec.DatabaseServices	Autodesk/Aec/DatabaseServices.py	7910	7914		0
SectionBandLabelGroup	Autodesk.Civil.DatabaseServices	Autodesk/Civil/DatabaseServices/__init__.py	17795	17933	AutoFeatureLabelGroup	134
SectionCorridorPointLabelGroup	Autodesk.Civil.DatabaseServices	Autodesk/Civil/DatabaseServices/__init__.py	17934	18077	SectionLabelGroup	138
SectionDataBandLabelGroup	Autodesk.Civil.DatabaseServices	Autodesk/Civil/DatabaseServices/__init__.py	18078	18216	SectionBandLabelGroup	134
SectionDataBandStyle	Autodesk.Civil.DatabaseServices.Styles	Autodesk/Civil/DatabaseServices/Styles.py	4809	4884	BandStyle	72
SectionDataDisplayStyleType	Autodesk.Civil.DatabaseServices.Styles	Autodesk/Civil/DatabaseServices/Styles.py	4885	4889		0
SectionDisplayOption	Autodesk.Civil.DatabaseServices	Autodesk/Civil/DatabaseServices/__init__.py	18217	18230	GraphDisplayOption	10
SectionDisplayOptionCollection	Autodesk.Civil.DatabaseServices	Autodesk/Civil/DatabaseServices/__init__.py	18231	18240	GraphDisplayOptionCollection	6
SectionDisplayStyleSectionType	Autodesk.Civil.DatabaseServices.Styles	Autodesk/Civil/DatabaseServices/Styles.py	4890	4894		0
SectionGeneration	Autodesk.AutoCAD.DatabaseServices	Autodesk/AutoCAD/DatabaseServices/__init__.py	17095	17099		0
SectionGeometry	Autodesk.AutoCAD.DatabaseServices	Autodesk/AutoCAD/DatabaseServices/__init__.py	17100	17104		0
SectionGradeBreakLabelGroup	Autodesk.Civil.DatabaseServices	Autodesk/Civil/DatabaseServices/__init__.py	18241	18384	SectionLabelGroup	138
SectionHeight	Autodesk.AutoCAD.DatabaseServices	Autodesk/AutoCAD/DatabaseServices/__init__.py	17105	17109		0
SectionHitTestInfo	Autodesk.AutoCAD.DatabaseServices	Autodesk/AutoCAD/DatabaseServices/__init__.py	17110	17116		3
SectionLabelGroup	Autodesk.Civil.DatabaseServices	Autodesk/Civil/DatabaseServices/__init__.py	18385	18523	AutoFeatureLabelGroup	134
SectionLabelSetItem	Autodesk.Civil.DatabaseServices.Styles	Autodesk/Civil/DatabaseServices/Styles.py	4895	4908	BaseLabelSetItem	10
SectionLabelSetStyle	Autodesk.Civil.DatabaseServices.Styles	Autodesk/Civil/DatabaseServices/Styles.py	4909	4965	BaseLabelSetStyle	53
SectionLabelSetStyleCollection	Autodesk.Civil.DatabaseServices.Styles	Autodesk/Civil/DatabaseServices/Styles.py	4966	4976	StyleCollectionBase	7
SectionManager	Autodesk.AutoCAD.DatabaseServices	Autodesk/AutoCAD/DatabaseServices/__init__.py	17117	17165	DBObject	45
SectionMinorOffsetLabelGroup	Autodesk.Civil.DatabaseServices	Autodesk/Civil/DatabaseServices/__init__.py	18524	18668	SectionOffsetLabelGroup	139
SectionOffsetLabelGroup	Autodesk.Civil.DatabaseServices	Autodesk/Civil/DatabaseServices/__init__.py	18669	18812	SectionLabelGroup	138
SectionOverride	Autodesk.Civil.DatabaseServices	Autodesk/Civil/DatabaseServices/__init__.py	18813	18824	GraphOverride	8
SectionOverrideCollection	Autodesk.Civil.DatabaseServices	Autodesk/Civil/DatabaseServices/__init__.py	18825	18832	GraphOverrideCollection	4
SectionPipeNetwork	Autodesk.Civil.DatabaseServices	Autodesk/Civil/DatabaseServices/__init__.py	18833	18962	Section	126
SectionPoint	Autodesk.Civil.DatabaseServices	Autodesk/Civil/DatabaseServices/__init__.py	18963	18968	CivilWrapper<AeccDbSection>	2
SectionPointCollection	Autodesk.Civil.DatabaseServices	Autodesk/Civil/DatabaseServices/__init__.py	18969	18976	CivilWrapper<AeccDbSection>	4
SectionProjection	Autodesk.Civil.DatabaseServices	Autodesk/Civil/DatabaseServices/__init__.py	18977	19106	Section	126
SectionProjectionLabel	Autodesk.Civil.DatabaseServices	Autodesk/Civil/DatabaseServices/__init__.py	19107	19259	FeatureLabel	147
SectionSegment	Autodesk.Aec.DatabaseServices	Autodesk/Aec/DatabaseServices.py	7915	7930	ImpObject	12
SectionSegmentBandLabelGroup	Autodesk.Civil.DatabaseServices	Autodesk/Civil/DatabaseServices/__init__.py	19260	19398	SectionBandLabelGroup	134
SectionSegmentBandStyle	Autodesk.Civil.DatabaseServices.Styles	Autodesk/Civil/DatabaseServices/Styles.py	4977	5043	BandStyle	63
SectionSegmentCollection	Autodesk.Aec.DatabaseServices	Autodesk/Aec/DatabaseServices.py	7931	7945		11
SectionSegmentDisplayStyleType	Autodesk.Civil.DatabaseServices.Styles	Autodesk/Civil/DatabaseServices/Styles.py	5044	5048		0
SectionSegmentLabelGroup	Autodesk.Civil.DatabaseServices	Autodesk/Civil/DatabaseServices/__init__.py	19399	19539	SectionLabelGroup	135
SectionSettings	Autodesk.AutoCAD.DatabaseServices	Autodesk/AutoCAD/DatabaseServices/__init__.py	17166	17253	DBObject	84
SectionSource	Autodesk.Civil.DatabaseServices	Autodesk/Civil/DatabaseServices/__init__.py	19540	19550		7
SectionSourceCollection	Autodesk.Civil.DatabaseServices	Autodesk/Civil/DatabaseServices/__init__.py	19551	19558		4
SectionSourceType	Autodesk.Civil.DatabaseServices	Autodesk/Civil/DatabaseServices/__init__.py	19559	19563		0
SectionState	Autodesk.AutoCAD.DatabaseServices	Autodesk/AutoCAD/DatabaseServices/__init__.py	17254	17258		0
SectionStyle	Autodesk.Civil.DatabaseServices.Styles	Autodesk/Civil/DatabaseServices/Styles.py	5049	5102	StyleBase	50
SectionStyleCollection	Autodesk.Civil.DatabaseServices.Styles	Autodesk/Civil/DatabaseServices/Styles.py	5103	5113	StyleCollectionBase	7
SectionSubItem	Autodesk.AutoCAD.DatabaseServices	Autodesk/AutoCAD/DatabaseServices/__init__.py	17259	17263		0
SectionSymbol	Autodesk.AutoCAD.DatabaseServices	Autodesk/AutoCAD/DatabaseServices/__init__.py	17264	17357	Entity	90
SectionType	Autodesk.AutoCAD.DatabaseServices	Autodesk/AutoCAD/DatabaseServices/__init__.py	17358	17362		0
SectionType	Autodesk.Revit.DB	Autodesk/Revit/DB/__init__.py	20401	20405		0
SectionUpdateType	Autodesk.Civil.DatabaseServices	Autodesk/Civil/DatabaseServices/__init__.py	19564	19568		0
SectionVertex	Autodesk.Aec.DatabaseServices	Autodesk/Aec/DatabaseServices.py	7946	7955	ImpObject	6
SectionVertexCollection	Autodesk.Aec.DatabaseServices	Autodesk/Aec/DatabaseServices.py	7956	7970		11
SectionView	Autodesk.Civil.DatabaseServices	Autodesk/Civil/DatabaseServices/__init__.py	19569	19713	Graph	140
SectionViewAnchorType	Autodesk.Civil.Settings	Autodesk/Civil/Settings.py	133	137		0
SectionViewArrowDirection	Autodesk.AutoCAD.DatabaseServices	Autodesk/AutoCAD/DatabaseServices/__init__.py	17363	17367		0
SectionViewBandItem	Autodesk.Civil.DatabaseServices	Autodesk/Civil/DatabaseServices/__init__.py	19714	19732	SectionViewBandSetItem	15
SectionViewBandItemCollection	Autodesk.Civil.DatabaseServices	Autodesk/Civil/DatabaseServices/__init__.py	19733	19741	BandSetItemCollection	5
SectionViewBandSet	Autodesk.Civil.DatabaseServices	Autodesk/Civil/DatabaseServices/__init__.py	19742	19751	GraphBandSet	6
SectionViewBandSetItem	Autodesk.Civil.DatabaseServices.Styles	Autodesk/Civil/DatabaseServices/Styles.py	5114	5129	BandSetItem	12
SectionViewBandSetItemCollection	Autodesk.Civil.DatabaseServices.Styles	Autodesk/Civil/DatabaseServices/Styles.py	5130	5139	BandSetItemCollection	6
SectionViewBandSetStyle	Autodesk.Civil.DatabaseServices.Styles	Autodesk/Civil/DatabaseServices/Styles.py	5140	5197	BandSetStyle	54
SectionViewBandSetStyleCollection	Autodesk.Civil.DatabaseServices.Styles	Autodesk/Civil/DatabaseServices/Styles.py	5198	5208	StyleCollectionBase	7
SectionViewDepthLabel	Autodesk.Civil.DatabaseServices	Autodesk/Civil/DatabaseServices/__init__.py	19752	19905	FeatureLabel	148
SectionViewDisplayStyleType	Autodesk.Civil.DatabaseServices.Styles	Autodesk/Civil/DatabaseServices/Styles.py	5209	5213		0
SectionViewElevationRangeType	Autodesk.Civil	Autodesk/Civil/__init__.py	1424	1428		0
SectionViewGroup	Autodesk.Civil.DatabaseServices	Autodesk/Civil/DatabaseServices/__init__.py	19906	19918		9
SectionViewGroupCollection	Autodesk.Civil.DatabaseServices	Autodesk/Civil/DatabaseServices/__init__.py	19919	19929		7
SectionViewGroupCreationPlacementOptions	Autodesk.Civil.DatabaseServices	Autodesk/Civil/DatabaseServices/__init__.py	19930	19939		6
SectionViewGroupCreationRangeOptions	Autodesk.Civil.DatabaseServices	Autodesk/Civil/DatabaseServices/__init__.py	19940	19952		9
SectionViewIdentifierPosition	Autodesk.AutoCAD.DatabaseServices	Autodesk/AutoCAD/DatabaseServices/__init__.py	17368	17372		0
SectionViewOffsetElevationLabel	Autodesk.Civil.DatabaseServices	Autodesk/Civil/DatabaseServices/__init__.py	19953	20108	FeatureLabel	150
SectionViewPlotRuleType	Autodesk.Civil.DatabaseServices.Styles	Autodesk/Civil/DatabaseServices/Styles.py	5214	5218		0
SectionViewProfileGradePoint	Autodesk.Civil.DatabaseServices	Autodesk/Civil/DatabaseServices/__init__.py	20109	20116		4
SectionViewProfileGradePointCollection	Autodesk.Civil.DatabaseServices	Autodesk/Civil/DatabaseServices/__init__.py	20117	20127		7
SectionViewQuantityTakeoffTable	Autodesk.Civil.DatabaseServices	Autodesk/Civil/DatabaseServices/__init__.py	20128	20247	Table	116
SectionViewStyle	Autodesk.AutoCAD.DatabaseServices	Autodesk/AutoCAD/DatabaseServices/__init__.py	17373	17467	DBObject	91
SectionViewStyle	Autodesk.Civil.DatabaseServices.Styles	Autodesk/Civil/DatabaseServices/Styles.py	5219	5279	StyleBase	57
SectionViewStyleCollection	Autodesk.Civil.DatabaseServices.Styles	Autodesk/Civil/DatabaseServices/Styles.py	5280	5290	StyleCollectionBase	7
SectionViewVolumeTableAnchorType	Autodesk.Civil.DatabaseServices	Autodesk/Civil/DatabaseServices/__init__.py	20248	20252		0
SectionViewVolumeTableGroup	Autodesk.Civil.DatabaseServices	Autodesk/Civil/DatabaseServices/__init__.py	20253	20265		9
SectionViewVolumeTableLayoutType	Autodesk.Civil.DatabaseServices	Autodesk/Civil/DatabaseServices/__init__.py	20266	20270		0
SectionalDataBandLabelGroup	Autodesk.Civil.DatabaseServices	Autodesk/Civil/DatabaseServices/__init__.py	20271	20411	ProfileBandLabelGroup	135
SectionalDataBandStyle	Autodesk.Civil.DatabaseServices.Styles	Autodesk/Civil/DatabaseServices/Styles.py	5291	5359	BandStyle	65
SectionalDataDisplayStyleType	Autodesk.Civil.DatabaseServices.Styles	Autodesk/Civil/DatabaseServices/Styles.py	5360	5364		0
SecuredApplicationAttribute	Autodesk.AutoCAD.Runtime	Autodesk/AutoCAD/Runtime.py	578	586	Attribute	5
SecurityActions	Autodesk.AutoCAD.DatabaseServices	Autodesk/AutoCAD/DatabaseServices/__init__.py	17468	17472		0
SecurityAlgorithm	Autodesk.AutoCAD.DatabaseServices	Autodesk/AutoCAD/DatabaseServices/__init__.py	17473	17477		0
SecurityIDType	System.Windows.Forms	System/Windows/Forms/__init__.py	192542	192594	Enum, IComparable, IFormattable, IConvertible	0
SecurityParameters	Autodesk.AutoCAD.DatabaseServices	Autodesk/AutoCAD/DatabaseServices/__init__.py	17478	17495		14
Segment	Autodesk.Revit.DB	Autodesk/Revit/DB/__init__.py	20406	20443	Element	34
Segment2d	Autodesk.Aec.Geometry	Autodesk/Aec/Geometry.py	321	377	ImpObject	51
Segment2dCollection	Autodesk.Aec.Geometry	Autodesk/Aec/Geometry.py	378	388	DisposableWrapper	7
SegmentColumnStyle	Autodesk.Civil.DatabaseServices.Styles	Autodesk/Civil/DatabaseServices/Styles.py	5365	5379	ColumnStyle	11
SegmentOverrideType	Autodesk.Revit.DB.Analysis	Autodesk/Revit/DB/Analysis.py	1566	1570		0
SegmentPosition	Autodesk.Aec.Geometry	Autodesk/Aec/Geometry.py	389	393		0
SegmentType	Autodesk.AutoCAD.DatabaseServices	Autodesk/AutoCAD/DatabaseServices/__init__.py	17496	17500		0
SelectEventHandler	Autodesk.AutoCAD.Internal.PreviousInput	Autodesk/AutoCAD/Internal/PreviousInput.py	109	117		5
SelectOperationEventArgs	Autodesk.AutoCAD.Internal.PreviousInput	Autodesk/AutoCAD/Internal/PreviousInput.py	118	129	EventArgs	8
SelectOperationEventHandler	Autodesk.AutoCAD.Internal.PreviousInput	Autodesk/AutoCAD/Internal/PreviousInput.py	130	138		5
SelectType	Autodesk.AutoCAD.DatabaseServices	Autodesk/AutoCAD/DatabaseServices/__init__.py	17501	17505		0
SelectableInViewFilter	Autodesk.Revit.UI.Selection	Autodesk/Revit/UI/Selection.py	30	35	ElementSlowFilter	2
SelectedGridItemChangedEventArgs	System.Windows.Forms	System/Windows/Forms/__init__.py	192595	192631	EventArgs	0
SelectedGridItemChangedEventHandler	System.Windows.Forms	System/Windows/Forms/__init__.py	192632	192736	MulticastDelegate, ICloneable, ISerializable	0
SelectedObject	Autodesk.AutoCAD.EditorInput	Autodesk/AutoCAD/EditorInput.py	1264	1274		7
SelectedSubObject	Autodesk.AutoCAD.EditorInput	Autodesk/AutoCAD/EditorInput.py	1275	1284		6
Selection	Autodesk.AutoCAD.Windows.Data	Autodesk/AutoCAD/Windows/Data/__init__.py	1105	1127	DbObjectCollection	19
Selection	Autodesk.Navisworks.Api	Autodesk/Navisworks/Api/__init__.py	1929	1949	NativeHandle	14
Selection	Autodesk.Revit.UI.Selection	Autodesk/Revit/UI/Selection.py	36	50		11
SelectionAddedEventArgs	Autodesk.AutoCAD.EditorInput	Autodesk/AutoCAD/EditorInput.py	1285	1297	EventArgs	9
SelectionAddedEventHandler	Autodesk.AutoCAD.EditorInput	Autodesk/AutoCAD/EditorInput.py	1298	1306		5
SelectionBehavior	Autodesk.Navisworks.Api	Autodesk/Navisworks/Api/__init__.py	1950	1954		0
SelectionChangedEventArgs	Autodesk.Revit.UI.Events	Autodesk/Revit/UI/Events.py	167	175	RevitAPISingleEventArgs	5
SelectionDetails	Autodesk.AutoCAD.EditorInput	Autodesk/AutoCAD/EditorInput.py	1307	1313		3
SelectionFilter	Autodesk.AutoCAD.EditorInput	Autodesk/AutoCAD/EditorInput.py	1314	1318		1
SelectionFilterAction	Autodesk.Revit.DB	Autodesk/Revit/DB/__init__.py	20444	20448		0
SelectionFilterElement	Autodesk.Revit.DB	Autodesk/Revit/DB/__init__.py	20449	20490	FilterElement	37
SelectionFilteringMode	Autodesk.Navisworks.Api.Interop	Autodesk/Navisworks/Api/Interop/__init__.py	7937	7941		0
SelectionFlags	Autodesk.AutoCAD.EditorInput	Autodesk/AutoCAD/EditorInput.py	1319	1323		0
SelectionFlags	Autodesk.AutoCAD.GraphicsInterface	Autodesk/AutoCAD/GraphicsInterface.py	1172	1176		0
SelectionMethod	Autodesk.AutoCAD.EditorInput	Autodesk/AutoCAD/EditorInput.py	1324	1328		0
SelectionMode	Autodesk.AutoCAD.EditorInput	Autodesk/AutoCAD/EditorInput.py	1329	1333		0
SelectionMode	System.Windows.Forms	System/Windows/Forms/__init__.py	192737	192784	Enum, IComparable, IFormattable, IConvertible	0
SelectionRange	System.Windows.Forms	System/Windows/Forms/__init__.py	192785	192847	object	0
SelectionRangeConverter	System.Windows.Forms	System/Windows/Forms/__init__.py	192848	193036	TypeConverter	0
SelectionRemovedEventArgs	Autodesk.AutoCAD.EditorInput	Autodesk/AutoCAD/EditorInput.py	1334	1343	EventArgs	6
SelectionRemovedEventHandler	Autodesk.AutoCAD.EditorInput	Autodesk/AutoCAD/EditorInput.py	1344	1352		5
SelectionSet	Autodesk.AutoCAD.EditorInput	Autodesk/AutoCAD/EditorInput.py	1353	1367		10
SelectionSet	Autodesk.Navisworks.Api	Autodesk/Navisworks/Api/__init__.py	1955	1977	SavedItem	16
SelectionSetDelayMarshalled	Autodesk.AutoCAD.EditorInput	Autodesk/AutoCAD/EditorInput.py	1368	1377	SelectionSet	6
SelectionSource	Autodesk.Navisworks.Api	Autodesk/Navisworks/Api/__init__.py	1978	1994	NativeHandle	11
SelectionSourceCollection	Autodesk.Navisworks.Api	Autodesk/Navisworks/Api/__init__.py	1995	2021	NativeHandle	20
SelectionTextInputEventArgs	Autodesk.AutoCAD.EditorInput	Autodesk/AutoCAD/EditorInput.py	1378	1384	EventArgs	3
SelectionTextInputEventHandler	Autodesk.AutoCAD.EditorInput	Autodesk/AutoCAD/EditorInput.py	1385	1393		5
SelectionUIOptions	Autodesk.Revit.UI	Autodesk/Revit/UI/__init__.py	807	822		10
SelectionValueEquals	Autodesk.Navisworks.Api	Autodesk/Navisworks/Api/__init__.py	2022	2027		2
SendKeys	System.Windows.Forms	System/Windows/Forms/__init__.py	193037	193074	object	0
SeparatorItem	Autodesk.Revit.UI	Autodesk/Revit/UI/__init__.py	823	827	MenuItem	1
SequenceEnd	Autodesk.AutoCAD.DatabaseServices	Autodesk/AutoCAD/DatabaseServices/__init__.py	17506	17580	Entity	71
SerializableAttribute	System	System/__init__.py	32795	32807	Attribute, _Attribute	0
ServerChangeCause	Autodesk.Revit.DB.ExternalService	Autodesk/Revit/DB/ExternalService.py	123	127		0
ServerInternalException	Autodesk.Revit.Exceptions	Autodesk/Revit/Exceptions.py	790	803	ApplicationException	10
ServerModelCorruptedException	Autodesk.Revit.Exceptions	Autodesk/Revit/Exceptions.py	804	817	CentralModelException	10
ServerPath	Autodesk.Revit.DB	Autodesk/Revit/DB/__init__.py	20491	20500	ModelPath	6
ServerType	Autodesk.Navisworks.Api	Autodesk/Navisworks/Api/__init__.py	2028	2032		0
ServicePackInfo	Autodesk.AutoCAD.Internal	Autodesk/AutoCAD/Internal/__init__.py	2450	2454		1
ServiceType	Autodesk.Revit.DB	Autodesk/Revit/DB/__init__.py	20501	20505		0
SetComparisonResult	Autodesk.Revit.DB	Autodesk/Revit/DB/__init__.py	20506	20510		0
SetReadOnlySysvar	Autodesk.AutoCAD.Internal	Autodesk/AutoCAD/Internal/__init__.py	2455	2460		1
Settings	Autodesk.Revit.DB	Autodesk/Revit/DB/__init__.py	20511	20518	APIObject	4
SettingsAbbreviation	Autodesk.Civil.Settings	Autodesk/Civil/Settings.py	138	147	CivilWrapper<AcDbDatabase>	6
SettingsAbbreviationAlignment	Autodesk.Civil.Settings	Autodesk/Civil/Settings.py	148	156	TreeOidWrapper	5
SettingsAbbreviationAlignmentEnhanced	Autodesk.Civil.Settings	Autodesk/Civil/Settings.py	157	165	TreeOidWrapper	5
SettingsAbbreviationCant	Autodesk.Civil.Settings	Autodesk/Civil/Settings.py	166	174	TreeOidWrapper	5
SettingsAbbreviationGeneral	Autodesk.Civil.Settings	Autodesk/Civil/Settings.py	175	184	TreeOidWrapper	6
SettingsAbbreviationProfile	Autodesk.Civil.Settings	Autodesk/Civil/Settings.py	185	193	TreeOidWrapper	5
SettingsAbbreviationSuperelevation	Autodesk.Civil.Settings	Autodesk/Civil/Settings.py	194	202	TreeOidWrapper	5
SettingsAlignment	Autodesk.Civil.Settings	Autodesk/Civil/Settings.py	203	244	SettingsAmbient	38
SettingsAmbient	Autodesk.Civil.Settings	Autodesk/Civil/Settings.py	245	274	TreeOidWrapper	26
SettingsAssembly	Autodesk.Civil.Settings	Autodesk/Civil/Settings.py	275	306	SettingsAmbient	28
SettingsBuildingSite	Autodesk.Civil.Settings	Autodesk/Civil/Settings.py	307	338	SettingsAmbient	28
SettingsCantView	Autodesk.Civil.Settings	Autodesk/Civil/Settings.py	339	370	SettingsAmbient	28
SettingsCatchment	Autodesk.Civil.Settings	Autodesk/Civil/Settings.py	371	402	SettingsAmbient	28
SettingsCmdAddAlignPointOfIntLbl	Autodesk.Civil.Settings	Autodesk/Civil/Settings.py	403	444	SettingsAlignment	38
SettingsCmdAddAlignPointOfIntLbls	Autodesk.Civil.Settings	Autodesk/Civil/Settings.py	445	486	SettingsAlignment	38
SettingsCmdAddAlignSegLbl	Autodesk.Civil.Settings	Autodesk/Civil/Settings.py	487	528	SettingsAlignment	38
SettingsCmdAddAlignSegLbls	Autodesk.Civil.Settings	Autodesk/Civil/Settings.py	529	570	SettingsAlignment	38
SettingsCmdAddAlignTagentLbl	Autodesk.Civil.Settings	Autodesk/Civil/Settings.py	571	612	SettingsAlignment	38
SettingsCmdAddAlignTagentLbls	Autodesk.Civil.Settings	Autodesk/Civil/Settings.py	613	654	SettingsAlignment	38
SettingsCmdAddAlignmentCurveTable	Autodesk.Civil.Settings	Autodesk/Civil/Settings.py	655	697	SettingsAlignment	39
SettingsCmdAddAlignmentLineTable	Autodesk.Civil.Settings	Autodesk/Civil/Settings.py	698	740	SettingsAlignment	39
SettingsCmdAddAlignmentOffLbl	Autodesk.Civil.Settings	Autodesk/Civil/Settings.py	741	782	SettingsAlignment	38
SettingsCmdAddAlignmentOffXYLbl	Autodesk.Civil.Settings	Autodesk/Civil/Settings.py	783	824	SettingsAlignment	38
SettingsCmdAddAlignmentSegmentTable	Autodesk.Civil.Settings	Autodesk/Civil/Settings.py	825	867	SettingsAlignment	39
SettingsCmdAddAlignmentSpiralTable	Autodesk.Civil.Settings	Autodesk/Civil/Settings.py	868	910	SettingsAlignment	39
SettingsCmdAddContourLabeling	Autodesk.Civil.Settings	Autodesk/Civil/Settings.py	911	943	SettingsSurface	29
SettingsCmdAddContourLabelingGroup	Autodesk.Civil.Settings	Autodesk/Civil/Settings.py	944	977	SettingsSurface	30
SettingsCmdAddContourLabelingSingle	Autodesk.Civil.Settings	Autodesk/Civil/Settings.py	978	1010	SettingsSurface	29
SettingsCmdAddIntersectionLabel	Autodesk.Civil.Settings	Autodesk/Civil/Settings.py	1011	1042	SettingsIntersection	28
SettingsCmdAddLineBetweenPoints	Autodesk.Civil.Settings	Autodesk/Civil/Settings.py	1043	1073	SettingsGeneral	27
SettingsCmdAddMaterialVolumeTable	Autodesk.Civil.Settings	Autodesk/Civil/Settings.py	1074	1106	SettingsQuantityTakeoff	29
SettingsCmdAddNetworkPartPlanLabel	Autodesk.Civil.Settings	Autodesk/Civil/Settings.py	1107	1143	SettingsPipeNetwork	33
SettingsCmdAddNetworkPartProfLabel	Autodesk.Civil.Settings	Autodesk/Civil/Settings.py	1144	1180	SettingsPipeNetwork	33
SettingsCmdAddNetworkPartSectLabel	Autodesk.Civil.Settings	Autodesk/Civil/Settings.py	1181	1217	SettingsPipeNetwork	33
SettingsCmdAddNetworkPartsToProf	Autodesk.Civil.Settings	Autodesk/Civil/Settings.py	1218	1254	SettingsPipeNetwork	33
SettingsCmdAddNetworkPipeTable	Autodesk.Civil.Settings	Autodesk/Civil/Settings.py	1255	1292	SettingsPipeNetwork	34
SettingsCmdAddNetworkPlanLabels	Autodesk.Civil.Settings	Autodesk/Civil/Settings.py	1293	1329	SettingsPipeNetwork	33
SettingsCmdAddNetworkProfLabels	Autodesk.Civil.Settings	Autodesk/Civil/Settings.py	1330	1366	SettingsPipeNetwork	33
SettingsCmdAddNetworkSectLabels	Autodesk.Civil.Settings	Autodesk/Civil/Settings.py	1367	1403	SettingsPipeNetwork	33
SettingsCmdAddNetworkStructTable	Autodesk.Civil.Settings	Autodesk/Civil/Settings.py	1404	1441	SettingsPipeNetwork	34
SettingsCmdAddNoteLabel	Autodesk.Civil.Settings	Autodesk/Civil/Settings.py	1442	1472	SettingsGeneral	27
SettingsCmdAddParcelAreaLabel	Autodesk.Civil.Settings	Autodesk/Civil/Settings.py	1473	1503	SettingsParcel	27
SettingsCmdAddParcelCurveTable	Autodesk.Civil.Settings	Autodesk/Civil/Settings.py	1504	1535	SettingsParcel	28
SettingsCmdAddParcelLineLabel	Autodesk.Civil.Settings	Autodesk/Civil/Settings.py	1536	1566	SettingsParcel	27
SettingsCmdAddParcelLineTable	Autodesk.Civil.Settings	Autodesk/Civil/Settings.py	1567	1598	SettingsParcel	28
SettingsCmdAddParcelSegmentLabels	Autodesk.Civil.Settings	Autodesk/Civil/Settings.py	1599	1630	SettingsParcel	28
SettingsCmdAddParcelSegmentTable	Autodesk.Civil.Settings	Autodesk/Civil/Settings.py	1631	1662	SettingsParcel	28
SettingsCmdAddParcelTable	Autodesk.Civil.Settings	Autodesk/Civil/Settings.py	1663	1694	SettingsParcel	28
SettingsCmdAddPointCloudPoints	Autodesk.Civil.Settings	Autodesk/Civil/Settings.py	1695	1727	SettingsPointCloud	29
SettingsCmdAddPointTable	Autodesk.Civil.Settings	Autodesk/Civil/Settings.py	1728	1761	SettingsPoint	30
SettingsCmdAddPointsToSurface	Autodesk.Civil.Settings	Autodesk/Civil/Settings.py	1762	1796	SettingsPointCloud	31
SettingsCmdAddProfileViewDepthLbl	Autodesk.Civil.Settings	Autodesk/Civil/Settings.py	1797	1832	SettingsProfileView	32
SettingsCmdAddProfileViewStaElevLbl	Autodesk.Civil.Settings	Autodesk/Civil/Settings.py	1833	1868	SettingsProfileView	32
SettingsCmdAddSectionViewGradeLbl	Autodesk.Civil.Settings	Autodesk/Civil/Settings.py	1869	1902	SettingsSectionView	30
SettingsCmdAddSectionViewOffElevLbl	Autodesk.Civil.Settings	Autodesk/Civil/Settings.py	1903	1936	SettingsSectionView	30
SettingsCmdAddSegmentLabel	Autodesk.Civil.Settings	Autodesk/Civil/Settings.py	1937	1967	SettingsGeneral	27
SettingsCmdAddSegmentLabels	Autodesk.Civil.Settings	Autodesk/Civil/Settings.py	1968	1998	SettingsGeneral	27
SettingsCmdAddSpanningPipePlanLabel	Autodesk.Civil.Settings	Autodesk/Civil/Settings.py	1999	2035	SettingsPipeNetwork	33
SettingsCmdAddSpanningPipeProfLabel	Autodesk.Civil.Settings	Autodesk/Civil/Settings.py	2036	2072	SettingsPipeNetwork	33
SettingsCmdAddSpotElevLabelsOnGrid	Autodesk.Civil.Settings	Autodesk/Civil/Settings.py	2073	2105	SettingsSurface	29
SettingsCmdAddSurfaceBoundaries	Autodesk.Civil.Settings	Autodesk/Civil/Settings.py	2106	2139	SettingsSurface	30
SettingsCmdAddSurfaceBreaklines	Autodesk.Civil.Settings	Autodesk/Civil/Settings.py	2140	2173	SettingsSurface	30
SettingsCmdAddSurfaceContours	Autodesk.Civil.Settings	Autodesk/Civil/Settings.py	2174	2207	SettingsSurface	30
SettingsCmdAddSurfaceDemFile	Autodesk.Civil.Settings	Autodesk/Civil/Settings.py	2208	2241	SettingsSurface	30
SettingsCmdAddSurfaceDrawingObjects	Autodesk.Civil.Settings	Autodesk/Civil/Settings.py	2242	2275	SettingsSurface	30
SettingsCmdAddSurfaceFigSurveyQuery	Autodesk.Civil.Settings	Autodesk/Civil/Settings.py	2276	2309	SettingsSurface	30
SettingsCmdAddSurfacePointSurveyQuery	Autodesk.Civil.Settings	Autodesk/Civil/Settings.py	2310	2342	SettingsSurface	29
SettingsCmdAddSurfaceSlopeLabel	Autodesk.Civil.Settings	Autodesk/Civil/Settings.py	2343	2375	SettingsSurface	29
SettingsCmdAddSurfaceSpotElevLabel	Autodesk.Civil.Settings	Autodesk/Civil/Settings.py	2376	2408	SettingsSurface	29
SettingsCmdAddSvFigureLabel	Autodesk.Civil.Settings	Autodesk/Civil/Settings.py	2409	2439	SettingsSurvey	27
SettingsCmdAddSvFigureSegmentLabel	Autodesk.Civil.Settings	Autodesk/Civil/Settings.py	2440	2470	SettingsSurvey	27
SettingsCmdAddSvFigureSegmentLabels	Autodesk.Civil.Settings	Autodesk/Civil/Settings.py	2471	2501	SettingsSurvey	27
SettingsCmdAddTotalVolumeTable	Autodesk.Civil.Settings	Autodesk/Civil/Settings.py	2502	2534	SettingsQuantityTakeoff	29
SettingsCmdAddWidening	Autodesk.Civil.Settings	Autodesk/Civil/Settings.py	2535	2578	SettingsAlignment	40
SettingsCmdAssignPayItemToArea	Autodesk.Civil.Settings	Autodesk/Civil/Settings.py	2579	2611	SettingsQuantityTakeoff	29
SettingsCmdCatchmentArea	Autodesk.Civil.Settings	Autodesk/Civil/Settings.py	2612	2649	SettingsSurface	34
SettingsCmdComputeMaterials	Autodesk.Civil.Settings	Autodesk/Civil/Settings.py	2650	2682	SettingsQuantityTakeoff	29
SettingsCmdConvertPointstoSdskPoints	Autodesk.Civil.Settings	Autodesk/Civil/Settings.py	2683	2716	SettingsPoint	30
SettingsCmdCorridorExtractSurfaces	Autodesk.Civil.Settings	Autodesk/Civil/Settings.py	2717	2749	SettingsCorridor	29
SettingsCmdCreateAlignFromCorridor	Autodesk.Civil.Settings	Autodesk/Civil/Settings.py	2750	2785	SettingsCorridor	32
SettingsCmdCreateAlignFromNetwork	Autodesk.Civil.Settings	Autodesk/Civil/Settings.py	2786	2823	SettingsPipeNetwork	34
SettingsCmdCreateAlignmentEntities	Autodesk.Civil.Settings	Autodesk/Civil/Settings.py	2824	2867	SettingsAlignment	40
SettingsCmdCreateAlignmentLayout	Autodesk.Civil.Settings	Autodesk/Civil/Settings.py	2868	2913	SettingsAlignment	42
SettingsCmdCreateAlignmentReference	Autodesk.Civil.Settings	Autodesk/Civil/Settings.py	2914	2955	SettingsAlignment	38
SettingsCmdCreateArcByBestFit	Autodesk.Civil.Settings	Autodesk/Civil/Settings.py	2956	2988	SettingsGeneral	29
SettingsCmdCreateAssembly	Autodesk.Civil.Settings	Autodesk/Civil/Settings.py	2989	3020	SettingsAssembly	28
SettingsCmdCreateAssemblyTool	Autodesk.Civil.Settings	Autodesk/Civil/Settings.py	3021	3052	SettingsAssembly	28
SettingsCmdCreateCantView	Autodesk.Civil.Settings	Autodesk/Civil/Settings.py	3053	3084	SettingsCantView	28
SettingsCmdCreateCatchmentFromObject	Autodesk.Civil.Settings	Autodesk/Civil/Settings.py	3085	3122	SettingsCatchment	34
SettingsCmdCreateCatchmentFromSurface	Autodesk.Civil.Settings	Autodesk/Civil/Settings.py	3123	3160	SettingsCatchment	34
SettingsCmdCreateCatchmentGroup	Autodesk.Civil.Settings	Autodesk/Civil/Settings.py	3161	3192	SettingsCatchment	28
SettingsCmdCreateCorridor	Autodesk.Civil.Settings	Autodesk/Civil/Settings.py	3193	3226	SettingsCorridor	30
SettingsCmdCreateFeatureLineFromAlign	Autodesk.Civil.Settings	Autodesk/Civil/Settings.py	3227	3259	SettingsGrading	29
SettingsCmdCreateFeatureLines	Autodesk.Civil.Settings	Autodesk/Civil/Settings.py	3260	3292	SettingsGrading	29
SettingsCmdCreateFlowSegment	Autodesk.Civil.Settings	Autodesk/Civil/Settings.py	3293	3327	SettingsCatchment	31
SettingsCmdCreateGrading	Autodesk.Civil.Settings	Autodesk/Civil/Settings.py	3328	3360	SettingsGrading	29
SettingsCmdCreateGradingGroup	Autodesk.Civil.Settings	Autodesk/Civil/Settings.py	3361	3393	SettingsGrading	29
SettingsCmdCreateInterferenceCheck	Autodesk.Civil.Settings	Autodesk/Civil/Settings.py	3394	3431	SettingsPipeNetwork	34
SettingsCmdCreateIntersection	Autodesk.Civil.Settings	Autodesk/Civil/Settings.py	3432	3471	SettingsIntersection	36
SettingsCmdCreateLineByBestFit	Autodesk.Civil.Settings	Autodesk/Civil/Settings.py	3472	3504	SettingsGeneral	29
SettingsCmdCreateMassHaulDiagram	Autodesk.Civil.Settings	Autodesk/Civil/Settings.py	3505	3538	SettingsMassHaulView	30
SettingsCmdCreateMultipleProfileView	Autodesk.Civil.Settings	Autodesk/Civil/Settings.py	3539	3575	SettingsProfileView	33
SettingsCmdCreateMultipleSectionView	Autodesk.Civil.Settings	Autodesk/Civil/Settings.py	3576	3611	SettingsSectionView	32
SettingsCmdCreateNetwork	Autodesk.Civil.Settings	Autodesk/Civil/Settings.py	3612	3650	SettingsPipeNetwork	35
SettingsCmdCreateNetworkFromObject	Autodesk.Civil.Settings	Autodesk/Civil/Settings.py	3651	3687	SettingsPipeNetwork	33
SettingsCmdCreateNetworkPartsList	Autodesk.Civil.Settings	Autodesk/Civil/Settings.py	3688	3724	SettingsPipeNetwork	33
SettingsCmdCreateNetworkPartsListFull	Autodesk.Civil.Settings	Autodesk/Civil/Settings.py	3725	3761	SettingsPipeNetwork	33
SettingsCmdCreateNetworkReference	Autodesk.Civil.Settings	Autodesk/Civil/Settings.py	3762	3798	SettingsPipeNetwork	33
SettingsCmdCreateOffsetAlignment	Autodesk.Civil.Settings	Autodesk/Civil/Settings.py	3799	3841	SettingsAlignment	39
SettingsCmdCreateParabolaByBestFit	Autodesk.Civil.Settings	Autodesk/Civil/Settings.py	3842	3874	SettingsGeneral	29
SettingsCmdCreateParcelByLayout	Autodesk.Civil.Settings	Autodesk/Civil/Settings.py	3875	3909	SettingsParcel	31
SettingsCmdCreateParcelFromObjects	Autodesk.Civil.Settings	Autodesk/Civil/Settings.py	3910	3941	SettingsParcel	28
SettingsCmdCreateParcelROW	Autodesk.Civil.Settings	Autodesk/Civil/Settings.py	3942	3975	SettingsParcel	30
SettingsCmdCreatePointCloud	Autodesk.Civil.Settings	Autodesk/Civil/Settings.py	3976	4009	SettingsPointCloud	30
SettingsCmdCreatePointGroup	Autodesk.Civil.Settings	Autodesk/Civil/Settings.py	4010	4042	SettingsPoint	29
SettingsCmdCreatePoints	Autodesk.Civil.Settings	Autodesk/Civil/Settings.py	4043	4078	SettingsPoint	32
SettingsCmdCreatePointsFromCorridor	Autodesk.Civil.Settings	Autodesk/Civil/Settings.py	4079	4111	SettingsCorridor	29
SettingsCmdCreatePolylineFromCorridor	Autodesk.Civil.Settings	Autodesk/Civil/Settings.py	4112	4144	SettingsCorridor	29
SettingsCmdCreatePolylineFromSuper	Autodesk.Civil.Settings	Autodesk/Civil/Settings.py	4145	4176	SettingsSuperelevationView	28
SettingsCmdCreateProfileFromCorridor	Autodesk.Civil.Settings	Autodesk/Civil/Settings.py	4177	4210	SettingsCorridor	30
SettingsCmdCreateProfileFromFile	Autodesk.Civil.Settings	Autodesk/Civil/Settings.py	4211	4244	SettingsProfile	30
SettingsCmdCreateProfileFromSurface	Autodesk.Civil.Settings	Autodesk/Civil/Settings.py	4245	4279	SettingsProfile	31
SettingsCmdCreateProfileLayout	Autodesk.Civil.Settings	Autodesk/Civil/Settings.py	4280	4315	SettingsProfile	32
SettingsCmdCreateProfileReference	Autodesk.Civil.Settings	Autodesk/Civil/Settings.py	4316	4349	SettingsProfile	30
SettingsCmdCreateProfileView	Autodesk.Civil.Settings	Autodesk/Civil/Settings.py	4350	4385	SettingsProfileView	32
SettingsCmdCreateQuickProfile	Autodesk.Civil.Settings	Autodesk/Civil/Settings.py	4386	4420	SettingsProfile	31
SettingsCmdCreateSampleLines	Autodesk.Civil.Settings	Autodesk/Civil/Settings.py	4421	4456	SettingsSampleLine	32
SettingsCmdCreateSectionSheets	Autodesk.Civil.Settings	Autodesk/Civil/Settings.py	4457	4491	SettingsSectionView	31
SettingsCmdCreateSectionView	Autodesk.Civil.Settings	Autodesk/Civil/Settings.py	4492	4526	SettingsSectionView	31
SettingsCmdCreateSheets	Autodesk.Civil.Settings	Autodesk/Civil/Settings.py	4527	4560	SettingsViewFrameGroup	30
SettingsCmdCreateSimpleCorridor	Autodesk.Civil.Settings	Autodesk/Civil/Settings.py	4561	4594	SettingsCorridor	30
SettingsCmdCreateSite	Autodesk.Civil.Settings	Autodesk/Civil/Settings.py	4595	4628	SettingsParcel	30
SettingsCmdCreateSubFromPline	Autodesk.Civil.Settings	Autodesk/Civil/Settings.py	4629	4661	SettingsSubassembly	29
SettingsCmdCreateSubassemblyTool	Autodesk.Civil.Settings	Autodesk/Civil/Settings.py	4662	4694	SettingsSubassembly	29
SettingsCmdCreateSuperelevationView	Autodesk.Civil.Settings	Autodesk/Civil/Settings.py	4695	4726	SettingsSuperelevationView	28
SettingsCmdCreateSurface	Autodesk.Civil.Settings	Autodesk/Civil/Settings.py	4727	4762	SettingsSurface	32
SettingsCmdCreateSurfaceFromTIN	Autodesk.Civil.Settings	Autodesk/Civil/Settings.py	4763	4795	SettingsSurface	29
SettingsCmdCreateSurfaceGridFromDEM	Autodesk.Civil.Settings	Autodesk/Civil/Settings.py	4796	4830	SettingsSurface	31
SettingsCmdCreateSurfaceReference	Autodesk.Civil.Settings	Autodesk/Civil/Settings.py	4831	4864	SettingsSurface	30
SettingsCmdCreateSurfaceWaterdrop	Autodesk.Civil.Settings	Autodesk/Civil/Settings.py	4865	4899	SettingsSurface	31
SettingsCmdCreateViewFrames	Autodesk.Civil.Settings	Autodesk/Civil/Settings.py	4900	4933	SettingsViewFrameGroup	30
SettingsCmdDrawFeatureLine	Autodesk.Civil.Settings	Autodesk/Civil/Settings.py	4934	4966	SettingsGrading	29
SettingsCmdEditFlowSegments	Autodesk.Civil.Settings	Autodesk/Civil/Settings.py	4967	5001	SettingsCatchment	31
SettingsCmdEditInStormSewers	Autodesk.Civil.Settings	Autodesk/Civil/Settings.py	5002	5038	SettingsPipeNetwork	33
SettingsCmdEditSVGroupStyle	Autodesk.Civil.Settings	Autodesk/Civil/Settings.py	5039	5072	SettingsSectionView	30
SettingsCmdExportCivilDrawing	Autodesk.Civil.Settings	Autodesk/Civil/Settings.py	5073	5104	SettingsGeneral	28
SettingsCmdExportParcelAnalysis	Autodesk.Civil.Settings	Autodesk/Civil/Settings.py	5105	5136	SettingsParcel	28
SettingsCmdExportStormSewerData	Autodesk.Civil.Settings	Autodesk/Civil/Settings.py	5137	5173	SettingsPipeNetwork	33
SettingsCmdFeatureLinesFromCorridor	Autodesk.Civil.Settings	Autodesk/Civil/Settings.py	5174	5207	SettingsCorridor	30
SettingsCmdFitCurveFeature	Autodesk.Civil.Settings	Autodesk/Civil/Settings.py	5208	5240	SettingsGrading	29
SettingsCmdGenerateQuantitiesReport	Autodesk.Civil.Settings	Autodesk/Civil/Settings.py	5241	5273	SettingsQuantityTakeoff	29
SettingsCmdGradingElevEditor	Autodesk.Civil.Settings	Autodesk/Civil/Settings.py	5274	5306	SettingsGrading	29
SettingsCmdGradingTools	Autodesk.Civil.Settings	Autodesk/Civil/Settings.py	5307	5339	SettingsGrading	29
SettingsCmdGradingVolumeTools	Autodesk.Civil.Settings	Autodesk/Civil/Settings.py	5340	5373	SettingsGrading	30
SettingsCmdImportBuildingSite	Autodesk.Civil.Settings	Autodesk/Civil/Settings.py	5374	5405	SettingsBuildingSite	28
SettingsCmdImportGISData	Autodesk.Civil.Settings	Autodesk/Civil/Settings.py	5406	5437	SettingsGeneral	28
SettingsCmdImportStormSewerData	Autodesk.Civil.Settings	Autodesk/Civil/Settings.py	5438	5474	SettingsPipeNetwork	33
SettingsCmdJoinFeatures	Autodesk.Civil.Settings	Autodesk/Civil/Settings.py	5475	5507	SettingsGrading	29
SettingsCmdLayoutSectionViewGroup	Autodesk.Civil.Settings	Autodesk/Civil/Settings.py	5508	5541	SettingsSectionView	30
SettingsCmdMapCheck	Autodesk.Civil.Settings	Autodesk/Civil/Settings.py	5542	5573	SettingsGeneral	28
SettingsCmdMinimizeSurfaceFlatAreas	Autodesk.Civil.Settings	Autodesk/Civil/Settings.py	5574	5610	SettingsSurface	33
SettingsCmdMoveBlocksToSurface	Autodesk.Civil.Settings	Autodesk/Civil/Settings.py	5611	5643	SettingsSurface	29
SettingsCmdMoveBlockstoAttribElev	Autodesk.Civil.Settings	Autodesk/Civil/Settings.py	5644	5676	SettingsSurface	29
SettingsCmdMoveTextToElevation	Autodesk.Civil.Settings	Autodesk/Civil/Settings.py	5677	5709	SettingsSurface	29
SettingsCmdProjectObjectsToMultiSect	Autodesk.Civil.Settings	Autodesk/Civil/Settings.py	5710	5744	SettingsSectionView	31
SettingsCmdProjectObjectsToProf	Autodesk.Civil.Settings	Autodesk/Civil/Settings.py	5745	5780	SettingsProfileView	32
SettingsCmdProjectObjectsToSect	Autodesk.Civil.Settings	Autodesk/Civil/Settings.py	5781	5814	SettingsSectionView	30
SettingsCmdReAddParcelAreaLabel	Autodesk.Civil.Settings	Autodesk/Civil/Settings.py	5815	5845	SettingsParcel	27
SettingsCmdReAddParcelSegmentLabels	Autodesk.Civil.Settings	Autodesk/Civil/Settings.py	5846	5876	SettingsParcel	27
SettingsCmdRenamePipeNetworkParts	Autodesk.Civil.Settings	Autodesk/Civil/Settings.py	5877	5913	SettingsPipeNetwork	33
SettingsCmdResetAnchorPipe	Autodesk.Civil.Settings	Autodesk/Civil/Settings.py	5914	5950	SettingsPipeNetwork	33
SettingsCmdReverseAlignmentDirection	Autodesk.Civil.Settings	Autodesk/Civil/Settings.py	5951	5992	SettingsAlignment	38
SettingsCmdShowGeodeticCalculator	Autodesk.Civil.Settings	Autodesk/Civil/Settings.py	5993	6025	SettingsPoint	29
SettingsCmdShowPointGroupProperties	Autodesk.Civil.Settings	Autodesk/Civil/Settings.py	6026	6058	SettingsPoint	29
SettingsCmdShowSpanningPipes	Autodesk.Civil.Settings	Autodesk/Civil/Settings.py	6059	6095	SettingsPipeNetwork	33
SettingsCmdSimplifySurface	Autodesk.Civil.Settings	Autodesk/Civil/Settings.py	6096	6134	SettingsSurface	35
SettingsCmdSuperimposeProfile	Autodesk.Civil.Settings	Autodesk/Civil/Settings.py	6135	6169	SettingsProfile	31
SettingsCmdSurfaceExportToDem	Autodesk.Civil.Settings	Autodesk/Civil/Settings.py	6170	6203	SettingsSurface	30
SettingsCmdSurfaceExtractObjects	Autodesk.Civil.Settings	Autodesk/Civil/Settings.py	6204	6236	SettingsSurface	29
SettingsCmdTakeOff	Autodesk.Civil.Settings	Autodesk/Civil/Settings.py	6237	6269	SettingsQuantityTakeoff	29
SettingsCmdViewEditCorridorSection	Autodesk.Civil.Settings	Autodesk/Civil/Settings.py	6270	6306	SettingsCorridor	33
SettingsCmdVolumesDashboard	Autodesk.Civil.Settings	Autodesk/Civil/Settings.py	6307	6343	SettingsSurface	33
SettingsCmdWeedFeatures	Autodesk.Civil.Settings	Autodesk/Civil/Settings.py	6344	6376	SettingsGrading	29
SettingsCoordinateSystem	Autodesk.Civil.Settings	Autodesk/Civil/Settings.py	6377	6386		6
SettingsCorridor	Autodesk.Civil.Settings	Autodesk/Civil/Settings.py	6387	6419	SettingsAmbient	29
SettingsDrawing	Autodesk.Civil.Settings	Autodesk/Civil/Settings.py	6420	6432	TreeOidWrapper	9
SettingsGeneral	Autodesk.Civil.Settings	Autodesk/Civil/Settings.py	6433	6463	SettingsAmbient	27
SettingsGrading	Autodesk.Civil.Settings	Autodesk/Civil/Settings.py	6464	6495	SettingsAmbient	28
SettingsIntersection	Autodesk.Civil.Settings	Autodesk/Civil/Settings.py	6496	6527	SettingsAmbient	28
SettingsLandXML	Autodesk.Civil.Settings	Autodesk/Civil/Settings.py	6528	6536	TreeOidWrapper	5
SettingsLandXMLExport	Autodesk.Civil.Settings	Autodesk/Civil/Settings.py	6537	6550	TreeOidWrapper	10
SettingsLandXMLImport	Autodesk.Civil.Settings	Autodesk/Civil/Settings.py	6551	6567	TreeOidWrapper	13
SettingsMassHaulLine	Autodesk.Civil.Settings	Autodesk/Civil/Settings.py	6568	6597	SettingsAmbient	26
SettingsMassHaulView	Autodesk.Civil.Settings	Autodesk/Civil/Settings.py	6598	6630	SettingsAmbient	29
SettingsMatchLine	Autodesk.Civil.Settings	Autodesk/Civil/Settings.py	6631	6660	SettingsAmbient	26
SettingsObjectLayer	Autodesk.Civil.Settings	Autodesk/Civil/Settings.py	6661	6673	TreeOidWrapper	9
SettingsObjectLayerType	Autodesk.Civil.Settings	Autodesk/Civil/Settings.py	6674	6678		0
SettingsObjectLayers	Autodesk.Civil.Settings	Autodesk/Civil/Settings.py	6679	6687	TreeOidWrapper	5
SettingsParcel	Autodesk.Civil.Settings	Autodesk/Civil/Settings.py	6688	6718	SettingsAmbient	27
SettingsPipe	Autodesk.Civil.Settings	Autodesk/Civil/Settings.py	6719	6748	SettingsAmbient	26
SettingsPipeNetwork	Autodesk.Civil.Settings	Autodesk/Civil/Settings.py	6749	6785	SettingsAmbient	33
SettingsPoint	Autodesk.Civil.Settings	Autodesk/Civil/Settings.py	6786	6818	SettingsAmbient	29
SettingsPointCloud	Autodesk.Civil.Settings	Autodesk/Civil/Settings.py	6819	6850	SettingsAmbient	28
SettingsProfile	Autodesk.Civil.Settings	Autodesk/Civil/Settings.py	6851	6884	SettingsAmbient	30
SettingsProfileView	Autodesk.Civil.Settings	Autodesk/Civil/Settings.py	6885	6920	SettingsAmbient	32
SettingsQuantityTakeoff	Autodesk.Civil.Settings	Autodesk/Civil/Settings.py	6921	6952	SettingsAmbient	28
SettingsRoot	Autodesk.Civil.Settings	Autodesk/Civil/Settings.py	6953	6964	TreeOidWrapper	8
SettingsSampleLine	Autodesk.Civil.Settings	Autodesk/Civil/Settings.py	6965	6996	SettingsAmbient	28
SettingsSection	Autodesk.Civil.Settings	Autodesk/Civil/Settings.py	6997	7028	SettingsAmbient	28
SettingsSectionView	Autodesk.Civil.Settings	Autodesk/Civil/Settings.py	7029	7062	SettingsAmbient	30
SettingsStructure	Autodesk.Civil.Settings	Autodesk/Civil/Settings.py	7063	7092	SettingsAmbient	26
SettingsSubassembly	Autodesk.Civil.Settings	Autodesk/Civil/Settings.py	7093	7124	SettingsAmbient	28
SettingsSuperelevationView	Autodesk.Civil.Settings	Autodesk/Civil/Settings.py	7125	7156	SettingsAmbient	28
SettingsSurface	Autodesk.Civil.Settings	Autodesk/Civil/Settings.py	7157	7189	SettingsAmbient	29
SettingsSurvey	Autodesk.Civil.Settings	Autodesk/Civil/Settings.py	7190	7220	SettingsAmbient	27
SettingsTag	Autodesk.Civil.Settings	Autodesk/Civil/Settings.py	7221	7229	TreeOidWrapper	5
SettingsTransformation	Autodesk.Civil.Settings	Autodesk/Civil/Settings.py	7230	7248	TreeOidWrapper	15
SettingsUnitZone	Autodesk.Civil.Settings	Autodesk/Civil/Settings.py	7249	7266	TreeOidWrapper	12
SettingsViewFrame	Autodesk.Civil.Settings	Autodesk/Civil/Settings.py	7267	7296	SettingsAmbient	26
SettingsViewFrameGroup	Autodesk.Civil.Settings	Autodesk/Civil/Settings.py	7297	7329	SettingsAmbient	29
ShadePlotResLevel	Autodesk.AutoCAD.DatabaseServices	Autodesk/AutoCAD/DatabaseServices/__init__.py	17581	17585		0
ShadePlotType	Autodesk.AutoCAD.DatabaseServices	Autodesk/AutoCAD/DatabaseServices/__init__.py	17586	17590		0
ShadowFlags	Autodesk.AutoCAD.GraphicsInterface	Autodesk/AutoCAD/GraphicsInterface.py	1177	1181		0
ShadowParameters	Autodesk.AutoCAD.GraphicsInterface	Autodesk/AutoCAD/GraphicsInterface.py	1182	1200	RXObject	15
ShadowType	Autodesk.AutoCAD.GraphicsInterface	Autodesk/AutoCAD/GraphicsInterface.py	1201	1205		0
ShallowFlowSurfaceType	Autodesk.Civil.DatabaseServices	Autodesk/Civil/DatabaseServices/__init__.py	20412	20416		0
Shape	Autodesk.AutoCAD.DatabaseServices	Autodesk/AutoCAD/DatabaseServices/__init__.py	17591	17676	Entity	82
Shape	Autodesk.Civil.DatabaseServices	Autodesk/Civil/DatabaseServices/__init__.py	20417	20425	CivilWrapper<AeccDbEntity>	5
ShapeBuilder	Autodesk.Revit.DB	Autodesk/Revit/DB/__init__.py	20519	20524		2
ShapeCollection	Autodesk.Civil.DatabaseServices	Autodesk/Civil/DatabaseServices/__init__.py	20426	20435	CivilWrapper<AeccDbEntity>	6
ShapeDisplayStyleType	Autodesk.Civil.DatabaseServices.Styles	Autodesk/Civil/DatabaseServices/Styles.py	5380	5384		0
ShapeImporter	Autodesk.Revit.DB	Autodesk/Revit/DB/__init__.py	20525	20536		7
ShapeImporterSourceFormat	Autodesk.Revit.DB	Autodesk/Revit/DB/__init__.py	20537	20541		0
ShapeStyle	Autodesk.Civil.DatabaseServices.Styles	Autodesk/Civil/DatabaseServices/Styles.py	5385	5448	SubassemblySubentityStyle	60
ShapeStyleCollection	Autodesk.Civil.DatabaseServices.Styles	Autodesk/Civil/DatabaseServices/Styles.py	5449	5459	StyleCollectionBase	7
ShapeSubType	Autodesk.Aec.DatabaseServices	Autodesk/Aec/DatabaseServices.py	7971	7975		0
ShapeType	Autodesk.Aec.DatabaseServices	Autodesk/Aec/DatabaseServices.py	7976	7980		0
ShareRecentFileCallback	Autodesk.AutoCAD.Internal	Autodesk/AutoCAD/Internal/__init__.py	2461	2469		5
ShareRecentListHandler	Autodesk.AutoCAD.Internal	Autodesk/AutoCAD/Internal/__init__.py	2470	2475		1
SharedParameterApplicableRule	Autodesk.Revit.DB	Autodesk/Revit/DB/__init__.py	20542	20547	FilterRule	2
SharedParameterElement	Autodesk.Revit.DB	Autodesk/Revit/DB/__init__.py	20548	20584	ParameterElement	31
SharedRecentFileData	Autodesk.AutoCAD.Internal	Autodesk/AutoCAD/Internal/__init__.py	2476	2480		0
SharedRecentFiles	Autodesk.AutoCAD.Internal	Autodesk/AutoCAD/Internal/__init__.py	2481	2486		2
Sheet	Autodesk.Civil.DatabaseServices	Autodesk/Civil/DatabaseServices/__init__.py	20436	20550	GeoEntity	111
SheetCancelStatus	Autodesk.AutoCAD.PlottingServices	Autodesk/AutoCAD/PlottingServices.py	474	478		0
SheetCollection	Autodesk.Revit.DB	Autodesk/Revit/DB/__init__.py	20585	20617	Element	28
SheetCreateType	Autodesk.Civil	Autodesk/Civil/__init__.py	1429	1433		0
SheetDisplayStyleType	Autodesk.Civil.DatabaseServices.Styles	Autodesk/Civil/DatabaseServices/Styles.py	5460	5464		0
SheetDuplicateOption	Autodesk.Revit.DB	Autodesk/Revit/DB/__init__.py	20618	20622		0
SheetInfo	Autodesk.Navisworks.Api	Autodesk/Navisworks/Api/__init__.py	2033	2057	SavedItem	19
SheetSetType	Autodesk.Civil	Autodesk/Civil/__init__.py	1434	1438		0
SheetStyle	Autodesk.Civil.DatabaseServices.Styles	Autodesk/Civil/DatabaseServices/Styles.py	5465	5522	StyleBase	54
SheetStyleCollection	Autodesk.Civil.DatabaseServices.Styles	Autodesk/Civil/DatabaseServices/Styles.py	5523	5533	StyleCollectionBase	7
SheetType	Autodesk.AutoCAD.PlottingServices	Autodesk/AutoCAD/PlottingServices.py	479	483		0
SheetType	Autodesk.Navisworks.Api	Autodesk/Navisworks/Api/__init__.py	2058	2062		0
ShellLayerType	Autodesk.Revit.DB	Autodesk/Revit/DB/__init__.py	20623	20627		0
Shortcut	System.Windows.Forms	System/Windows/Forms/__init__.py	193075	193272	Enum, IComparable, IFormattable, IConvertible	0
ShoulderMethodType	Autodesk.Civil	Autodesk/Civil/__init__.py	1439	1443		0
ShowExceptionDialogHandler	Autodesk.AutoCAD.Runtime	Autodesk/AutoCAD/Runtime.py	587	595		5
ShowHiddenLinesValues	Autodesk.Revit.DB	Autodesk/Revit/DB/__init__.py	20628	20632		0
SideRoadProfileDistanceRuleType	Autodesk.Civil.DatabaseServices	Autodesk/Civil/DatabaseServices/__init__.py	20551	20555		0
SignType	Autodesk.Civil	Autodesk/Civil/__init__.py	1444	1448		0
SimpleAccess	Autodesk.Navisworks.Internal.ApiImplementation.Schema	Autodesk/Navisworks/Internal/ApiImplementation/Schema.py	43	50	FieldAccess	4
SimpleEditor	Autodesk.Navisworks.Internal.ApiImplementation.Schema	Autodesk/Navisworks/Internal/ApiImplementation/Schema.py	51	57	SimpleAccess	3
SimpleField	Autodesk.Navisworks.Api.Schema	Autodesk/Navisworks/Api/Schema.py	246	258	Field	7
SimpleReader	Autodesk.Navisworks.Internal.ApiImplementation.Schema	Autodesk/Navisworks/Internal/ApiImplementation/Schema.py	58	64	SimpleAccess	3
SimpleWorksetConfiguration	Autodesk.Revit.DB	Autodesk/Revit/DB/__init__.py	20633	20637		0
SimulationType	Autodesk.Navisworks.Api	Autodesk/Navisworks/Api/__init__.py	2063	2067		0
Single	System	System/__init__.py	32808	33379	object, IComparable, IFormattable, IConvertible, IComparable[Single], IEquatable[Single]	0
SingleServerService	Autodesk.Revit.DB.ExternalService	Autodesk/Revit/DB/ExternalService.py	128	142	ExternalService	11
Site	Autodesk.Civil.DatabaseServices	Autodesk/Civil/DatabaseServices/__init__.py	20556	20680	Entity	120
SiteLocation	Autodesk.Revit.DB	Autodesk/Revit/DB/__init__.py	20638	20684	ElementType	43
SiteSubRegion	Autodesk.Revit.DB.Architecture	Autodesk/Revit/DB/Architecture.py	917	930		8
Size	System.Drawing	System/Drawing/__init__.py	11743	12020	object	0
SizeConverter	System.Drawing	System/Drawing/__init__.py	12021	12257	TypeConverter	0
SizeF	System.Drawing	System/Drawing/__init__.py	12258	12500	object	0
SizeFConverter	System.Drawing	System/Drawing/__init__.py	12501	12671	TypeConverter	0
SizeFilterField	Autodesk.Civil.DatabaseServices.Styles	Autodesk/Civil/DatabaseServices/Styles.py	5534	5552	PartDataField	15
SizeFilterRecord	Autodesk.Civil.DatabaseServices.Styles	Autodesk/Civil/DatabaseServices/Styles.py	5553	5562		6
SizeGripStyle	System.Windows.Forms	System/Windows/Forms/__init__.py	193273	193319	Enum, IComparable, IFormattable, IConvertible	0
SizeType	System.Windows.Forms	System/Windows/Forms/__init__.py	193320	193366	Enum, IComparable, IFormattable, IConvertible	0
SizingCalculator	Autodesk.Revit.DB.Analysis	Autodesk/Revit/DB/Analysis.py	1571	1581		7
SizingOptions	Autodesk.Revit.DB.Analysis	Autodesk/Revit/DB/Analysis.py	1582	1602		17
SizingType	System.Windows.Forms.VisualStyles	System/Windows/Forms/VisualStyles.py	1648	1694	Enum, IComparable, IFormattable, IConvertible	0
SizingUIUtils	Autodesk.Revit.UI	Autodesk/Revit/UI/__init__.py	828	832		0
Sketch	Autodesk.Revit.DB	Autodesk/Revit/DB/__init__.py	20685	20719	SketchBase	31
SketchBase	Autodesk.Revit.DB	Autodesk/Revit/DB/__init__.py	20720	20750	Element	27
SketchEditScope	Autodesk.Revit.DB	Autodesk/Revit/DB/__init__.py	20751	20762	EditScope	8
SketchGalleryOptions	Autodesk.Revit.UI	Autodesk/Revit/UI/__init__.py	833	837		0
SketchPlane	Autodesk.Revit.DB	Autodesk/Revit/DB/__init__.py	20763	20798	Element	31
SketchedCurveSlopeOption	Autodesk.Revit.DB.Architecture	Autodesk/Revit/DB/Architecture.py	931	935		0
SketchedStairsCurveData	Autodesk.Revit.DB	Autodesk/Revit/DB/__init__.py	20799	20805		3
SkipPushPopDisplayPropertiesType	Autodesk.Aec.DatabaseServices	Autodesk/Aec/DatabaseServices.py	7981	7985		0
SkyBackground	Autodesk.AutoCAD.DatabaseServices	Autodesk/AutoCAD/DatabaseServices/__init__.py	17677	17722	Background	42
SkyBackgroundSettings	Autodesk.Revit.DB	Autodesk/Revit/DB/__init__.py	20806	20810	BackgroundSettings	1
SkyBackgroundTraits	Autodesk.AutoCAD.GraphicsInterface	Autodesk/AutoCAD/GraphicsInterface.py	1206	1233	NonEntityTraits	24
SkyParameters	Autodesk.AutoCAD.GraphicsInterface	Autodesk/AutoCAD/GraphicsInterface.py	1234	1258	RXObject	21
SlabEdge	Autodesk.Revit.DB	Autodesk/Revit/DB/__init__.py	20811	20850	HostedSweep	36
SlabEdgeType	Autodesk.Revit.DB	Autodesk/Revit/DB/__init__.py	20851	20885	HostedSweepType	31
SlabShapeCrease	Autodesk.Revit.DB	Autodesk/Revit/DB/__init__.py	20886	20894		5
SlabShapeCreaseArray	Autodesk.Revit.DB	Autodesk/Revit/DB/__init__.py	20895	20908	APIObject	10
SlabShapeCreaseArrayIterator	Autodesk.Revit.DB	Autodesk/Revit/DB/__init__.py	20909	20916	APIObject	4
SlabShapeCreaseType	Autodesk.Revit.DB	Autodesk/Revit/DB/__init__.py	20917	20921		0
SlabShapeEditor	Autodesk.Revit.DB	Autodesk/Revit/DB/__init__.py	20922	20939		14
SlabShapeVertex	Autodesk.Revit.DB	Autodesk/Revit/DB/__init__.py	20940	20947		4
SlabShapeVertexArray	Autodesk.Revit.DB	Autodesk/Revit/DB/__init__.py	20948	20961	APIObject	10
SlabShapeVertexArrayIterator	Autodesk.Revit.DB	Autodesk/Revit/DB/__init__.py	20962	20969	APIObject	4
SlabShapeVertexType	Autodesk.Revit.DB	Autodesk/Revit/DB/__init__.py	20970	20974		0
SlantedOrVerticalColumnType	Autodesk.Revit.DB	Autodesk/Revit/DB/__init__.py	20975	20979		0
Slice	Autodesk.Aec.DatabaseServices	Autodesk/Aec/DatabaseServices.py	7986	8102	LayoutTool	113
SlopeArrowType	Autodesk.Civil.DatabaseServices.Styles	Autodesk/Civil/DatabaseServices/Styles.py	5563	5567		0
SlopeElevationTarget	Autodesk.Civil.DatabaseServices	Autodesk/Civil/DatabaseServices/__init__.py	20681	20687	CivilWrapper<AeccSlopeElevationTarget>	3
SlopeFormatType	Autodesk.Civil	Autodesk/Civil/__init__.py	1449	1453		0
SlopeLineDefinition	Autodesk.Civil.DatabaseServices	Autodesk/Civil/DatabaseServices/__init__.py	20688	20694		3
SlopeLineSide	Autodesk.Civil.DatabaseServices	Autodesk/Civil/DatabaseServices/__init__.py	20695	20699		0
SlopeLineType	Autodesk.Civil.DatabaseServices	Autodesk/Civil/DatabaseServices/__init__.py	20700	20704		0
SlopePatternComponent	Autodesk.Civil.DatabaseServices.Styles	Autodesk/Civil/DatabaseServices/Styles.py	5568	5574	CivilWrapper<AeccDbSlopePatternStyle>	3
SlopePatternLengthType	Autodesk.Civil	Autodesk/Civil/__init__.py	1454	1458		0
SlopePatternLine	Autodesk.Civil.DatabaseServices.Styles	Autodesk/Civil/DatabaseServices/Styles.py	5575	5590	CivilWrapper<AeccDbSlopePatternStyle>	12
SlopePatternLineOffset	Autodesk.Civil.DatabaseServices.Styles	Autodesk/Civil/DatabaseServices/Styles.py	5591	5601	CivilWrapper<AeccDbSlopePatternStyle>	7
SlopePatternLineSymbol	Autodesk.Civil.DatabaseServices.Styles	Autodesk/Civil/DatabaseServices/Styles.py	5602	5615	CivilWrapper<AeccDbSlopePatternStyle>	10
SlopePatternOffsetType	Autodesk.Civil	Autodesk/Civil/__init__.py	1459	1463		0
SlopePatternStartType	Autodesk.Civil	Autodesk/Civil/__init__.py	1464	1468		0
SlopePatternStyle	Autodesk.Civil.DatabaseServices.Styles	Autodesk/Civil/DatabaseServices/Styles.py	5616	5677	StyleBase	58
SlopePatternStyleCollection	Autodesk.Civil.DatabaseServices.Styles	Autodesk/Civil/DatabaseServices/Styles.py	5678	5688	StyleCollectionBase	7
SlopePatternSymbolType	Autodesk.Civil	Autodesk/Civil/__init__.py	1469	1473		0
SmManagerUtilities	Autodesk.AutoCAD.Internal	Autodesk/AutoCAD/Internal/__init__.py	2487	2492		1
SmoothingMode	System.Drawing.Drawing2D	System/Drawing/Drawing2D.py	5048	5097	Enum, IComparable, IFormattable, IConvertible	0
Solid	Autodesk.AutoCAD.DatabaseServices	Autodesk/AutoCAD/DatabaseServices/__init__.py	17723	17801	Entity	75
Solid	Autodesk.Revit.DB	Autodesk/Revit/DB/__init__.py	20980	20995	GeometryObject	12
Solid3d	Autodesk.AutoCAD.DatabaseServices	Autodesk/AutoCAD/DatabaseServices/__init__.py	17802	17926	Entity	121
Solid3dMassProperties	Autodesk.AutoCAD.DatabaseServices	Autodesk/AutoCAD/DatabaseServices/__init__.py	17927	17938		8
SolidBackground	Autodesk.AutoCAD.DatabaseServices	Autodesk/AutoCAD/DatabaseServices/__init__.py	17939	17983	Background	41
SolidBackgroundTraits	Autodesk.AutoCAD.GraphicsInterface	Autodesk/AutoCAD/GraphicsInterface.py	1259	1286	NonEntityTraits	24
SolidBrush	System.Drawing	System/Drawing/__init__.py	12672	12783	Brush, ICloneable, IDisposable, ISystemColorTracker	0
SolidCurveIntersection	Autodesk.Revit.DB	Autodesk/Revit/DB/__init__.py	20996	21006		7
SolidCurveIntersectionMode	Autodesk.Revit.DB	Autodesk/Revit/DB/__init__.py	21007	21011		0
SolidCurveIntersectionOptions	Autodesk.Revit.DB	Autodesk/Revit/DB/__init__.py	21012	21018		3
SolidGeometry	Autodesk.Revit.DB	Autodesk/Revit/DB/__init__.py	21019	21023		0
SolidGeometryOptions	Autodesk.Revit.DB	Autodesk/Revit/DB/__init__.py	21024	21030		3
SolidGlass	Autodesk.Revit.DB.Visual	Autodesk/Revit/DB/Visual.py	844	858		11
SolidOptions	Autodesk.Revit.DB	Autodesk/Revit/DB/__init__.py	21031	21039		5
SolidOrShellTessellationControls	Autodesk.Revit.DB	Autodesk/Revit/DB/__init__.py	21040	21051		8
SolidSolidCutUtils	Autodesk.Revit.DB	Autodesk/Revit/DB/__init__.py	21052	21073		9
SolidUtils	Autodesk.Revit.DB	Autodesk/Revit/DB/__init__.py	21074	21093		8
SolidglassBumpEnableType	Autodesk.Revit.DB.Visual	Autodesk/Revit/DB/Visual.py	859	863		0
SolidglassTransmittanceType	Autodesk.Revit.DB.Visual	Autodesk/Revit/DB/Visual.py	864	868		0
SortOrder	System.Windows.Forms	System/Windows/Forms/__init__.py	193367	193413	Enum, IComparable, IFormattable, IConvertible	0
SortedDictionary	System.Collections.Generic	System/Collections/Generic.py	2802	3059	object, IDictionary[TKey, TValue], ICollection[KeyValuePair[TKey, TValue]], IEnumerable[KeyValuePair[TKey, TValue]], IEnumerable, IDictionary, ICollection, IReadOnlyDictionary[TKey, TValue], IReadOnlyCollection[KeyValuePair[TKey, TValue]]	0
SortedList	System.Collections	System/Collections/__init__.py	3411	3879	object, IDictionary, ICollection, IEnumerable, ICloneable	0
SortedList	System.Collections.Generic	System/Collections/Generic.py	3060	3388	object, IDictionary[TKey, TValue], ICollection[KeyValuePair[TKey, TValue]], IEnumerable[KeyValuePair[TKey, TValue]], IEnumerable, IDictionary, ICollection, IReadOnlyDictionary[TKey, TValue], IReadOnlyCollection[KeyValuePair[TKey, TValue]]	0
SortedSet	System.Collections.Generic	System/Collections/Generic.py	3389	3899	object, ISet[T], ICollection[T], IEnumerable[T], IEnumerable, ICollection, ISerializable, IDeserializationCallback, IReadOnlyCollection[T]	0
SortingOrder	Autodesk.Revit.DB	Autodesk/Revit/DB/__init__.py	21094	21098		0
Source	Autodesk.AutoCAD.GraphicsInterface	Autodesk/AutoCAD/GraphicsInterface.py	1287	1291		0
SourceToTypeConverter	Autodesk.AutoCAD.Windows.Data	Autodesk/AutoCAD/Windows/Data/__init__.py	1128	1135		4
SourceType	Autodesk.AutoCAD.DatabaseServices	Autodesk/AutoCAD/DatabaseServices/__init__.py	17984	17988		0
Space	Autodesk.Revit.DB.Mechanical	Autodesk/Revit/DB/Mechanical.py	1046	1135	SpatialElement	86
SpaceFilter	Autodesk.Revit.DB.Mechanical	Autodesk/Revit/DB/Mechanical.py	1136	1141	ElementSlowFilter	2
SpaceSet	Autodesk.Revit.DB.Mechanical	Autodesk/Revit/DB/Mechanical.py	1142	1155	APIObject	10
SpaceSetIterator	Autodesk.Revit.DB.Mechanical	Autodesk/Revit/DB/Mechanical.py	1156	1163	APIObject	4
SpaceTag	Autodesk.Revit.DB.Mechanical	Autodesk/Revit/DB/Mechanical.py	1164	1209	SpatialElementTag	42
SpaceTagFilter	Autodesk.Revit.DB.Mechanical	Autodesk/Revit/DB/Mechanical.py	1210	1215	ElementSlowFilter	2
SpaceTagType	Autodesk.Revit.DB.Mechanical	Autodesk/Revit/DB/Mechanical.py	1216	1254	FamilySymbol	35
SpaceType	Autodesk.Revit.DB.Mechanical	Autodesk/Revit/DB/Mechanical.py	1255	1259		0
SpacingRule	Autodesk.Revit.DB	Autodesk/Revit/DB/__init__.py	21099	21116	APIObject	14
SpacingRuleJustification	Autodesk.Revit.DB	Autodesk/Revit/DB/__init__.py	21117	21121		0
SpacingRuleLayout	Autodesk.Revit.DB	Autodesk/Revit/DB/__init__.py	21122	21126		0
SpanDirectionSymbol	Autodesk.Revit.DB	Autodesk/Revit/DB/__init__.py	21127	21175	IndependentTag	43
SpanningPipeLabel	Autodesk.Civil.DatabaseServices	Autodesk/Civil/DatabaseServices/__init__.py	20705	20866	FeatureLabel	156
SpanningPipeProfileLabel	Autodesk.Civil.DatabaseServices	Autodesk/Civil/DatabaseServices/__init__.py	20867	21028	FeatureLabel	156
SpatialElement	Autodesk.Revit.DB	Autodesk/Revit/DB/__init__.py	21176	21215	Element	36
SpatialElementBoundaryLocation	Autodesk.Revit.DB	Autodesk/Revit/DB/__init__.py	21216	21220		0
SpatialElementBoundaryOptions	Autodesk.Revit.DB	Autodesk/Revit/DB/__init__.py	21221	21228		4
SpatialElementBoundarySubface	Autodesk.Revit.DB	Autodesk/Revit/DB/__init__.py	21229	21241		9
SpatialElementCalculationLocation	Autodesk.Revit.DB	Autodesk/Revit/DB/__init__.py	21242	21273	Element	28
SpatialElementCalculationPoint	Autodesk.Revit.DB	Autodesk/Revit/DB/__init__.py	21274	21306	SpatialElementCalculationLocation	29
SpatialElementDomainData	Autodesk.Revit.DB	Autodesk/Revit/DB/__init__.py	21307	21312		2
SpatialElementFromToCalculationPoints	Autodesk.Revit.DB	Autodesk/Revit/DB/__init__.py	21313	21351	SpatialElementCalculationLocation	35
SpatialElementGeometryCalculator	Autodesk.Revit.DB	Autodesk/Revit/DB/__init__.py	21352	21363		6
SpatialElementGeometryResults	Autodesk.Revit.DB	Autodesk/Revit/DB/__init__.py	21364	21371		4
SpatialElementTag	Autodesk.Revit.DB	Autodesk/Revit/DB/__init__.py	21372	21416	Element	41
SpatialElementTagOrientation	Autodesk.Revit.DB	Autodesk/Revit/DB/__init__.py	21417	21421		0
SpatialElementType	Autodesk.Revit.DB	Autodesk/Revit/DB/__init__.py	21422	21426		0
SpatialFieldManager	Autodesk.Revit.DB.Analysis	Autodesk/Revit/DB/Analysis.py	1603	1662	Element	53
SpatialFieldPrimitiveHideMode	Autodesk.Revit.DB.Analysis	Autodesk/Revit/DB/Analysis.py	1663	1667		0
SpatialFilter	Autodesk.AutoCAD.DatabaseServices.Filters	Autodesk/AutoCAD/DatabaseServices/Filters.py	225	278	Filter	50
SpatialFilterDefinition	Autodesk.AutoCAD.DatabaseServices.Filters	Autodesk/AutoCAD/DatabaseServices/Filters.py	279	288		6
SpatialFilterVolume	Autodesk.AutoCAD.DatabaseServices.Filters	Autodesk/AutoCAD/DatabaseServices/Filters.py	289	296		4
SpatialIndex	Autodesk.AutoCAD.DatabaseServices.Filters	Autodesk/AutoCAD/DatabaseServices/Filters.py	297	344	Index	44
SpecTypeId	Autodesk.Revit.DB	Autodesk/Revit/DB/__init__.py	21427	21587		157
SpecUtils	Autodesk.Revit.DB	Autodesk/Revit/DB/__init__.py	21588	21597		3
SpecialType	Autodesk.Revit.DB	Autodesk/Revit/DB/__init__.py	21598	21602		0
SpecifyRotationType	Autodesk.Civil.Settings	Autodesk/Civil/Settings.py	7330	7334		0
Speckle	Autodesk.Revit.DB.Visual	Autodesk/Revit/DB/Visual.py	869	880		8
SpeedUnitType	Autodesk.Civil	Autodesk/Civil/__init__.py	1474	1478		0
Sphere	Autodesk.AutoCAD.Geometry	Autodesk/AutoCAD/Geometry.py	1861	1885	Surface	20
SphereSurface	Autodesk.Aec.Modeler	Autodesk/Aec/Modeler.py	489	503	RevolutionSurface	11
SphericalLightDistribution	Autodesk.Revit.DB.Lighting	Autodesk/Revit/DB/Lighting.py	227	231	LightDistribution	1
SpiralCurveType	Autodesk.Civil.DatabaseServices	Autodesk/Civil/DatabaseServices/__init__.py	21029	21033		0
SpiralDirectionType	Autodesk.Civil.DatabaseServices	Autodesk/Civil/DatabaseServices/__init__.py	21034	21038		0
SpiralParamType	Autodesk.Civil.DatabaseServices	Autodesk/Civil/DatabaseServices/__init__.py	21039	21043		0
SpiralType	Autodesk.Civil	Autodesk/Civil/__init__.py	1479	1483		0
Spline	Autodesk.AutoCAD.DatabaseServices	Autodesk/AutoCAD/DatabaseServices/__init__.py	17989	18101	Curve	109
SplineEntity2d	Autodesk.AutoCAD.Geometry	Autodesk/AutoCAD/Geometry.py	1886	1914	Curve2d	24
SplineEntity3d	Autodesk.AutoCAD.Geometry	Autodesk/AutoCAD/Geometry.py	1915	1943	Curve3d	24
SplineType	Autodesk.AutoCAD.DatabaseServices	Autodesk/AutoCAD/DatabaseServices/__init__.py	18102	18106		0
SplitButton	Autodesk.Revit.UI	Autodesk/Revit/UI/__init__.py	838	854	PulldownButton	13
SplitButtonData	Autodesk.Revit.UI	Autodesk/Revit/UI/__init__.py	855	866	PulldownButtonData	8
SplitContainer	System.Windows.Forms	System/Windows/Forms/__init__.py	193414	196005	ContainerControl, IComponent, IDisposable, IOleControl, IOleObject, IOleInPlaceObject, IOleInPlaceActiveObject, IOleWindow, IViewObject, IViewObject2, IPersist, IPersistStreamInit, IPersistPropertyBag, IPersistStorage, IQuickActivate, ISupportOleDropSource, IDropTarget, ISynchronizeInvoke, IWin32Window, IArrangedElement, IBindableComponent, IContainerControl, ISupportInitialize	0
SplitProfileViewCreationOptions	Autodesk.Civil.DatabaseServices	Autodesk/Civil/DatabaseServices/__init__.py	21044	21053		6
SplitStationType	Autodesk.Civil.DatabaseServices	Autodesk/Civil/DatabaseServices/__init__.py	21054	21058		0
Splitter	System.Windows.Forms	System/Windows/Forms/__init__.py	196006	198341	Control, IComponent, IDisposable, IOleControl, IOleObject, IOleInPlaceObject, IOleInPlaceActiveObject, IOleWindow, IViewObject, IViewObject2, IPersist, IPersistStreamInit, IPersistPropertyBag, IPersistStorage, IQuickActivate, ISupportOleDropSource, IDropTarget, ISynchronizeInvoke, IWin32Window, IArrangedElement, IBindableComponent	0
SplitterCancelEventArgs	System.Windows.Forms	System/Windows/Forms/__init__.py	198342	198404	CancelEventArgs	0
SplitterCancelEventHandler	System.Windows.Forms	System/Windows/Forms/__init__.py	198405	198509	MulticastDelegate, ICloneable, ISerializable	0
SplitterEventArgs	System.Windows.Forms	System/Windows/Forms/__init__.py	198510	198572	EventArgs	0
SplitterEventHandler	System.Windows.Forms	System/Windows/Forms/__init__.py	198573	198677	MulticastDelegate, ICloneable, ISerializable	0
SplitterPanel	System.Windows.Forms	System/Windows/Forms/__init__.py	198678	201071	Panel, IComponent, IDisposable, IOleControl, IOleObject, IOleInPlaceObject, IOleInPlaceActiveObject, IOleWindow, IViewObject, IViewObject2, IPersist, IPersistStreamInit, IPersistPropertyBag, IPersistStorage, IQuickActivate, ISupportOleDropSource, IDropTarget, ISynchronizeInvoke, IWin32Window, IArrangedElement, IBindableComponent	0
SpotDimension	Autodesk.Revit.DB	Autodesk/Revit/DB/__init__.py	21603	21661	Dimension	55
SpotDimensionType	Autodesk.Revit.DB	Autodesk/Revit/DB/__init__.py	21662	21702	DimensionType	37
SpotLightDistribution	Autodesk.Revit.DB.Lighting	Autodesk/Revit/DB/Lighting.py	232	239	LightDistribution	4
SpotLightTraits	Autodesk.AutoCAD.GraphicsInterface	Autodesk/AutoCAD/GraphicsInterface.py	1292	1330	StandardLightTraits	35
Stack	System.Collections	System/Collections/__init__.py	3880	4091	object, ICollection, IEnumerable, ICloneable	0
Stack	System.Collections.Generic	System/Collections/Generic.py	3900	4061	object, IEnumerable[T], IEnumerable, ICollection, IReadOnlyCollection[T]	0
StackOverflowException	System	System/__init__.py	33380	33421	SystemException, ISerializable, _Exception	0
StackedProfileViewsCreationOptions	Autodesk.Civil.DatabaseServices	Autodesk/Civil/DatabaseServices/__init__.py	21059	21067		5
StaggerLabelType	Autodesk.Civil.DatabaseServices.Styles	Autodesk/Civil/DatabaseServices/Styles.py	5689	5693		0
Stairs	Autodesk.Revit.DB.Architecture	Autodesk/Revit/DB/Architecture.py	936	983	Element	43
StairsComponentConnection	Autodesk.Revit.DB.Architecture	Autodesk/Revit/DB/Architecture.py	984	993		6
StairsComponentConnectionEndType	Autodesk.Revit.DB.Architecture	Autodesk/Revit/DB/Architecture.py	994	998		0
StairsConstructionMethod	Autodesk.Revit.DB.Architecture	Autodesk/Revit/DB/Architecture.py	999	1003		0
StairsEditScope	Autodesk.Revit.DB	Autodesk/Revit/DB/__init__.py	21703	21710	EditScope	4
StairsEndConnectionType	Autodesk.Revit.DB.Architecture	Autodesk/Revit/DB/Architecture.py	1004	1008		0
StairsEndNotchOption	Autodesk.Revit.DB.Architecture	Autodesk/Revit/DB/Architecture.py	1009	1013		0
StairsLanding	Autodesk.Revit.DB.Architecture	Autodesk/Revit/DB/Architecture.py	1014	1061	Element	40
StairsLandingType	Autodesk.Revit.DB.Architecture	Autodesk/Revit/DB/Architecture.py	1062	1098	ElementType	33
StairsNumberSystemReferenceOption	Autodesk.Revit.DB.Architecture	Autodesk/Revit/DB/Architecture.py	1099	1103		0
StairsPath	Autodesk.Revit.DB.Architecture	Autodesk/Revit/DB/Architecture.py	1104	1149	Element	39
StairsPathDirection	Autodesk.Revit.DB.Architecture	Autodesk/Revit/DB/Architecture.py	1150	1154		0
StairsPathLineShapeAtCorner	Autodesk.Revit.DB.Architecture	Autodesk/Revit/DB/Architecture.py	1155	1159		0
StairsPathType	Autodesk.Revit.DB.Architecture	Autodesk/Revit/DB/Architecture.py	1160	1205	ElementType	42
StairsRun	Autodesk.Revit.DB.Architecture	Autodesk/Revit/DB/Architecture.py	1206	1268	Element	53
StairsRunJustification	Autodesk.Revit.DB.Architecture	Autodesk/Revit/DB/Architecture.py	1269	1273		0
StairsRunStyle	Autodesk.Revit.DB.Architecture	Autodesk/Revit/DB/Architecture.py	1274	1278		0
StairsRunType	Autodesk.Revit.DB.Architecture	Autodesk/Revit/DB/Architecture.py	1279	1329	ElementType	47
StairsSupportTopsideSurfaceType	Autodesk.Revit.DB.Architecture	Autodesk/Revit/DB/Architecture.py	1330	1334		0
StairsTextOrientation	Autodesk.Revit.DB.Architecture	Autodesk/Revit/DB/Architecture.py	1335	1339		0
StairsType	Autodesk.Revit.DB.Architecture	Autodesk/Revit/DB/Architecture.py	1340	1392	ElementType	49
StairsUndersideSurfaceStyle	Autodesk.Revit.DB.Architecture	Autodesk/Revit/DB/Architecture.py	1393	1397		0
StairsWinderStyle	Autodesk.Revit.DB.Architecture	Autodesk/Revit/DB/Architecture.py	1398	1402		0
StandardConverter	Autodesk.AutoCAD.Windows.Data	Autodesk/AutoCAD/Windows/Data/__init__.py	1136	1143		4
StandardDisplaySetType	Autodesk.Aec.DatabaseServices	Autodesk/Aec/DatabaseServices.py	8103	8107		0
StandardLightTraits	Autodesk.AutoCAD.GraphicsInterface	Autodesk/AutoCAD/GraphicsInterface.py	1331	1361	LightTraits	27
StandardPointGroupQuery	Autodesk.Civil.DatabaseServices	Autodesk/Civil/DatabaseServices/__init__.py	21068	21085	PointGroupQuery	14
StandardPrintController	System.Drawing.Printing	System/Drawing/Printing.py	3146	3229	PrintController	0
StandardScaleType	Autodesk.AutoCAD.DatabaseServices	Autodesk/AutoCAD/DatabaseServices/__init__.py	18107	18111		0
StandardUcsPlane	Autodesk.AutoCAD.Windows.Data	Autodesk/AutoCAD/Windows/Data/__init__.py	1144	1155		8
StartingViewSettings	Autodesk.Revit.DB	Autodesk/Revit/DB/__init__.py	21711	21745	Element	30
StartupToolsEventArgs	Autodesk.AutoCAD.Internal	Autodesk/AutoCAD/Internal/__init__.py	2493	2497	EventArgs	1
StateEventIndex	Autodesk.AutoCAD.Windows	Autodesk/AutoCAD/Windows/__init__.py	493	497		0
StateFlags	Autodesk.Aec.Modeler	Autodesk/Aec/Modeler.py	504	508		0
StaticColumnsCommand	Autodesk.AutoCAD.Windows.Data	Autodesk/AutoCAD/Windows/Data/__init__.py	1156	1160	IPECommandBase	1
Station	Autodesk.Civil.DatabaseServices	Autodesk/Civil/DatabaseServices/__init__.py	21086	21093		4
StationDelimiterCharacterType	Autodesk.Civil	Autodesk/Civil/__init__.py	1484	1488		0
StationDelimiterPositionType	Autodesk.Civil	Autodesk/Civil/__init__.py	1489	1493		0
StationElevationLabel	Autodesk.Civil.DatabaseServices	Autodesk/Civil/DatabaseServices/__init__.py	21094	21247	FeatureLabel	149
StationEquation	Autodesk.Civil.DatabaseServices	Autodesk/Civil/DatabaseServices/__init__.py	21248	21255	CivilWrapper<AeccDbAlignment>	4
StationEquationCollection	Autodesk.Civil.DatabaseServices	Autodesk/Civil/DatabaseServices/__init__.py	21256	21266	CivilWrapper<AeccDbAlignment>	7
StationEquationType	Autodesk.Civil.DatabaseServices	Autodesk/Civil/DatabaseServices/__init__.py	21267	21271		0
StationFormatType	Autodesk.Civil	Autodesk/Civil/__init__.py	1494	1498		0
StationOffsetLabel	Autodesk.Civil.DatabaseServices	Autodesk/Civil/DatabaseServices/__init__.py	21272	21423	FeatureLabel	147
StationRangeType	Autodesk.Civil.DatabaseServices	Autodesk/Civil/DatabaseServices/__init__.py	21424	21428		0
StationRoundingType	Autodesk.Civil.DatabaseServices	Autodesk/Civil/DatabaseServices/__init__.py	21429	21433		0
StationTypes	Autodesk.Civil.DatabaseServices	Autodesk/Civil/DatabaseServices/__init__.py	21434	21438		0
StatusBar	Autodesk.AutoCAD.Windows	Autodesk/AutoCAD/Windows/__init__.py	498	508		7
StatusBar	System.Windows.Forms	System/Windows/Forms/__init__.py	201072	203362	Control, IComponent, IDisposable, IOleControl, IOleObject, IOleInPlaceObject, IOleInPlaceActiveObject, IOleWindow, IViewObject, IViewObject2, IPersist, IPersistStreamInit, IPersistPropertyBag, IPersistStorage, IQuickActivate, ISupportOleDropSource, IDropTarget, ISynchronizeInvoke, IWin32Window, IArrangedElement, IBindableComponent	0
StatusBarDrawItemEventArgs	System.Windows.Forms	System/Windows/Forms/__init__.py	203363	203394	DrawItemEventArgs	0
StatusBarDrawItemEventHandler	System.Windows.Forms	System/Windows/Forms/__init__.py	203395	203499	MulticastDelegate, ICloneable, ISerializable	0
StatusBarItem	Autodesk.AutoCAD.Windows	Autodesk/AutoCAD/Windows/__init__.py	509	521	DisposableWrapper	9
StatusBarMouseDownEventArgs	Autodesk.AutoCAD.Windows	Autodesk/AutoCAD/Windows/__init__.py	522	529	EventArgs	4
StatusBarMouseDownEventHandler	Autodesk.AutoCAD.Windows	Autodesk/AutoCAD/Windows/__init__.py	530	538		5
StatusBarPanel	System.Windows.Forms	System/Windows/Forms/__init__.py	203500	203809	Component, IComponent, IDisposable, ISupportInitialize	0
StatusBarPanelAutoSize	System.Windows.Forms	System/Windows/Forms/__init__.py	203810	203856	Enum, IComparable, IFormattable, IConvertible	0
StatusBarPanelBorderStyle	System.Windows.Forms	System/Windows/Forms/__init__.py	203857	203903	Enum, IComparable, IFormattable, IConvertible	0
StatusBarPanelClickEventArgs	System.Windows.Forms	System/Windows/Forms/__init__.py	203904	203929	MouseEventArgs	0
StatusBarPanelClickEventHandler	System.Windows.Forms	System/Windows/Forms/__init__.py	203930	204034	MulticastDelegate, ICloneable, ISerializable	0
StatusBarPanelStyle	System.Windows.Forms	System/Windows/Forms/__init__.py	204035	204080	Enum, IComparable, IFormattable, IConvertible	0
StatusStrip	System.Windows.Forms	System/Windows/Forms/__init__.py	204081	206586	ToolStrip, IComponent, IDisposable, IOleControl, IOleObject, IOleInPlaceObject, IOleInPlaceActiveObject, IOleWindow, IViewObject, IViewObject2, IPersist, IPersistStreamInit, IPersistPropertyBag, IPersistStorage, IQuickActivate, ISupportOleDropSource, IDropTarget, ISynchronizeInvoke, IWin32Window, IArrangedElement, IBindableComponent, ISupportToolStripPanel	0
StdConfiguration	Autodesk.AutoCAD.PlottingServices	Autodesk/AutoCAD/PlottingServices.py	484	488		0
StdPostedWarning	Autodesk.Revit.DB	Autodesk/Revit/DB/__init__.py	21746	21751		2
StdScaleType	Autodesk.AutoCAD.DatabaseServices	Autodesk/AutoCAD/DatabaseServices/__init__.py	18112	18116		0
SteelElementProperties	Autodesk.Revit.DB.Steel	Autodesk/Revit/DB/Steel.py	3	17	APIObject	7
StereoBehaviorMode	Autodesk.Navisworks.Api	Autodesk/Navisworks/Api/__init__.py	2068	2072		0
StereoParameters	Autodesk.AutoCAD.GraphicsSystem	Autodesk/AutoCAD/GraphicsSystem.py	318	323		2
StickSymbolLocation	Autodesk.Revit.DB	Autodesk/Revit/DB/__init__.py	21752	21756		0
StiffenerClassification	Autodesk.Revit.DB	Autodesk/Revit/DB/__init__.py	21757	21761		0
StirrupTieAttachmentType	Autodesk.Revit.DB.Structure	Autodesk/Revit/DB/Structure/__init__.py	3816	3820		0
Stone	Autodesk.Revit.DB.Visual	Autodesk/Revit/DB/Visual.py	881	894		10
StoneApplicationType	Autodesk.Revit.DB.Visual	Autodesk/Revit/DB/Visual.py	895	899		0
StoneBumpType	Autodesk.Revit.DB.Visual	Autodesk/Revit/DB/Visual.py	900	904		0
StonePatternType	Autodesk.Revit.DB.Visual	Autodesk/Revit/DB/Visual.py	905	909		0
StorageType	Autodesk.Revit.DB	Autodesk/Revit/DB/__init__.py	21762	21766		0
StreamAcad	Autodesk.Aec.DatabaseServices	Autodesk/Aec/DatabaseServices.py	8108	8220	RXObject	109
StreamBodyColorModeType	Autodesk.Aec.DatabaseServices	Autodesk/Aec/DatabaseServices.py	8221	8225		0
StreamCollectBodies	Autodesk.Aec.DatabaseServices	Autodesk/Aec/DatabaseServices.py	8226	8285	StreamAcad	56
StreamCollectClipBodies	Autodesk.Aec.DatabaseServices	Autodesk/Aec/DatabaseServices.py	8286	8349	StreamAcad	60
StreamCollectMaterials	Autodesk.Aec.DatabaseServices	Autodesk/Aec/DatabaseServices.py	8350	8417	StreamAcad	64
StreamColorToPropertiesMap	Autodesk.Aec.DatabaseServices	Autodesk/Aec/DatabaseServices.py	8418	8427	DisposableWrapper	6
StreamCurves	Autodesk.Aec.DatabaseServices	Autodesk/Aec/DatabaseServices.py	8428	8494	StreamAcad	63
StreamEntityType	Autodesk.Aec.DatabaseServices	Autodesk/Aec/DatabaseServices.py	8495	8499		0
StreamExplode	Autodesk.Aec.DatabaseServices	Autodesk/Aec/DatabaseServices.py	8500	8564	StreamAcad	61
StreamExtent	Autodesk.Aec.DatabaseServices	Autodesk/Aec/DatabaseServices.py	8565	8627	StreamAcad	59
StreamIntersect	Autodesk.Aec.DatabaseServices	Autodesk/Aec/DatabaseServices.py	8628	8686	StreamAcad	55
StreamSlice	Autodesk.Aec.DatabaseServices	Autodesk/Aec/DatabaseServices.py	8687	8747	StreamCollectBodies	57
StreamVector	Autodesk.Aec.DatabaseServices	Autodesk/Aec/DatabaseServices.py	8748	8805	StreamAcad	54
String	System	System/__init__.py	33435	33927	object	0
StringAlignment	System.Drawing	System/Drawing/__init__.py	12784	12830	Enum, IComparable, IFormattable, IConvertible	0
StringCollection	System.Collections.Specialized	System/Collections/Specialized.py	2373	2649	object, IList, ICollection, IEnumerable	0
StringComparer	System	System/__init__.py	33928	34097	object, IComparer, IEqualityComparer, IComparer[str], IEqualityComparer[str]	0
StringComparison	System	System/__init__.py	34098	34147	Enum, IComparable, IFormattable, IConvertible	0
StringDictionary	System.Collections.Specialized	System/Collections/Specialized.py	2650	2853	object, IEnumerable	0
StringDigitSubstitute	System.Drawing	System/Drawing/__init__.py	12831	12878	Enum, IComparable, IFormattable, IConvertible	0
StringEnumerator	System.Collections.Specialized	System/Collections/Specialized.py	2854	2891	object	0
StringField	Autodesk.Navisworks.Api.Schema	Autodesk/Navisworks/Api/Schema.py	259	274	SimpleField	10
StringFormat	System.Drawing	System/Drawing/__init__.py	12879	13180	MarshalByRefObject, ICloneable, IDisposable	0
StringFormatFlags	System.Drawing	System/Drawing/__init__.py	13181	13233	Enum, IComparable, IFormattable, IConvertible	0
StringPair	Autodesk.Aec.DatabaseServices	Autodesk/Aec/DatabaseServices.py	8806	8811		2
StringPairCollection	Autodesk.Aec.DatabaseServices	Autodesk/Aec/DatabaseServices.py	8812	8827		12
StringParameterValue	Autodesk.Revit.DB	Autodesk/Revit/DB/__init__.py	21767	21772	ParameterValue	2
StringProperty	System.Windows.Forms.VisualStyles	System/Windows/Forms/VisualStyles.py	1695	1739	Enum, IComparable, IFormattable, IConvertible	0
StringSplitOptions	System	System/__init__.py	34148	34193	Enum, IComparable, IFormattable, IConvertible	0
StringTrimming	System.Drawing	System/Drawing/__init__.py	13234	13283	Enum, IComparable, IFormattable, IConvertible	0
StringUnit	System.Drawing	System/Drawing/__init__.py	13284	13335	Enum, IComparable, IFormattable, IConvertible	0
StringsAttribute	Autodesk.Navisworks.Api.Plugins	Autodesk/Navisworks/Api/Plugins.py	620	625	Attribute	2
StripedRowPattern	Autodesk.Revit.DB	Autodesk/Revit/DB/__init__.py	21773	21777		0
StructDeckEmbeddingType	Autodesk.Revit.DB	Autodesk/Revit/DB/__init__.py	21778	21782		0
StructField	Autodesk.Navisworks.Api.Schema	Autodesk/Navisworks/Api/Schema.py	275	288	GroupField	8
StructFormat	System.Windows.Forms	System/Windows/Forms/__init__.py	206587	206633	Enum, IComparable, IFormattable, IConvertible	0
StructuralAsset	Autodesk.Revit.DB	Autodesk/Revit/DB/__init__.py	21783	21820		34
StructuralAssetClass	Autodesk.Revit.DB	Autodesk/Revit/DB/__init__.py	21821	21825		0
StructuralBehavior	Autodesk.Revit.DB	Autodesk/Revit/DB/__init__.py	21826	21830		0
StructuralComparisons	System.Collections	System/Collections/__init__.py	4092	4101	object	0
StructuralConnectionApplyTo	Autodesk.Revit.DB.Structure	Autodesk/Revit/DB/Structure/__init__.py	3821	3825		0
StructuralConnectionApprovalType	Autodesk.Revit.DB.Structure	Autodesk/Revit/DB/Structure/__init__.py	3826	3866	ElementType	34
StructuralConnectionCodeCheckingStatus	Autodesk.Revit.DB.Structure	Autodesk/Revit/DB/Structure/__init__.py	3867	3871		0
StructuralConnectionHandler	Autodesk.Revit.DB.Structure	Autodesk/Revit/DB/Structure/__init__.py	3872	3922	Element	45
StructuralConnectionHandlerType	Autodesk.Revit.DB.Structure	Autodesk/Revit/DB/Structure/__init__.py	3923	3973	ElementType	41
StructuralConnectionSettings	Autodesk.Revit.DB.Structure	Autodesk/Revit/DB/Structure/__init__.py	3974	4007	Element	29
StructuralConnectionType	Autodesk.Revit.DB.Structure	Autodesk/Revit/DB/Structure/__init__.py	4008	4051	ElementType	37
StructuralElementDefinitionData	Autodesk.Revit.DB.Structure.StructuralSections	Autodesk/Revit/DB/Structure/StructuralSections.py	3	19		13
StructuralFramingUtils	Autodesk.Revit.DB.Structure	Autodesk/Revit/DB/Structure/__init__.py	4052	4075		10
StructuralInstanceUsage	Autodesk.Revit.DB.Structure	Autodesk/Revit/DB/Structure/__init__.py	4076	4080		0
StructuralInstanceUsageFilter	Autodesk.Revit.DB.Structure	Autodesk/Revit/DB/Structure/__init__.py	4081	4087	ElementSlowFilter	3
StructuralMaterialType	Autodesk.Revit.DB.Structure	Autodesk/Revit/DB/Structure/__init__.py	4088	4092		0
StructuralMaterialTypeFilter	Autodesk.Revit.DB.Structure	Autodesk/Revit/DB/Structure/__init__.py	4093	4099	ElementSlowFilter	3
StructuralReleaseType	Autodesk.Revit.DB	Autodesk/Revit/DB/__init__.py	21831	21835		0
StructuralSection	Autodesk.Revit.DB.Structure.StructuralSections	Autodesk/Revit/DB/Structure/StructuralSections.py	20	47		24
StructuralSectionAnalysisParams	Autodesk.Revit.DB.Structure.StructuralSections	Autodesk/Revit/DB/Structure/StructuralSections.py	48	68		17
StructuralSectionCParallelFlange	Autodesk.Revit.DB.Structure.StructuralSections	Autodesk/Revit/DB/Structure/StructuralSections.py	69	110	StructuralSectionGeneralU	38
StructuralSectionCProfile	Autodesk.Revit.DB.Structure.StructuralSections	Autodesk/Revit/DB/Structure/StructuralSections.py	111	144	StructuralSectionGeneralC	30
StructuralSectionCProfileWithFold	Autodesk.Revit.DB.Structure.StructuralSections	Autodesk/Revit/DB/Structure/StructuralSections.py	145	179	StructuralSectionGeneralCEx	31
StructuralSectionCProfileWithLips	Autodesk.Revit.DB.Structure.StructuralSections	Autodesk/Revit/DB/Structure/StructuralSections.py	180	213	StructuralSectionGeneralC	30
StructuralSectionCSlopedFlange	Autodesk.Revit.DB.Structure.StructuralSections	Autodesk/Revit/DB/Structure/StructuralSections.py	214	255	StructuralSectionGeneralU	38
StructuralSectionColdFormed	Autodesk.Revit.DB.Structure.StructuralSections	Autodesk/Revit/DB/Structure/StructuralSections.py	256	288	StructuralSectionRectangular	29
StructuralSectionConcreteCross	Autodesk.Revit.DB.Structure.StructuralSections	Autodesk/Revit/DB/Structure/StructuralSections.py	289	320	StructuralSectionRectangular	28
StructuralSectionConcreteI	Autodesk.Revit.DB.Structure.StructuralSections	Autodesk/Revit/DB/Structure/StructuralSections.py	321	355	StructuralSectionRectangular	31
StructuralSectionConcreteL	Autodesk.Revit.DB.Structure.StructuralSections	Autodesk/Revit/DB/Structure/StructuralSections.py	356	387	StructuralSectionRectangular	28
StructuralSectionConcretePolygon	Autodesk.Revit.DB.Structure.StructuralSections	Autodesk/Revit/DB/Structure/StructuralSections.py	388	418	StructuralSectionRound	27
StructuralSectionConcreteRectangle	Autodesk.Revit.DB.Structure.StructuralSections	Autodesk/Revit/DB/Structure/StructuralSections.py	419	448	StructuralSectionRectangular	26
StructuralSectionConcreteRectangleCut	Autodesk.Revit.DB.Structure.StructuralSections	Autodesk/Revit/DB/Structure/StructuralSections.py	449	482	StructuralSectionRectangular	30
StructuralSectionConcreteRound	Autodesk.Revit.DB.Structure.StructuralSections	Autodesk/Revit/DB/Structure/StructuralSections.py	483	511	StructuralSectionRound	25
StructuralSectionConcreteT	Autodesk.Revit.DB.Structure.StructuralSections	Autodesk/Revit/DB/Structure/StructuralSections.py	512	543	StructuralSectionRectangular	28
StructuralSectionErrorCode	Autodesk.Revit.DB.Structure.StructuralSections	Autodesk/Revit/DB/Structure/StructuralSections.py	544	548		0
StructuralSectionGeneralC	Autodesk.Revit.DB.Structure.StructuralSections	Autodesk/Revit/DB/Structure/StructuralSections.py	549	582	StructuralSectionColdFormed	30
StructuralSectionGeneralCEx	Autodesk.Revit.DB.Structure.StructuralSections	Autodesk/Revit/DB/Structure/StructuralSections.py	583	617	StructuralSectionColdFormed	31
StructuralSectionGeneralF	Autodesk.Revit.DB.Structure.StructuralSections	Autodesk/Revit/DB/Structure/StructuralSections.py	618	647	StructuralSectionRectangular	26
StructuralSectionGeneralH	Autodesk.Revit.DB.Structure.StructuralSections	Autodesk/Revit/DB/Structure/StructuralSections.py	648	681	StructuralSectionRectangular	30
StructuralSectionGeneralI	Autodesk.Revit.DB.Structure.StructuralSections	Autodesk/Revit/DB/Structure/StructuralSections.py	682	722	StructuralSectionHotRolled	37
StructuralSectionGeneralLA	Autodesk.Revit.DB.Structure.StructuralSections	Autodesk/Revit/DB/Structure/StructuralSections.py	723	756	StructuralSectionColdFormed	30
StructuralSectionGeneralLZ	Autodesk.Revit.DB.Structure.StructuralSections	Autodesk/Revit/DB/Structure/StructuralSections.py	757	791	StructuralSectionColdFormed	31
StructuralSectionGeneralR	Autodesk.Revit.DB.Structure.StructuralSections	Autodesk/Revit/DB/Structure/StructuralSections.py	792	822	StructuralSectionRound	27
StructuralSectionGeneralS	Autodesk.Revit.DB.Structure.StructuralSections	Autodesk/Revit/DB/Structure/StructuralSections.py	823	851	StructuralSectionRound	25
StructuralSectionGeneralShape	Autodesk.Revit.DB.Structure.StructuralSections	Autodesk/Revit/DB/Structure/StructuralSections.py	852	856		0
StructuralSectionGeneralT	Autodesk.Revit.DB.Structure.StructuralSections	Autodesk/Revit/DB/Structure/StructuralSections.py	857	900	StructuralSectionHotRolled	40
StructuralSectionGeneralU	Autodesk.Revit.DB.Structure.StructuralSections	Autodesk/Revit/DB/Structure/StructuralSections.py	901	941	StructuralSectionHotRolled	37
StructuralSectionGeneralW	Autodesk.Revit.DB.Structure.StructuralSections	Autodesk/Revit/DB/Structure/StructuralSections.py	942	978	StructuralSectionHotRolled	33
StructuralSectionHotRolled	Autodesk.Revit.DB.Structure.StructuralSections	Autodesk/Revit/DB/Structure/StructuralSections.py	979	1013	StructuralSectionRectangular	31
StructuralSectionIParallelFlange	Autodesk.Revit.DB.Structure.StructuralSections	Autodesk/Revit/DB/Structure/StructuralSections.py	1014	1055	StructuralSectionGeneralI	38
StructuralSectionISlopedFlange	Autodesk.Revit.DB.Structure.StructuralSections	Autodesk/Revit/DB/Structure/StructuralSections.py	1056	1097	StructuralSectionGeneralI	38
StructuralSectionISplitParallelFlange	Autodesk.Revit.DB.Structure.StructuralSections	Autodesk/Revit/DB/Structure/StructuralSections.py	1098	1141	StructuralSectionGeneralT	40
StructuralSectionISplitSlopedFlange	Autodesk.Revit.DB.Structure.StructuralSections	Autodesk/Revit/DB/Structure/StructuralSections.py	1142	1185	StructuralSectionGeneralT	40
StructuralSectionIWelded	Autodesk.Revit.DB.Structure.StructuralSections	Autodesk/Revit/DB/Structure/StructuralSections.py	1186	1221	StructuralSectionRectangular	32
StructuralSectionIWideFlange	Autodesk.Revit.DB.Structure.StructuralSections	Autodesk/Revit/DB/Structure/StructuralSections.py	1222	1263	StructuralSectionHotRolled	38
StructuralSectionLAngle	Autodesk.Revit.DB.Structure.StructuralSections	Autodesk/Revit/DB/Structure/StructuralSections.py	1264	1305	StructuralSectionGeneralW	38
StructuralSectionLProfile	Autodesk.Revit.DB.Structure.StructuralSections	Autodesk/Revit/DB/Structure/StructuralSections.py	1306	1339	StructuralSectionGeneralLA	30
StructuralSectionLProfileWithLips	Autodesk.Revit.DB.Structure.StructuralSections	Autodesk/Revit/DB/Structure/StructuralSections.py	1340	1373	StructuralSectionGeneralLA	30
StructuralSectionPipeStandard	Autodesk.Revit.DB.Structure.StructuralSections	Autodesk/Revit/DB/Structure/StructuralSections.py	1374	1404	StructuralSectionGeneralR	27
StructuralSectionPolygonDefinition	Autodesk.Revit.DB.Structure.StructuralSections	Autodesk/Revit/DB/Structure/StructuralSections.py	1405	1409		0
StructuralSectionRectangleHSS	Autodesk.Revit.DB.Structure.StructuralSections	Autodesk/Revit/DB/Structure/StructuralSections.py	1410	1443	StructuralSectionGeneralH	30
StructuralSectionRectangleParameterized	Autodesk.Revit.DB.Structure.StructuralSections	Autodesk/Revit/DB/Structure/StructuralSections.py	1444	1473	StructuralSectionGeneralF	26
StructuralSectionRectangular	Autodesk.Revit.DB.Structure.StructuralSections	Autodesk/Revit/DB/Structure/StructuralSections.py	1474	1503	StructuralSection	26
StructuralSectionRectangularBar	Autodesk.Revit.DB.Structure.StructuralSections	Autodesk/Revit/DB/Structure/StructuralSections.py	1504	1533	StructuralSectionGeneralF	26
StructuralSectionRound	Autodesk.Revit.DB.Structure.StructuralSections	Autodesk/Revit/DB/Structure/StructuralSections.py	1534	1562	StructuralSection	25
StructuralSectionRoundBar	Autodesk.Revit.DB.Structure.StructuralSections	Autodesk/Revit/DB/Structure/StructuralSections.py	1563	1591	StructuralSectionGeneralS	25
StructuralSectionRoundHSS	Autodesk.Revit.DB.Structure.StructuralSections	Autodesk/Revit/DB/Structure/StructuralSections.py	1592	1622	StructuralSectionGeneralR	27
StructuralSectionShape	Autodesk.Revit.DB.Structure.StructuralSections	Autodesk/Revit/DB/Structure/StructuralSections.py	1623	1627		0
StructuralSectionSigmaProfile	Autodesk.Revit.DB.Structure.StructuralSections	Autodesk/Revit/DB/Structure/StructuralSections.py	1628	1663	StructuralSectionColdFormed	32
StructuralSectionSigmaProfileWithFold	Autodesk.Revit.DB.Structure.StructuralSections	Autodesk/Revit/DB/Structure/StructuralSections.py	1664	1701	StructuralSectionColdFormed	34
StructuralSectionSigmaProfileWithLips	Autodesk.Revit.DB.Structure.StructuralSections	Autodesk/Revit/DB/Structure/StructuralSections.py	1702	1738	StructuralSectionColdFormed	33
StructuralSectionStructuralTees	Autodesk.Revit.DB.Structure.StructuralSections	Autodesk/Revit/DB/Structure/StructuralSections.py	1739	1782	StructuralSectionGeneralT	40
StructuralSectionUserDefined	Autodesk.Revit.DB.Structure.StructuralSections	Autodesk/Revit/DB/Structure/StructuralSections.py	1783	1812	StructuralSectionRectangular	26
StructuralSectionUtils	Autodesk.Revit.DB.Structure.StructuralSections	Autodesk/Revit/DB/Structure/StructuralSections.py	1813	1822		3
StructuralSectionZProfile	Autodesk.Revit.DB.Structure.StructuralSections	Autodesk/Revit/DB/Structure/StructuralSections.py	1823	1857	StructuralSectionGeneralLZ	31
StructuralSectionZProfileWithLips	Autodesk.Revit.DB.Structure.StructuralSections	Autodesk/Revit/DB/Structure/StructuralSections.py	1858	1892	StructuralSectionGeneralLZ	31
StructuralSectionsServiceData	Autodesk.Revit.DB.Structure	Autodesk/Revit/DB/Structure/__init__.py	4100	4107		4
StructuralSettings	Autodesk.Revit.DB.Structure	Autodesk/Revit/DB/Structure/__init__.py	4108	4158	Element	46
StructuralType	Autodesk.Revit.DB.Structure	Autodesk/Revit/DB/Structure/__init__.py	4159	4163		0
StructuralWallUsage	Autodesk.Revit.DB.Structure	Autodesk/Revit/DB/Structure/__init__.py	4164	4168		0
StructuralWallUsageFilter	Autodesk.Revit.DB.Structure	Autodesk/Revit/DB/Structure/__init__.py	4169	4175	ElementSlowFilter	3
Structure	Autodesk.Civil.DatabaseServices	Autodesk/Civil/DatabaseServices/__init__.py	21439	21658	Part	216
StructureColumnComponentData	Autodesk.Civil.DatabaseServices.Styles	Autodesk/Civil/DatabaseServices/Styles.py	5694	5700	CivilWrapper<tableCellComponentVec>	3
StructureColumnComponentType	Autodesk.Civil	Autodesk/Civil/__init__.py	1499	1503		0
StructureColumnComponents	Autodesk.Civil.DatabaseServices.Styles	Autodesk/Civil/DatabaseServices/Styles.py	5701	5710	CivilWrapper<tableCellComponentVec>	6
StructureColumnStyle	Autodesk.Civil.DatabaseServices.Styles	Autodesk/Civil/DatabaseServices/Styles.py	5711	5723	ColumnStyle	9
StructureControlSumpType	Autodesk.Civil.DatabaseServices	Autodesk/Civil/DatabaseServices/__init__.py	21659	21663		0
StructureDisplayStylePlanType	Autodesk.Civil.DatabaseServices.Styles	Autodesk/Civil/DatabaseServices/Styles.py	5724	5728		0
StructureDisplayStyleProfileType	Autodesk.Civil.DatabaseServices.Styles	Autodesk/Civil/DatabaseServices/Styles.py	5729	5733		0
StructureDisplayStyleSectionType	Autodesk.Civil.DatabaseServices.Styles	Autodesk/Civil/DatabaseServices/Styles.py	5734	5738		0
StructureInsertionLocation	Autodesk.Civil.DatabaseServices.Styles	Autodesk/Civil/DatabaseServices/Styles.py	5739	5743		0
StructureLabel	Autodesk.Civil.DatabaseServices	Autodesk/Civil/DatabaseServices/__init__.py	21664	21816	FeatureLabel	147
StructureModelViewOptionType	Autodesk.Civil.DatabaseServices.Styles	Autodesk/Civil/DatabaseServices/Styles.py	5744	5748		0
StructureOverride	Autodesk.Civil.DatabaseServices	Autodesk/Civil/DatabaseServices/__init__.py	21817	21826	GraphOverride	6
StructureOverrideCollection	Autodesk.Civil.DatabaseServices	Autodesk/Civil/DatabaseServices/__init__.py	21827	21835	GraphOverrideCollection	5
StructurePlanViewType	Autodesk.Civil.DatabaseServices.Styles	Autodesk/Civil/DatabaseServices/Styles.py	5749	5753		0
StructureProfileLabel	Autodesk.Civil.DatabaseServices	Autodesk/Civil/DatabaseServices/__init__.py	21836	21988	PartProfileLabel	147
StructureProfileLabelPlacementType	Autodesk.Civil	Autodesk/Civil/__init__.py	1504	1508		0
StructureRuleSetStyle	Autodesk.Civil.DatabaseServices.Styles	Autodesk/Civil/DatabaseServices/Styles.py	5754	5807	NetworkRuleSetStyle	50
StructureRuleSetStyleCollection	Autodesk.Civil.DatabaseServices.Styles	Autodesk/Civil/DatabaseServices/Styles.py	5808	5818	StyleCollectionBase	7
StructureSectionLabel	Autodesk.Civil.DatabaseServices	Autodesk/Civil/DatabaseServices/__init__.py	21989	22141	PartSectionLabel	147
StructureSimpleSolidType	Autodesk.Civil.DatabaseServices.Styles	Autodesk/Civil/DatabaseServices/Styles.py	5819	5823		0
StructureSizeOptionsType	Autodesk.Civil.DatabaseServices.Styles	Autodesk/Civil/DatabaseServices/Styles.py	5824	5828		0
StructureStyle	Autodesk.Civil.DatabaseServices.Styles	Autodesk/Civil/DatabaseServices/Styles.py	5829	5892	StyleBase	60
StructureStyleCollection	Autodesk.Civil.DatabaseServices.Styles	Autodesk/Civil/DatabaseServices/Styles.py	5893	5903	StyleCollectionBase	7
StructureStyleModelOption	Autodesk.Civil.DatabaseServices.Styles	Autodesk/Civil/DatabaseServices/Styles.py	5904	5909	CivilWrapper<AeccDbStructureStyle>	2
StructureStyleOptionBase	Autodesk.Civil.DatabaseServices.Styles	Autodesk/Civil/DatabaseServices/Styles.py	5910	5925	CivilWrapper<AeccDbStructureStyle>	12
StructureStylePlanOption	Autodesk.Civil.DatabaseServices.Styles	Autodesk/Civil/DatabaseServices/Styles.py	5926	5938	CivilWrapper<AeccDbStructureStyle>	9
StructureStyleProfileOption	Autodesk.Civil.DatabaseServices.Styles	Autodesk/Civil/DatabaseServices/Styles.py	5939	5954	StructureStyleOptionBase	12
StructureStyleSectionOption	Autodesk.Civil.DatabaseServices.Styles	Autodesk/Civil/DatabaseServices/Styles.py	5955	5970	StructureStyleOptionBase	12
StructureViewType	Autodesk.Civil.DatabaseServices.Styles	Autodesk/Civil/DatabaseServices/Styles.py	5971	5975		0
StyleBase	Autodesk.Civil.DatabaseServices.Styles	Autodesk/Civil/DatabaseServices/Styles.py	5976	6031	DBObject	51
StyleCollectionBase	Autodesk.Civil.DatabaseServices.Styles	Autodesk/Civil/DatabaseServices/Styles.py	6032	6043	TreeNodeCollectionBase	8
StyleConflictResolverType	Autodesk.Civil	Autodesk/Civil/__init__.py	1509	1513		0
StylesRoot	Autodesk.Civil.DatabaseServices.Styles	Autodesk/Civil/DatabaseServices/Styles.py	6044	6099	TreeOidWrapper	52
SubDMesh	Autodesk.AutoCAD.DatabaseServices	Autodesk/AutoCAD/DatabaseServices/__init__.py	18117	18248	Entity	127
SubEntity	Autodesk.AutoCAD.Windows.Data	Autodesk/AutoCAD/Windows/Data/__init__.py	1161	1168		3
SubEntityTraits	Autodesk.AutoCAD.GraphicsInterface	Autodesk/AutoCAD/GraphicsInterface.py	1362	1387	RXObject	22
SubMenuItem	Autodesk.Revit.UI	Autodesk/Revit/UI/__init__.py	867	871	MenuItem	1
SubSetting	Autodesk.AutoCAD.Internal	Autodesk/AutoCAD/Internal/__init__.py	2498	2505		2
SubTransaction	Autodesk.Revit.DB	Autodesk/Revit/DB/__init__.py	21836	21847		8
Subassembly	Autodesk.Civil.DatabaseServices	Autodesk/Civil/DatabaseServices/__init__.py	22142	22292	GeoEntity	147
SubassemblyCollection	Autodesk.Civil.DatabaseServices	Autodesk/Civil/DatabaseServices/__init__.py	22293	22308	CivilWrapper<AcDbDatabase>	12
SubassemblyGenerator	Autodesk.Civil.DatabaseServices	Autodesk/Civil/DatabaseServices/__init__.py	22309	22315		3
SubassemblyGeometryGenerateMode	Autodesk.Civil.DatabaseServices	Autodesk/Civil/DatabaseServices/__init__.py	22316	22320		0
SubassemblyLogicalNameType	Autodesk.Civil.DatabaseServices	Autodesk/Civil/DatabaseServices/__init__.py	22321	22325		0
SubassemblyNameType	Autodesk.Civil	Autodesk/Civil/__init__.py	1514	1518		0
SubassemblySideType	Autodesk.Civil.DatabaseServices	Autodesk/Civil/DatabaseServices/__init__.py	22326	22330		0
SubassemblyStatus	Autodesk.Civil.DatabaseServices	Autodesk/Civil/DatabaseServices/__init__.py	22331	22335		0
SubassemblySubentityStyle	Autodesk.Civil.DatabaseServices.Styles	Autodesk/Civil/DatabaseServices/Styles.py	6100	6153	StyleBase	50
SubassemblySubentityStyleType	Autodesk.Civil.DatabaseServices.Styles	Autodesk/Civil/DatabaseServices/Styles.py	6154	6158		0
SubassemblyTargetInfo	Autodesk.Civil.DatabaseServices	Autodesk/Civil/DatabaseServices/__init__.py	22336	22350	DisposableWrapper	11
SubassemblyTargetInfoCollection	Autodesk.Civil.DatabaseServices	Autodesk/Civil/DatabaseServices/__init__.py	22351	22361	DisposableWrapper	7
SubassemblyTargetToOption	Autodesk.Civil.DatabaseServices	Autodesk/Civil/DatabaseServices/__init__.py	22362	22366		0
Subelement	Autodesk.Revit.DB	Autodesk/Revit/DB/__init__.py	21848	21874		21
SubentRef	Autodesk.AutoCAD.DatabaseServices	Autodesk/AutoCAD/DatabaseServices/__init__.py	18249	18261	GeomRef	9
SubentityGeometry	Autodesk.AutoCAD.DatabaseServices	Autodesk/AutoCAD/DatabaseServices/__init__.py	18262	18268		3
SubentityId	Autodesk.AutoCAD.DatabaseServices	Autodesk/AutoCAD/DatabaseServices/__init__.py	18269	18279		7
SubentityOverrule	Autodesk.AutoCAD.DatabaseServices	Autodesk/AutoCAD/DatabaseServices/__init__.py	18280	18303	Overrule	20
SubentityType	Autodesk.AutoCAD.DatabaseServices	Autodesk/AutoCAD/DatabaseServices/__init__.py	18304	18308		0
SubfaceType	Autodesk.Revit.DB	Autodesk/Revit/DB/__init__.py	21875	21879		0
SubtractedKeywords	Autodesk.AutoCAD.EditorInput	Autodesk/AutoCAD/EditorInput.py	1394	1398		0
Sun	Autodesk.AutoCAD.DatabaseServices	Autodesk/AutoCAD/DatabaseServices/__init__.py	18309	18362	DBObject	50
SunAndShadowSettings	Autodesk.Revit.DB	Autodesk/Revit/DB/__init__.py	21880	21948	Element	63
SunAndShadowType	Autodesk.Revit.DB	Autodesk/Revit/DB/__init__.py	21949	21953		0
SunStudyTimeInterval	Autodesk.Revit.DB	Autodesk/Revit/DB/__init__.py	21954	21958		0
SunViewportMonitorEventManager	Autodesk.AutoCAD.Internal.Reactors	Autodesk/AutoCAD/Internal/Reactors.py	168	173		1
SuperElevationBandLabelGroup	Autodesk.Civil.DatabaseServices	Autodesk/Civil/DatabaseServices/__init__.py	22367	22507	ProfileBandLabelGroup	135
SuperElevationViewDisplayStyleType	Autodesk.Civil	Autodesk/Civil/__init__.py	1519	1523		0
SuperelevationAttainmentRegionType	Autodesk.Civil	Autodesk/Civil/__init__.py	1524	1528		0
SuperelevationCorridorType	Autodesk.Civil	Autodesk/Civil/__init__.py	1529	1533		0
SuperelevationCriticalStation	Autodesk.Civil.DatabaseServices	Autodesk/Civil/DatabaseServices/__init__.py	22508	22525		14
SuperelevationCriticalStationCollection	Autodesk.Civil.DatabaseServices	Autodesk/Civil/DatabaseServices/__init__.py	22526	22538		9
SuperelevationCriticalStationType	Autodesk.Civil	Autodesk/Civil/__init__.py	1534	1538		0
SuperelevationCrossSegmentType	Autodesk.Civil	Autodesk/Civil/__init__.py	1539	1543		0
SuperelevationCurve	Autodesk.Civil.DatabaseServices	Autodesk/Civil/DatabaseServices/__init__.py	22539	22548	SECurve	6
SuperelevationCurveCollection	Autodesk.Civil.DatabaseServices	Autodesk/Civil/DatabaseServices/__init__.py	22549	22561		8
SuperelevationDataBandStyle	Autodesk.Civil.DatabaseServices.Styles	Autodesk/Civil/DatabaseServices/Styles.py	6159	6235	BandStyle	73
SuperelevationDataDisplayStyleType	Autodesk.Civil.DatabaseServices.Styles	Autodesk/Civil/DatabaseServices/Styles.py	6236	6240		0
SuperelevationPointType	Autodesk.Civil	Autodesk/Civil/__init__.py	1544	1548		0
SuperelevationStationRoundingType	Autodesk.Civil	Autodesk/Civil/__init__.py	1549	1553		0
SuperelevationTransitionRegionType	Autodesk.Civil	Autodesk/Civil/__init__.py	1554	1558		0
SuperelevationType	Autodesk.Civil.DatabaseServices	Autodesk/Civil/DatabaseServices/__init__.py	22562	22566		0
SuperelevationView	Autodesk.Civil.DatabaseServices	Autodesk/Civil/DatabaseServices/__init__.py	22567	22694	Entity	123
SuperelevationViewStyle	Autodesk.Civil.DatabaseServices.Styles	Autodesk/Civil/DatabaseServices/Styles.py	6241	6301	StyleBase	57
SuperelevationViewStyleCollection	Autodesk.Civil.DatabaseServices.Styles	Autodesk/Civil/DatabaseServices/Styles.py	6302	6312	StyleCollectionBase	7
SupportProject	Autodesk.AutoCAD.Internal	Autodesk/AutoCAD/Internal/__init__.py	2506	2511		2
SupportProjectManager	Autodesk.AutoCAD.Internal	Autodesk/AutoCAD/Internal/__init__.py	2512	2521		4
Surface	Autodesk.Aec.Modeler	Autodesk/Aec/Modeler.py	509	523	Entity	11
Surface	Autodesk.AutoCAD.DatabaseServices	Autodesk/AutoCAD/DatabaseServices/__init__.py	18363	18491	Entity	113
Surface	Autodesk.AutoCAD.Geometry	Autodesk/AutoCAD/Geometry.py	1944	1963	Entity3d	15
Surface	Autodesk.Civil.DatabaseServices	Autodesk/Civil/DatabaseServices/__init__.py	22695	22835	Entity	137
Surface	Autodesk.Revit.DB	Autodesk/Revit/DB/__init__.py	21959	21969		7
SurfaceAnalysis	Autodesk.Civil.DatabaseServices	Autodesk/Civil/DatabaseServices/__init__.py	22836	22855		16
SurfaceAnalysisContourData	Autodesk.Civil.DatabaseServices	Autodesk/Civil/DatabaseServices/__init__.py	22856	22864		5
SurfaceAnalysisDirectionData	Autodesk.Civil.DatabaseServices	Autodesk/Civil/DatabaseServices/__init__.py	22865	22873		5
SurfaceAnalysisElevationData	Autodesk.Civil.DatabaseServices	Autodesk/Civil/DatabaseServices/__init__.py	22874	22882		5
SurfaceAnalysisSlopeArrowData	Autodesk.Civil.DatabaseServices	Autodesk/Civil/DatabaseServices/__init__.py	22883	22891		5
SurfaceAnalysisSlopeData	Autodesk.Civil.DatabaseServices	Autodesk/Civil/DatabaseServices/__init__.py	22892	22900		5
SurfaceAnalysisUserDefinedContourData	Autodesk.Civil.DatabaseServices	Autodesk/Civil/DatabaseServices/__init__.py	22901	22911		7
SurfaceAnalysisWatershedData	Autodesk.Civil.DatabaseServices	Autodesk/Civil/DatabaseServices/__init__.py	22912	22927		12
SurfaceAnalysisWatershedDataCollection	Autodesk.Civil.DatabaseServices	Autodesk/Civil/DatabaseServices/__init__.py	22928	22936		5
SurfaceBaseStyle	Autodesk.Civil.DatabaseServices.Styles	Autodesk/Civil/DatabaseServices/Styles.py	6313	6319	CivilWrapper<AeccDbSurfaceStyle>	3
SurfaceBoundary	Autodesk.Civil.DatabaseServices	Autodesk/Civil/DatabaseServices/__init__.py	22937	22942		2
SurfaceBoundaryStyle	Autodesk.Civil.DatabaseServices.Styles	Autodesk/Civil/DatabaseServices/Styles.py	6320	6331	SurfaceBaseStyle	8
SurfaceBoundaryType	Autodesk.Civil	Autodesk/Civil/__init__.py	1559	1563		0
SurfaceBreakline	Autodesk.Civil.DatabaseServices	Autodesk/Civil/DatabaseServices/__init__.py	22943	22950		4
SurfaceBreaklineType	Autodesk.Civil	Autodesk/Civil/__init__.py	1564	1568		0
SurfaceBuildOptions	Autodesk.Civil.DatabaseServices	Autodesk/Civil/DatabaseServices/__init__.py	22951	22965		11
SurfaceCollection	Autodesk.Aec.Modeler	Autodesk/Aec/Modeler.py	524	538		11
SurfaceContourLabelGroup	Autodesk.Civil.DatabaseServices	Autodesk/Civil/DatabaseServices/__init__.py	22966	23120	AutoFeatureLabelGroup	147
SurfaceContourLabelGroupCreateOption	Autodesk.Civil.DatabaseServices	Autodesk/Civil/DatabaseServices/__init__.py	23121	23132		8
SurfaceContourStyle	Autodesk.Civil.DatabaseServices.Styles	Autodesk/Civil/DatabaseServices/Styles.py	6332	6357	SurfaceBaseStyle	22
SurfaceDefinitionAddFigureSurveyQueries	Autodesk.Civil.DatabaseServices	Autodesk/Civil/DatabaseServices/__init__.py	23133	23139	SurfaceDefinitionBase	3
SurfaceDefinitionAddPointSurveyQueries	Autodesk.Civil.DatabaseServices	Autodesk/Civil/DatabaseServices/__init__.py	23140	23146	SurfaceDefinitionBase	3
SurfaceDefinitionBase	Autodesk.Civil.DatabaseServices	Autodesk/Civil/DatabaseServices/__init__.py	23147	23153		3
SurfaceDefinitionBoundaries	Autodesk.Civil.DatabaseServices	Autodesk/Civil/DatabaseServices/__init__.py	23154	23160	SurfaceDefinitionBase	3
SurfaceDefinitionBreaklines	Autodesk.Civil.DatabaseServices	Autodesk/Civil/DatabaseServices/__init__.py	23161	23172	SurfaceDefinitionBase	8
SurfaceDefinitionContours	Autodesk.Civil.DatabaseServices	Autodesk/Civil/DatabaseServices/__init__.py	23173	23179	SurfaceDefinitionBase	3
SurfaceDefinitionDEMFiles	Autodesk.Civil.DatabaseServices	Autodesk/Civil/DatabaseServices/__init__.py	23180	23186	SurfaceDefinitionBase	3
SurfaceDefinitionDrawingObjects	Autodesk.Civil.DatabaseServices	Autodesk/Civil/DatabaseServices/__init__.py	23187	23198	SurfaceDefinitionBase	8
SurfaceDefinitionPointFiles	Autodesk.Civil.DatabaseServices	Autodesk/Civil/DatabaseServices/__init__.py	23199	23205	SurfaceDefinitionBase	3
SurfaceDefinitionPointGroups	Autodesk.Civil.DatabaseServices	Autodesk/Civil/DatabaseServices/__init__.py	23206	23212	SurfaceDefinitionBase	3
SurfaceDirectionStyle	Autodesk.Civil.DatabaseServices.Styles	Autodesk/Civil/DatabaseServices/Styles.py	6358	6371	SurfaceBaseStyle	10
SurfaceDisplay3dType	Autodesk.Civil.DatabaseServices.Styles	Autodesk/Civil/DatabaseServices/Styles.py	6372	6376		0
SurfaceDisplayStyleType	Autodesk.Civil.DatabaseServices.Styles	Autodesk/Civil/DatabaseServices/Styles.py	6377	6381		0
SurfaceDisplayType	Autodesk.Civil.DatabaseServices.Styles	Autodesk/Civil/DatabaseServices/Styles.py	6382	6386		0
SurfaceDistributionRebarHandles	Autodesk.Revit.DB.Structure	Autodesk/Revit/DB/Structure/__init__.py	4176	4180		0
SurfaceDrawObjectType	Autodesk.Civil	Autodesk/Civil/__init__.py	1569	1573		0
SurfaceElementExtension	Autodesk.Revit.DB.Structure	Autodesk/Revit/DB/Structure/__init__.py	4181	4185		0
SurfaceElementProjectionZ	Autodesk.Revit.DB.Structure	Autodesk/Revit/DB/Structure/__init__.py	4186	4190		0
SurfaceElevationLabel	Autodesk.Civil.DatabaseServices	Autodesk/Civil/DatabaseServices/__init__.py	23213	23367	FeatureLabel	148
SurfaceElevationStyle	Autodesk.Civil.DatabaseServices.Styles	Autodesk/Civil/DatabaseServices/Styles.py	6387	6404	SurfaceBaseStyle	14
SurfaceException	Autodesk.Civil	Autodesk/Civil/__init__.py	1574	1585	CivilException	8
SurfaceExtractionSettingsType	Autodesk.Civil	Autodesk/Civil/__init__.py	1586	1590		0
SurfaceGridStyle	Autodesk.Civil.DatabaseServices.Styles	Autodesk/Civil/DatabaseServices/Styles.py	6405	6417	SurfaceBaseStyle	9
SurfaceGroupValuesByType	Autodesk.Civil.DatabaseServices.Styles	Autodesk/Civil/DatabaseServices/Styles.py	6418	6422		0
SurfaceHatchFlags	Autodesk.Aec.DatabaseServices	Autodesk/Aec/DatabaseServices.py	8828	8832		0
SurfaceHatchInfo	Autodesk.Civil.DatabaseServices.Styles	Autodesk/Civil/DatabaseServices/Styles.py	6423	6434		8
SurfaceMappingType	Autodesk.Aec.DatabaseServices	Autodesk/Aec/DatabaseServices.py	8833	8837		0
SurfaceMask	Autodesk.Civil.DatabaseServices	Autodesk/Civil/DatabaseServices/__init__.py	23368	23381		10
SurfaceMaskCollection	Autodesk.Civil.DatabaseServices	Autodesk/Civil/DatabaseServices/__init__.py	23382	23397		12
SurfaceMaskCreationData	Autodesk.Civil.DatabaseServices	Autodesk/Civil/DatabaseServices/__init__.py	23398	23409		8
SurfaceMaskType	Autodesk.Civil.DatabaseServices	Autodesk/Civil/DatabaseServices/__init__.py	23410	23414		0
SurfaceMinimizeFlatAreaOptions	Autodesk.Civil.DatabaseServices	Autodesk/Civil/DatabaseServices/__init__.py	23415	23422		4
SurfaceNdfType	Autodesk.Revit.DB.Visual	Autodesk/Revit/DB/Visual.py	910	914		0
SurfaceOpeartionStatusType	Autodesk.Civil	Autodesk/Civil/__init__.py	1591	1595		0
SurfaceOperation	Autodesk.Civil.DatabaseServices	Autodesk/Civil/DatabaseServices/__init__.py	23423	23433		7
SurfaceOperationAdd3DFaces	Autodesk.Civil.DatabaseServices	Autodesk/Civil/DatabaseServices/__init__.py	23434	23442	SurfaceOperationAddDrawingObject	5
SurfaceOperationAddBoundary	Autodesk.Civil.DatabaseServices	Autodesk/Civil/DatabaseServices/__init__.py	23443	23457	SurfaceOperation	11
SurfaceOperationAddBreakline	Autodesk.Civil.DatabaseServices	Autodesk/Civil/DatabaseServices/__init__.py	23458	23474	SurfaceOperation	13
SurfaceOperationAddBreaklineFromFile	Autodesk.Civil.DatabaseServices	Autodesk/Civil/DatabaseServices/__init__.py	23475	23482	SurfaceOperation	4
SurfaceOperationAddContour	Autodesk.Civil.DatabaseServices	Autodesk/Civil/DatabaseServices/__init__.py	23483	23495	SurfaceOperation	9
SurfaceOperationAddDEMFile	Autodesk.Civil.DatabaseServices	Autodesk/Civil/DatabaseServices/__init__.py	23496	23506	SurfaceOperation	7
SurfaceOperationAddDrawingObject	Autodesk.Civil.DatabaseServices	Autodesk/Civil/DatabaseServices/__init__.py	23507	23515	SurfaceOperation	5
SurfaceOperationAddFigureSurveyQuery	Autodesk.Civil.DatabaseServices	Autodesk/Civil/DatabaseServices/__init__.py	23516	23527	SurfaceOperationAddSurveyQuery	8
SurfaceOperationAddGridPoint	Autodesk.Civil.DatabaseServices	Autodesk/Civil/DatabaseServices/__init__.py	23528	23535	SurfaceOperation	4
SurfaceOperationAddImxFile	Autodesk.Civil.DatabaseServices	Autodesk/Civil/DatabaseServices/__init__.py	23536	23547	SurfaceOperation	8
SurfaceOperationAddLine	Autodesk.Civil.DatabaseServices	Autodesk/Civil/DatabaseServices/__init__.py	23548	23555	SurfaceOperation	4
SurfaceOperationAddPointFile	Autodesk.Civil.DatabaseServices	Autodesk/Civil/DatabaseServices/__init__.py	23556	23566	SurfaceOperation	7
SurfaceOperationAddPointGroup	Autodesk.Civil.DatabaseServices	Autodesk/Civil/DatabaseServices/__init__.py	23567	23573	SurfaceOperation	3
SurfaceOperationAddPointSurveyQuery	Autodesk.Civil.DatabaseServices	Autodesk/Civil/DatabaseServices/__init__.py	23574	23585	SurfaceOperationAddSurveyQuery	8
SurfaceOperationAddSurveyQuery	Autodesk.Civil.DatabaseServices	Autodesk/Civil/DatabaseServices/__init__.py	23586	23597	SurfaceOperation	8
SurfaceOperationAddTinFile	Autodesk.Civil.DatabaseServices	Autodesk/Civil/DatabaseServices/__init__.py	23598	23605	SurfaceOperation	4
SurfaceOperationAddTinMultipleVertices	Autodesk.Civil.DatabaseServices	Autodesk/Civil/DatabaseServices/__init__.py	23606	23612	SurfaceOperation	3
SurfaceOperationAddTinVertex	Autodesk.Civil.DatabaseServices	Autodesk/Civil/DatabaseServices/__init__.py	23613	23619	SurfaceOperation	3
SurfaceOperationAddXmlFile	Autodesk.Civil.DatabaseServices	Autodesk/Civil/DatabaseServices/__init__.py	23620	23626	SurfaceOperation	3
SurfaceOperationCollection	Autodesk.Civil.DatabaseServices	Autodesk/Civil/DatabaseServices/__init__.py	23627	23640		10
SurfaceOperationCreateByCropping	Autodesk.Civil.DatabaseServices	Autodesk/Civil/DatabaseServices/__init__.py	23641	23648	SurfaceOperation	4
SurfaceOperationCreatedFromCorridor	Autodesk.Civil.DatabaseServices	Autodesk/Civil/DatabaseServices/__init__.py	23649	23656	SurfaceOperation	4
SurfaceOperationDeleteGridPoint	Autodesk.Civil.DatabaseServices	Autodesk/Civil/DatabaseServices/__init__.py	23657	23663	SurfaceOperation	3
SurfaceOperationDeleteLine	Autodesk.Civil.DatabaseServices	Autodesk/Civil/DatabaseServices/__init__.py	23664	23670	SurfaceOperation	3
SurfaceOperationDeleteMultipleGridPoints	Autodesk.Civil.DatabaseServices	Autodesk/Civil/DatabaseServices/__init__.py	23671	23677	SurfaceOperation	3
SurfaceOperationDeleteMultipleLines	Autodesk.Civil.DatabaseServices	Autodesk/Civil/DatabaseServices/__init__.py	23678	23684	SurfaceOperation	3
SurfaceOperationDeleteMultipleTinVertices	Autodesk.Civil.DatabaseServices	Autodesk/Civil/DatabaseServices/__init__.py	23685	23691	SurfaceOperation	3
SurfaceOperationDeleteTinVertex	Autodesk.Civil.DatabaseServices	Autodesk/Civil/DatabaseServices/__init__.py	23692	23698	SurfaceOperation	3
SurfaceOperationMinimizeFlatAreas	Autodesk.Civil.DatabaseServices	Autodesk/Civil/DatabaseServices/__init__.py	23699	23707	SurfaceOperation	5
SurfaceOperationModifyGridPointElevation	Autodesk.Civil.DatabaseServices	Autodesk/Civil/DatabaseServices/__init__.py	23708	23715	SurfaceOperation	4
SurfaceOperationModifyMultipleGridPointsElevation	Autodesk.Civil.DatabaseServices	Autodesk/Civil/DatabaseServices/__init__.py	23716	23724	SurfaceOperation	5
SurfaceOperationModifyMultipleTinVerticesElevation	Autodesk.Civil.DatabaseServices	Autodesk/Civil/DatabaseServices/__init__.py	23725	23733	SurfaceOperation	5
SurfaceOperationModifyTinVertexElevation	Autodesk.Civil.DatabaseServices	Autodesk/Civil/DatabaseServices/__init__.py	23734	23741	SurfaceOperation	4
SurfaceOperationMoveTinVertex	Autodesk.Civil.DatabaseServices	Autodesk/Civil/DatabaseServices/__init__.py	23742	23749	SurfaceOperation	4
SurfaceOperationPasteSurface	Autodesk.Civil.DatabaseServices	Autodesk/Civil/DatabaseServices/__init__.py	23750	23756	SurfaceOperation	3
SurfaceOperationRaise	Autodesk.Civil.DatabaseServices	Autodesk/Civil/DatabaseServices/__init__.py	23757	23763	SurfaceOperation	3
SurfaceOperationSimplify	Autodesk.Civil.DatabaseServices	Autodesk/Civil/DatabaseServices/__init__.py	23764	23771	SurfaceOperation	4
SurfaceOperationSmooth	Autodesk.Civil.DatabaseServices	Autodesk/Civil/DatabaseServices/__init__.py	23772	23779	SurfaceOperation	4
SurfaceOperationSwapEdge	Autodesk.Civil.DatabaseServices	Autodesk/Civil/DatabaseServices/__init__.py	23780	23786	SurfaceOperation	3
SurfaceOperationTransformBy	Autodesk.Civil.DatabaseServices	Autodesk/Civil/DatabaseServices/__init__.py	23787	23794	SurfaceOperation	4
SurfaceOriginationType	Autodesk.Civil.DatabaseServices	Autodesk/Civil/DatabaseServices/__init__.py	23795	23799		0
SurfacePartialReferenceBoundaryMgr	Autodesk.Civil.DatabaseServices	Autodesk/Civil/DatabaseServices/__init__.py	23800	23806		3
SurfacePointOutputLocationsType	Autodesk.Civil	Autodesk/Civil/__init__.py	1596	1600		0
SurfacePointOutputOptions	Autodesk.Civil.DatabaseServices	Autodesk/Civil/DatabaseServices/__init__.py	23807	23817		7
SurfacePointSelectionType	Autodesk.Civil	Autodesk/Civil/__init__.py	1601	1605		0
SurfacePointStyle	Autodesk.Civil.DatabaseServices.Styles	Autodesk/Civil/DatabaseServices/Styles.py	6435	6449	SurfaceBaseStyle	11
SurfaceRegionOptionsType	Autodesk.Civil	Autodesk/Civil/__init__.py	1606	1610		0
SurfaceSimplifyOptions	Autodesk.Civil.DatabaseServices	Autodesk/Civil/DatabaseServices/__init__.py	23818	23831		10
SurfaceSimplifyRegionType	Autodesk.Civil.DatabaseServices	Autodesk/Civil/DatabaseServices/__init__.py	23832	23836		0
SurfaceSimplifyType	Autodesk.Civil	Autodesk/Civil/__init__.py	1611	1615		0
SurfaceSliceResults	Autodesk.AutoCAD.DatabaseServices	Autodesk/AutoCAD/DatabaseServices/__init__.py	18492	18497		2
SurfaceSlopeArrowStyle	Autodesk.Civil.DatabaseServices.Styles	Autodesk/Civil/DatabaseServices/Styles.py	6450	6464	SurfaceBaseStyle	11
SurfaceSlopeLabel	Autodesk.Civil.DatabaseServices	Autodesk/Civil/DatabaseServices/__init__.py	23837	23993	FeatureLabel	150
SurfaceSlopeLabelType	Autodesk.Civil.DatabaseServices	Autodesk/Civil/DatabaseServices/__init__.py	23994	23998		0
SurfaceSlopeStyle	Autodesk.Civil.DatabaseServices.Styles	Autodesk/Civil/DatabaseServices/Styles.py	6465	6478	SurfaceBaseStyle	10
SurfaceSmoothType	Autodesk.Civil	Autodesk/Civil/__init__.py	1616	1620		0
SurfaceStatus	Autodesk.Civil	Autodesk/Civil/__init__.py	1621	1625		0
SurfaceStatusText	Autodesk.Civil	Autodesk/Civil/__init__.py	1626	1630		1
SurfaceStyle	Autodesk.Civil.DatabaseServices.Styles	Autodesk/Civil/DatabaseServices/Styles.py	6479	6544	StyleBase	62
SurfaceStyleCollection	Autodesk.Civil.DatabaseServices.Styles	Autodesk/Civil/DatabaseServices/Styles.py	6545	6555	StyleCollectionBase	7
SurfaceSurfaceIntersector	Autodesk.AutoCAD.Geometry	Autodesk/AutoCAD/Geometry.py	1964	1984	Entity3d	16
SurfaceSurfaceIntersectorConfiguration	Autodesk.AutoCAD.Geometry	Autodesk/AutoCAD/Geometry.py	1985	1989		0
SurfaceSurfaceIntersectorConfigurations	Autodesk.AutoCAD.Geometry	Autodesk/AutoCAD/Geometry.py	1990	2002		9
SurfaceSurfaceIntersectorType	Autodesk.AutoCAD.Geometry	Autodesk/AutoCAD/Geometry.py	2003	2007		0
SurfaceSurveyQueryType	Autodesk.Civil	Autodesk/Civil/__init__.py	1631	1635		0
SurfaceTransformOperationType	Autodesk.Civil.DatabaseServices	Autodesk/Civil/DatabaseServices/__init__.py	23999	24003		0
SurfaceTriangleStyle	Autodesk.Civil.DatabaseServices.Styles	Autodesk/Civil/DatabaseServices/Styles.py	6556	6562	SurfaceBaseStyle	3
SurfaceTrimInfo	Autodesk.AutoCAD.DatabaseServices	Autodesk/AutoCAD/DatabaseServices/__init__.py	18498	18509	DisposableWrapper	8
SurfaceType	Autodesk.Aec.Modeler	Autodesk/Aec/Modeler.py	539	543		0
SurfaceType	Autodesk.Civil	Autodesk/Civil/__init__.py	1636	1640		0
SurfaceVolumeInfo	Autodesk.Civil.DatabaseServices	Autodesk/Civil/DatabaseServices/__init__.py	24004	24010		3
SurfaceWatershedStyle	Autodesk.Civil.DatabaseServices.Styles	Autodesk/Civil/DatabaseServices/Styles.py	6563	6581	SurfaceBaseStyle	15
SurveyElevationDisplayType	Autodesk.Civil.DatabaseServices.Styles	Autodesk/Civil/DatabaseServices/Styles.py	6582	6586		0
SurveyException	Autodesk.Civil	Autodesk/Civil/__init__.py	1641	1652	CivilException	8
SurveyFigure	Autodesk.Civil.DatabaseServices	Autodesk/Civil/DatabaseServices/__init__.py	24011	24138	FeatureLine	124
SurveyFigureDisplayType	Autodesk.Civil.DatabaseServices.Styles	Autodesk/Civil/DatabaseServices/Styles.py	6587	6591		0
SurveyFigureMarkerPlacementType	Autodesk.Civil.DatabaseServices.Styles	Autodesk/Civil/DatabaseServices/Styles.py	6592	6596		0
SurveyFigureProfileDisplayType	Autodesk.Civil.DatabaseServices.Styles	Autodesk/Civil/DatabaseServices/Styles.py	6597	6601		0
SurveyFigureSectionDisplayType	Autodesk.Civil.DatabaseServices.Styles	Autodesk/Civil/DatabaseServices/Styles.py	6602	6606		0
SurveyFigureStyle	Autodesk.Civil.DatabaseServices.Styles	Autodesk/Civil/DatabaseServices/Styles.py	6607	6684	StyleBase	74
SurveyFigureStyleCollection	Autodesk.Civil.DatabaseServices.Styles	Autodesk/Civil/DatabaseServices/Styles.py	6685	6695	StyleCollectionBase	7
SurveyNetworkDisplayStyleType	Autodesk.Civil.DatabaseServices.Styles	Autodesk/Civil/DatabaseServices/Styles.py	6696	6700		0
SurveyNetworkEntity	Autodesk.Civil.DatabaseServices	Autodesk/Civil/DatabaseServices/__init__.py	24139	24253	Entity	111
SurveyNetworkStyle	Autodesk.Civil.DatabaseServices.Styles	Autodesk/Civil/DatabaseServices/Styles.py	6701	6764	StyleBase	60
SurveyNetworkStyleCollection	Autodesk.Civil.DatabaseServices.Styles	Autodesk/Civil/DatabaseServices/Styles.py	6765	6775	StyleCollectionBase	7
SurveyProject	Autodesk.Civil	Autodesk/Civil/__init__.py	1653	1665	DisposableWrapper	9
SurveyProjectCollection	Autodesk.Civil	Autodesk/Civil/__init__.py	1666	1679	DisposableWrapper	10
SurveyQuery	Autodesk.Civil	Autodesk/Civil/__init__.py	1680	1689	DisposableWrapper	6
SurveyQueryCollection	Autodesk.Civil	Autodesk/Civil/__init__.py	1690	1701	DisposableWrapper	8
SurveyStatus	Autodesk.Civil	Autodesk/Civil/__init__.py	1702	1706		0
SurveyStatusText	Autodesk.Civil	Autodesk/Civil/__init__.py	1707	1711		1
Sweep	Autodesk.Revit.DB	Autodesk/Revit/DB/__init__.py	21970	22010	GenericForm	37
SweepOptions	Autodesk.AutoCAD.DatabaseServices	Autodesk/AutoCAD/DatabaseServices/__init__.py	18510	18532	DisposableWrapper	19
SweepOptionsAlignOption	Autodesk.AutoCAD.DatabaseServices	Autodesk/AutoCAD/DatabaseServices/__init__.py	18533	18537		0
SweepOptionsBuilder	Autodesk.AutoCAD.DatabaseServices	Autodesk/AutoCAD/DatabaseServices/__init__.py	18538	18557		16
SweepOptionsCheckSweepCurveOut	Autodesk.AutoCAD.DatabaseServices	Autodesk/AutoCAD/DatabaseServices/__init__.py	18558	18566		5
SweepProfile	Autodesk.Revit.DB	Autodesk/Revit/DB/__init__.py	22011	22015	APIObject	1
SweptBlend	Autodesk.Revit.DB	Autodesk/Revit/DB/__init__.py	22016	22060	GenericForm	41
SweptCurveLocation	Autodesk.Civil	Autodesk/Civil/__init__.py	1712	1716		0
SweptProfile	Autodesk.Revit.DB	Autodesk/Revit/DB/__init__.py	22061	22070		6
SweptShapeType	Autodesk.Civil.DatabaseServices	Autodesk/Civil/DatabaseServices/__init__.py	24254	24258		0
SweptSurface	Autodesk.AutoCAD.DatabaseServices	Autodesk/AutoCAD/DatabaseServices/__init__.py	18567	18659	Surface	89
SymbolGeometryId	Autodesk.Revit.DB	Autodesk/Revit/DB/__init__.py	22071	22078		4
SymbolTable	Autodesk.AutoCAD.DatabaseServices	Autodesk/AutoCAD/DatabaseServices/__init__.py	18660	18708	DBObject	45
SymbolTableEnumerator	Autodesk.AutoCAD.DatabaseServices	Autodesk/AutoCAD/DatabaseServices/__init__.py	18709	18719	DisposableWrapper	6
SymbolTableRecord	Autodesk.AutoCAD.DatabaseServices	Autodesk/AutoCAD/DatabaseServices/__init__.py	18720	18766	DBObject	43
SymbolTypeId	Autodesk.Revit.DB	Autodesk/Revit/DB/__init__.py	22079	22483		401
SymbolUtilityServices	Autodesk.AutoCAD.DatabaseServices	Autodesk/AutoCAD/DatabaseServices/__init__.py	18767	18846		43
SymbolicCurve	Autodesk.Revit.DB	Autodesk/Revit/DB/__init__.py	22484	22525	CurveElement	38
SymbolicCurveArray	Autodesk.Revit.DB	Autodesk/Revit/DB/__init__.py	22526	22539	APIObject	10
SymbolicCurveArrayIterator	Autodesk.Revit.DB	Autodesk/Revit/DB/__init__.py	22540	22547	APIObject	4
SymmetricConstraint	Autodesk.AutoCAD.DatabaseServices	Autodesk/AutoCAD/DatabaseServices/__init__.py	18847	18862	GeometricalConstraint	12
SyncYourBlockHelper	Autodesk.AutoCAD.Internal	Autodesk/AutoCAD/Internal/__init__.py	2522	2545		10
SynchronizationContext	Autodesk.AutoCAD.Runtime	Autodesk/AutoCAD/Runtime.py	596	605	SynchronizationContext	6
SynchronizeWithCentralOptions	Autodesk.Revit.DB	Autodesk/Revit/DB/__init__.py	22548	22565		14
SystemBrushes	System.Drawing	System/Drawing/__init__.py	13336	13389	object	0
SystemCalculationLevel	Autodesk.Revit.DB.Mechanical	Autodesk/Revit/DB/Mechanical.py	1260	1264		0
SystemColors	System.Drawing	System/Drawing/__init__.py	13390	13426	object	0
SystemDrawingSection	System.Drawing.Configuration	System/Drawing/Configuration.py	11	42	ConfigurationSection	0
SystemException	System	System/__init__.py	409	452	Exception, ISerializable, _Exception	0
SystemFonts	System.Drawing	System/Drawing/__init__.py	13427	13457	object	0
SystemIcons	System.Drawing	System/Drawing/__init__.py	13458	13471	object	0
SystemInformation	System.Windows.Forms	System/Windows/Forms/__init__.py	206634	206761	object	0
SystemObjects	Autodesk.AutoCAD.Runtime	Autodesk/AutoCAD/Runtime.py	606	613		4
SystemParameter	System.Windows.Forms	System/Windows/Forms/__init__.py	206762	206816	Enum, IComparable, IFormattable, IConvertible	0
SystemPens	System.Drawing	System/Drawing/__init__.py	13472	13525	object	0
SystemVariable	Autodesk.AutoCAD.Windows.Data	Autodesk/AutoCAD/Windows/Data/__init__.py	1169	1181		9
SystemVariableChangedEventArgs	Autodesk.AutoCAD.ApplicationServices	Autodesk/AutoCAD/ApplicationServices/__init__.py	774	779	EventArgs	2
SystemVariableChangedEventArgs	Autodesk.AutoCAD.DatabaseServices	Autodesk/AutoCAD/DatabaseServices/__init__.py	18863	18868	EventArgs	2
SystemVariableChangedEventHandler	Autodesk.AutoCAD.ApplicationServices	Autodesk/AutoCAD/ApplicationServices/__init__.py	780	788		5
SystemVariableChangedEventHandler	Autodesk.AutoCAD.DatabaseServices	Autodesk/AutoCAD/DatabaseServices/__init__.py	18869	18877		5
SystemVariableChangingEventArgs	Autodesk.AutoCAD.ApplicationServices	Autodesk/AutoCAD/ApplicationServices/__init__.py	789	793	EventArgs	1
SystemVariableChangingEventArgs	Autodesk.AutoCAD.DatabaseServices	Autodesk/AutoCAD/DatabaseServices/__init__.py	18878	18882	EventArgs	1
SystemVariableChangingEventHandler	Autodesk.AutoCAD.ApplicationServices	Autodesk/AutoCAD/ApplicationServices/__init__.py	794	802		5
SystemVariableChangingEventHandler	Autodesk.AutoCAD.DatabaseServices	Autodesk/AutoCAD/DatabaseServices/__init__.py	18883	18891		5
SystemVariableEnumerator	Autodesk.AutoCAD.Runtime	Autodesk/AutoCAD/Runtime.py	614	623	DisposableWrapper	6
SystemZoneData	Autodesk.Revit.DB.Mechanical	Autodesk/Revit/DB/Mechanical.py	1265	1272	GenericZoneDomainData	3
SystemZoneElementType	Autodesk.Revit.DB.Mechanical	Autodesk/Revit/DB/Mechanical.py	1273	1323	ElementType	45
SystemsAnalysisOptions	Autodesk.Revit.DB.Analysis	Autodesk/Revit/DB/Analysis.py	1668	1676		5
SystemsAnalysisReportStyle	Autodesk.Revit.DB.Analysis	Autodesk/Revit/DB/Analysis.py	1677	1681		0
SysvarMonitorIteratorWrapper	Autodesk.AutoCAD.Internal	Autodesk/AutoCAD/Internal/__init__.py	2546	2556	DisposableWrapper	7
SysvarMonitorState	Autodesk.AutoCAD.Windows.Data	Autodesk/AutoCAD/Windows/Data/__init__.py	1182	1191		6
SysvarMonitorWrapper	Autodesk.AutoCAD.Internal	Autodesk/AutoCAD/Internal/__init__.py	2557	2575	DisposableWrapper	14
TPOperationFlag	Autodesk.AutoCAD.Windows.ToolPalette	Autodesk/AutoCAD/Windows/ToolPalette.py	138	142		0
TR55FlowSegmentType	Autodesk.Civil.DatabaseServices	Autodesk/Civil/DatabaseServices/__init__.py	24259	24263		0
Tab	Autodesk.Revit.UI	Autodesk/Revit/UI/__init__.py	872	876		0
TabAlignment	System.Windows.Forms	System/Windows/Forms/__init__.py	206817	206864	Enum, IComparable, IFormattable, IConvertible	0
TabAppearance	System.Windows.Forms	System/Windows/Forms/__init__.py	206865	206911	Enum, IComparable, IFormattable, IConvertible	0
TabControl	System.Windows.Forms	System/Windows/Forms/__init__.py	206912	209537	Control, IComponent, IDisposable, IOleControl, IOleObject, IOleInPlaceObject, IOleInPlaceActiveObject, IOleWindow, IViewObject, IViewObject2, IPersist, IPersistStreamInit, IPersistPropertyBag, IPersistStorage, IQuickActivate, ISupportOleDropSource, IDropTarget, ISynchronizeInvoke, IWin32Window, IArrangedElement, IBindableComponent	0
TabControlAction	System.Windows.Forms	System/Windows/Forms/__init__.py	209538	209585	Enum, IComparable, IFormattable, IConvertible	0
TabControlCancelEventArgs	System.Windows.Forms	System/Windows/Forms/__init__.py	209586	209633	CancelEventArgs	0
TabControlCancelEventHandler	System.Windows.Forms	System/Windows/Forms/__init__.py	209634	209738	MulticastDelegate, ICloneable, ISerializable	0
TabControlEventArgs	System.Windows.Forms	System/Windows/Forms/__init__.py	209739	209786	EventArgs	0
TabControlEventHandler	System.Windows.Forms	System/Windows/Forms/__init__.py	209787	209891	MulticastDelegate, ICloneable, ISerializable	0
TabDrawMode	System.Windows.Forms	System/Windows/Forms/__init__.py	209892	209937	Enum, IComparable, IFormattable, IConvertible	0
TabItemState	System.Windows.Forms.VisualStyles	System/Windows/Forms/VisualStyles.py	1740	1787	Enum, IComparable, IFormattable, IConvertible	0
TabPage	System.Windows.Forms	System/Windows/Forms/__init__.py	213551	216004	Panel, IComponent, IDisposable, IOleControl, IOleObject, IOleInPlaceObject, IOleInPlaceActiveObject, IOleWindow, IViewObject, IViewObject2, IPersist, IPersistStreamInit, IPersistPropertyBag, IPersistStorage, IQuickActivate, ISupportOleDropSource, IDropTarget, ISynchronizeInvoke, IWin32Window, IArrangedElement, IBindableComponent	0
TabRenderer	System.Windows.Forms	System/Windows/Forms/__init__.py	216005	216223	object	0
TabSizeMode	System.Windows.Forms	System/Windows/Forms/__init__.py	216224	216270	Enum, IComparable, IFormattable, IConvertible	0
TabbedDialogAction	Autodesk.AutoCAD.ApplicationServices	Autodesk/AutoCAD/ApplicationServices/__init__.py	803	811		5
TabbedDialogAction	Autodesk.Revit.UI	Autodesk/Revit/UI/__init__.py	877	885		5
TabbedDialogEventArgs	Autodesk.AutoCAD.ApplicationServices	Autodesk/AutoCAD/ApplicationServices/__init__.py	812	816	EventArgs	1
TabbedDialogEventHandler	Autodesk.AutoCAD.ApplicationServices	Autodesk/AutoCAD/ApplicationServices/__init__.py	817	825		5
TabbedDialogExtension	Autodesk.AutoCAD.ApplicationServices	Autodesk/AutoCAD/ApplicationServices/__init__.py	826	836		6
TabbedDialogExtension	Autodesk.Revit.UI	Autodesk/Revit/UI/__init__.py	886	895		6
Table	Autodesk.AutoCAD.DatabaseServices	Autodesk/AutoCAD/DatabaseServices/__init__.py	18892	19158	BlockReference	262
Table	Autodesk.Civil.DatabaseServices	Autodesk/Civil/DatabaseServices/__init__.py	24264	24378	Entity	111
TableAnchorType	Autodesk.Civil.Settings	Autodesk/Civil/Settings.py	7335	7339		0
TableBreakFlowDirection	Autodesk.AutoCAD.DatabaseServices	Autodesk/AutoCAD/DatabaseServices/__init__.py	19159	19163		0
TableBreakOptions	Autodesk.AutoCAD.DatabaseServices	Autodesk/AutoCAD/DatabaseServices/__init__.py	19164	19168		0
TableCellCalculatedValueData	Autodesk.Revit.DB	Autodesk/Revit/DB/__init__.py	22566	22572		3
TableCellCombinedParameterData	Autodesk.Revit.DB	Autodesk/Revit/DB/__init__.py	22573	22586		9
TableCellStyle	Autodesk.Revit.DB	Autodesk/Revit/DB/__init__.py	22587	22614		24
TableCellStyleOverrideOptions	Autodesk.Revit.DB	Autodesk/Revit/DB/__init__.py	22615	22636		18
TableCellType	Autodesk.AutoCAD.DatabaseServices	Autodesk/AutoCAD/DatabaseServices/__init__.py	19169	19173		0
TableContent	Autodesk.AutoCAD.DatabaseServices	Autodesk/AutoCAD/DatabaseServices/__init__.py	19174	19228	FormattedTableData	51
TableCopyOptions	Autodesk.AutoCAD.DatabaseServices	Autodesk/AutoCAD/DatabaseServices/__init__.py	19229	19233		0
TableData	Autodesk.Revit.DB	Autodesk/Revit/DB/__init__.py	22637	22650		10
TableDisplayStyleType	Autodesk.Civil.DatabaseServices.Styles	Autodesk/Civil/DatabaseServices/Styles.py	6776	6780		0
TableEnumerator	Autodesk.AutoCAD.DatabaseServices	Autodesk/AutoCAD/DatabaseServices/__init__.py	19234	19243	DisposableWrapper	6
TableEnumeratorOption	Autodesk.AutoCAD.DatabaseServices	Autodesk/AutoCAD/DatabaseServices/__init__.py	19244	19248		0
TableFillOptions	Autodesk.AutoCAD.DatabaseServices	Autodesk/AutoCAD/DatabaseServices/__init__.py	19249	19253		0
TableHitTestInfo	Autodesk.AutoCAD.DatabaseServices	Autodesk/AutoCAD/DatabaseServices/__init__.py	19254	19261		4
TableHitTestType	Autodesk.AutoCAD.DatabaseServices	Autodesk/AutoCAD/DatabaseServices/__init__.py	19262	19266		0
TableItem	Autodesk.AutoCAD.Internal	Autodesk/AutoCAD/Internal/__init__.py	2576	2580		0
TableLayoutCellPaintEventArgs	System.Windows.Forms	System/Windows/Forms/__init__.py	209938	210023	PaintEventArgs, IDisposable	0
TableLayoutCellPaintEventHandler	System.Windows.Forms	System/Windows/Forms/__init__.py	210024	210128	MulticastDelegate, ICloneable, ISerializable	0
TableLayoutColumnStyleCollection	System.Windows.Forms	System/Windows/Forms/__init__.py	210230	210358	TableLayoutStyleCollection, IList, ICollection, IEnumerable	0
TableLayoutControlCollection	System.Windows.Forms	System/Windows/Forms/__init__.py	210359	210416	ControlCollection, IList, ICollection, IEnumerable, ICloneable	0
TableLayoutPanel	System.Windows.Forms	System/Windows/Forms/__init__.py	210417	212974	Panel, IComponent, IDisposable, IOleControl, IOleObject, IOleInPlaceObject, IOleInPlaceActiveObject, IOleWindow, IViewObject, IViewObject2, IPersist, IPersistStreamInit, IPersistPropertyBag, IPersistStorage, IQuickActivate, ISupportOleDropSource, IDropTarget, ISynchronizeInvoke, IWin32Window, IArrangedElement, IBindableComponent, IExtenderProvider	0
TableLayoutPanelCellBorderStyle	System.Windows.Forms	System/Windows/Forms/__init__.py	212975	213025	Enum, IComparable, IFormattable, IConvertible	0
TableLayoutPanelCellPosition	System.Windows.Forms	System/Windows/Forms/__init__.py	213026	213125	object	0
TableLayoutPanelGrowStyle	System.Windows.Forms	System/Windows/Forms/__init__.py	213126	213172	Enum, IComparable, IFormattable, IConvertible	0
TableLayoutRowStyleCollection	System.Windows.Forms	System/Windows/Forms/__init__.py	213173	213309	TableLayoutStyleCollection, IList, ICollection, IEnumerable	0
TableLayoutSettings	System.Windows.Forms	System/Windows/Forms/__init__.py	213310	213550	LayoutSettings, ISerializable	0
TableLayoutSettingsTypeConverter	System.Windows.Forms.Layout	System/Windows/Forms/Layout.py	179	282	TypeConverter	0
TableLayoutStyle	System.Windows.Forms	System/Windows/Forms/__init__.py	37070	37086	object	0
TableLayoutStyleCollection	System.Windows.Forms	System/Windows/Forms/__init__.py	210129	210229	object, IList, ICollection, IEnumerable	0
TableLayoutType	Autodesk.Civil.Settings	Autodesk/Civil/Settings.py	7340	7344		0
TableMergedCell	Autodesk.Revit.DB	Autodesk/Revit/DB/__init__.py	22651	22660		6
TableSectionData	Autodesk.Revit.DB	Autodesk/Revit/DB/__init__.py	22661	22722		58
TableSegmentDataType	Autodesk.Civil	Autodesk/Civil/__init__.py	1717	1721		0
TableSortingOrderType	Autodesk.Civil.DatabaseServices.Styles	Autodesk/Civil/DatabaseServices/Styles.py	6781	6785		0
TableStyle	Autodesk.AutoCAD.DatabaseServices	Autodesk/AutoCAD/DatabaseServices/__init__.py	19267	19354	DBObject	84
TableStyle	Autodesk.Civil.DatabaseServices.Styles	Autodesk/Civil/DatabaseServices/Styles.py	6786	6881	StyleBase	92
TableStyleCollection	Autodesk.Civil.DatabaseServices.Styles	Autodesk/Civil/DatabaseServices/Styles.py	6882	6892	StyleCollectionBase	7
TableStyleFlags	Autodesk.AutoCAD.DatabaseServices	Autodesk/AutoCAD/DatabaseServices/__init__.py	19355	19359		0
TableStyleOverride	Autodesk.AutoCAD.DatabaseServices	Autodesk/AutoCAD/DatabaseServices/__init__.py	19360	19364		0
TableStylePreview	Autodesk.AutoCAD.Internal	Autodesk/AutoCAD/Internal/__init__.py	2581	2672	ControlWrapper	88
TableStyleType	Autodesk.Civil.DatabaseServices.Styles	Autodesk/Civil/DatabaseServices/Styles.py	6893	6897		0
TableStylesRoot	Autodesk.Civil.DatabaseServices.Styles	Autodesk/Civil/DatabaseServices/Styles.py	6898	6926	TreeOidWrapper	25
TableSubSelectFilter	Autodesk.AutoCAD.Internal.Reactors	Autodesk/AutoCAD/Internal/Reactors.py	174	179		1
TableSubSelectFilterEventArgs	Autodesk.AutoCAD.Internal.Reactors	Autodesk/AutoCAD/Internal/Reactors.py	180	186	EventArgs	3
TableSubSelectFilterEventHandler	Autodesk.AutoCAD.Internal.Reactors	Autodesk/AutoCAD/Internal/Reactors.py	187	195		5
TableTemplate	Autodesk.AutoCAD.DatabaseServices	Autodesk/AutoCAD/DatabaseServices/__init__.py	19365	19415	TableContent	47
TableTitleDirectionType	Autodesk.Civil	Autodesk/Civil/__init__.py	1722	1726		0
TableUtilities	Autodesk.AutoCAD.Internal	Autodesk/AutoCAD/Internal/__init__.py	2673	2708		16
TableView	Autodesk.Revit.DB	Autodesk/Revit/DB/__init__.py	22723	22802	View	75
TableViewUIUtils	Autodesk.Revit.UI	Autodesk/Revit/UI/__init__.py	896	901		1
TagHeadAlignment	Autodesk.Revit.DB	Autodesk/Revit/DB/__init__.py	22803	22807		0
TagHeadPositionOptions	Autodesk.Revit.DB	Autodesk/Revit/DB/__init__.py	22808	22812		0
TagMode	Autodesk.Revit.DB	Autodesk/Revit/DB/__init__.py	22813	22817		0
TagOrientation	Autodesk.Revit.DB	Autodesk/Revit/DB/__init__.py	22818	22822		0
TagOrientationBehavior	Autodesk.Revit.DB	Autodesk/Revit/DB/__init__.py	22823	22827		0
TangentConstraint	Autodesk.AutoCAD.DatabaseServices	Autodesk/AutoCAD/DatabaseServices/__init__.py	19416	19431	GeometricalConstraint	12
TaperInputType	Autodesk.Civil	Autodesk/Civil/__init__.py	1727	1731		0
TargetHostEdgeAndTransform	Autodesk.Revit.DB.Structure	Autodesk/Revit/DB/Structure/__init__.py	4191	4198		4
TargetRebarConstraintType	Autodesk.Revit.DB.Structure	Autodesk/Revit/DB/Structure/__init__.py	4199	4203		0
TargetRebarEdge	Autodesk.Revit.DB.Structure	Autodesk/Revit/DB/Structure/__init__.py	4204	4211		4
TaskDescriber	Autodesk.AutoCAD.Internal	Autodesk/AutoCAD/Internal/__init__.py	2709	2717		5
TaskDialog	Autodesk.Revit.UI	Autodesk/Revit/UI/__init__.py	902	926	APIObject	20
TaskDialogCommandLinkId	Autodesk.Revit.UI	Autodesk/Revit/UI/__init__.py	927	931		0
TaskDialogCommonButtons	Autodesk.Revit.UI	Autodesk/Revit/UI/__init__.py	932	936		0
TaskDialogIcon	Autodesk.Revit.UI	Autodesk/Revit/UI/__init__.py	937	941		0
TaskDialogResult	Autodesk.Revit.UI	Autodesk/Revit/UI/__init__.py	942	946		0
TaskDialogShowingEventArgs	Autodesk.Revit.UI.Events	Autodesk/Revit/UI/Events.py	176	183	DialogBoxShowingEventArgs	4
TemperatureRating	Autodesk.Revit.DB.Electrical	Autodesk/Revit/DB/Electrical.py	1731	1746		8
TemporaryGraphicsCommandData	Autodesk.Revit.UI	Autodesk/Revit/UI/__init__.py	947	954		4
TemporaryGraphicsManager	Autodesk.Revit.DB	Autodesk/Revit/DB/__init__.py	22828	22842		10
TemporaryViewMode	Autodesk.Revit.DB	Autodesk/Revit/DB/__init__.py	22843	22847		0
TemporaryViewModes	Autodesk.Revit.DB	Autodesk/Revit/DB/__init__.py	22848	22871	APIObject	20
TerrainSurfaceProperties	Autodesk.Civil.DatabaseServices	Autodesk/Civil/DatabaseServices/__init__.py	24379	24387		5
TessellatedBuildIssue	Autodesk.Revit.DB	Autodesk/Revit/DB/__init__.py	22872	22882		7
TessellatedBuildIssueType	Autodesk.Revit.DB	Autodesk/Revit/DB/__init__.py	22883	22887		0
TessellatedFace	Autodesk.Revit.DB	Autodesk/Revit/DB/__init__.py	22888	22895		4
TessellatedShapeBuilder	Autodesk.Revit.DB	Autodesk/Revit/DB/__init__.py	22896	22919	ShapeBuilder	19
TessellatedShapeBuilderFallback	Autodesk.Revit.DB	Autodesk/Revit/DB/__init__.py	22920	22924		0
TessellatedShapeBuilderOutcome	Autodesk.Revit.DB	Autodesk/Revit/DB/__init__.py	22925	22929		0
TessellatedShapeBuilderResult	Autodesk.Revit.DB	Autodesk/Revit/DB/__init__.py	22930	22941		8
TessellatedShapeBuilderTarget	Autodesk.Revit.DB	Autodesk/Revit/DB/__init__.py	22942	22946		0
TessellationWindingRule	Autodesk.Navisworks.Api	Autodesk/Navisworks/Api/__init__.py	2073	2077		0
TextAlignFlags	Autodesk.Revit.DB	Autodesk/Revit/DB/__init__.py	22947	22951		0
TextAlignMask	Autodesk.Revit.DB	Autodesk/Revit/DB/__init__.py	22952	22956		0
TextAlignment	Autodesk.AutoCAD.DatabaseServices	Autodesk/AutoCAD/DatabaseServices/__init__.py	19432	19436		0
TextAlignmentType	Autodesk.AutoCAD.DatabaseServices	Autodesk/AutoCAD/DatabaseServices/__init__.py	19437	19441		0
TextAngleType	Autodesk.AutoCAD.DatabaseServices	Autodesk/AutoCAD/DatabaseServices/__init__.py	19442	19446		0
TextAttachmentDirection	Autodesk.AutoCAD.DatabaseServices	Autodesk/AutoCAD/DatabaseServices/__init__.py	19447	19451		0
TextAttachmentType	Autodesk.AutoCAD.DatabaseServices	Autodesk/AutoCAD/DatabaseServices/__init__.py	19452	19456		0
TextBaselineStyle	Autodesk.Revit.DB	Autodesk/Revit/DB/__init__.py	22957	22961		0
TextBorderType	Autodesk.Civil	Autodesk/Civil/__init__.py	1732	1736		0
TextBox	Autodesk.Revit.UI	Autodesk/Revit/UI/__init__.py	955	972	RibbonItem	14
TextBox	System.Windows.Forms	System/Windows/Forms/__init__.py	63225	65517	TextBoxBase, IComponent, IDisposable, IOleControl, IOleObject, IOleInPlaceObject, IOleInPlaceActiveObject, IOleWindow, IViewObject, IViewObject2, IPersist, IPersistStreamInit, IPersistPropertyBag, IPersistStorage, IQuickActivate, ISupportOleDropSource, IDropTarget, ISynchronizeInvoke, IWin32Window, IArrangedElement, IBindableComponent	0
TextBoxBase	System.Windows.Forms	System/Windows/Forms/__init__.py	60615	63224	Control, IComponent, IDisposable, IOleControl, IOleObject, IOleInPlaceObject, IOleInPlaceActiveObject, IOleWindow, IViewObject, IViewObject2, IPersist, IPersistStreamInit, IPersistPropertyBag, IPersistStorage, IQuickActivate, ISupportOleDropSource, IDropTarget, ISynchronizeInvoke, IWin32Window, IArrangedElement, IBindableComponent	0
TextBoxData	Autodesk.Revit.UI	Autodesk/Revit/UI/__init__.py	973	982	RibbonItemData	6
TextBoxEnterPressedEventArgs	Autodesk.Revit.UI.Events	Autodesk/Revit/UI/Events.py	184	188	RibbonItemEventArgs	1
TextBoxRenderer	System.Windows.Forms	System/Windows/Forms/__init__.py	216271	216394	object	0
TextBoxState	System.Windows.Forms.VisualStyles	System/Windows/Forms/VisualStyles.py	1788	1837	Enum, IComparable, IFormattable, IConvertible	0
TextDataFormat	System.Windows.Forms	System/Windows/Forms/__init__.py	216395	216443	Enum, IComparable, IFormattable, IConvertible	0
TextEditor	Autodesk.AutoCAD.DatabaseServices	Autodesk/AutoCAD/DatabaseServices/__init__.py	19457	19498	DisposableWrapper	37
TextEditorColumn	Autodesk.AutoCAD.DatabaseServices	Autodesk/AutoCAD/DatabaseServices/__init__.py	19499	19508	DisposableWrapper	6
TextEditorColumns	Autodesk.AutoCAD.DatabaseServices	Autodesk/AutoCAD/DatabaseServices/__init__.py	19509	19524	DisposableWrapper	12
TextEditorCursor	Autodesk.AutoCAD.DatabaseServices	Autodesk/AutoCAD/DatabaseServices/__init__.py	19525	19547	TextEditorSelectionbase	19
TextEditorLocation	Autodesk.AutoCAD.DatabaseServices	Autodesk/AutoCAD/DatabaseServices/__init__.py	19548	19554	DisposableWrapper	3
TextEditorOptions	Autodesk.Revit.UI	Autodesk/Revit/UI/__init__.py	983	992		5
TextEditorParagraph	Autodesk.AutoCAD.DatabaseServices	Autodesk/AutoCAD/DatabaseServices/__init__.py	19555	19582	DisposableWrapper	24
TextEditorParagraphTab	Autodesk.AutoCAD.DatabaseServices	Autodesk/AutoCAD/DatabaseServices/__init__.py	19583	19589		3
TextEditorSelection	Autodesk.AutoCAD.DatabaseServices	Autodesk/AutoCAD/DatabaseServices/__init__.py	19590	19630	TextEditorSelectionbase	37
TextEditorSelectionbase	Autodesk.AutoCAD.DatabaseServices	Autodesk/AutoCAD/DatabaseServices/__init__.py	19631	19661	DisposableWrapper	27
TextEditorStack	Autodesk.AutoCAD.DatabaseServices	Autodesk/AutoCAD/DatabaseServices/__init__.py	19662	19673		8
TextEditorWipeout	Autodesk.AutoCAD.DatabaseServices	Autodesk/AutoCAD/DatabaseServices/__init__.py	19674	19686	DisposableWrapper	9
TextElement	Autodesk.Revit.DB	Autodesk/Revit/DB/__init__.py	22962	23007	Element	40
TextElementBackground	Autodesk.Revit.DB	Autodesk/Revit/DB/__init__.py	23008	23012		0
TextElementType	Autodesk.Revit.DB	Autodesk/Revit/DB/__init__.py	23013	23047	LineAndTextAttrSymbol	31
TextExtents2D	Autodesk.Navisworks.Api	Autodesk/Navisworks/Api/__init__.py	2078	2092	NativeHandle	9
TextFontInfo	Autodesk.Navisworks.Api	Autodesk/Navisworks/Api/__init__.py	2093	2110	NativeHandle	12
TextFontMetrics	Autodesk.Navisworks.Api	Autodesk/Navisworks/Api/__init__.py	2111	2120	NativeHandle	4
TextForEachComponentSelectedType	Autodesk.Civil.DatabaseServices.Styles	Autodesk/Civil/DatabaseServices/Styles.py	6927	6931		0
TextFormatFlags	System.Windows.Forms	System/Windows/Forms/__init__.py	216444	216515	Enum, IComparable, IFormattable, IConvertible	0
TextHorizontalMode	Autodesk.AutoCAD.DatabaseServices	Autodesk/AutoCAD/DatabaseServices/__init__.py	19687	19691		0
TextIPEUtils	Autodesk.AutoCAD.Internal	Autodesk/AutoCAD/Internal/__init__.py	2718	2755		20
TextImageRelation	System.Windows.Forms	System/Windows/Forms/__init__.py	216516	216564	Enum, IComparable, IFormattable, IConvertible	0
TextJustificationType	Autodesk.Civil	Autodesk/Civil/__init__.py	1737	1741		0
TextListStyle	Autodesk.Revit.DB	Autodesk/Revit/DB/__init__.py	23048	23052		0
TextMetrics	System.Windows.Forms.VisualStyles	System/Windows/Forms/VisualStyles.py	1838	2101	object	0
TextMetricsCharacterSet	System.Windows.Forms.VisualStyles	System/Windows/Forms/VisualStyles.py	2102	2164	Enum, IComparable, IFormattable, IConvertible	0
TextMetricsPitchAndFamilyValues	System.Windows.Forms.VisualStyles	System/Windows/Forms/VisualStyles.py	2165	2212	Enum, IComparable, IFormattable, IConvertible	0
TextNode	Autodesk.Revit.DB	Autodesk/Revit/DB/__init__.py	23053	23077	RenderNode	21
TextNote	Autodesk.Aec.DatabaseServices	Autodesk/Aec/DatabaseServices.py	8838	8892	DBObject	49
TextNote	Autodesk.Revit.DB	Autodesk/Revit/DB/__init__.py	23078	23130	TextElement	48
TextNoteLeaderStyles	Autodesk.Revit.DB	Autodesk/Revit/DB/__init__.py	23131	23135		0
TextNoteLeaderTypes	Autodesk.Revit.DB	Autodesk/Revit/DB/__init__.py	23136	23140		0
TextNoteOptions	Autodesk.Revit.DB	Autodesk/Revit/DB/__init__.py	23141	23151		7
TextNoteType	Autodesk.Revit.DB	Autodesk/Revit/DB/__init__.py	23152	23186	TextElementType	31
TextRange	Autodesk.Revit.DB	Autodesk/Revit/DB/__init__.py	23187	23195		5
TextRenderer	System.Windows.Forms	System/Windows/Forms/__init__.py	216565	216915	object	0
TextRenderingHint	System.Drawing.Text	System/Drawing/Text.py	262	312	Enum, IComparable, IFormattable, IConvertible	0
TextShadowType	System.Windows.Forms.VisualStyles	System/Windows/Forms/VisualStyles.py	2213	2259	Enum, IComparable, IFormattable, IConvertible	0
TextSize	Autodesk.AutoCAD.Windows.Data	Autodesk/AutoCAD/Windows/Data/__init__.py	1192	1198		3
TextStyle	Autodesk.AutoCAD.GraphicsInterface	Autodesk/AutoCAD/GraphicsInterface.py	1388	1416	RXObject	24
TextStyleTable	Autodesk.AutoCAD.DatabaseServices	Autodesk/AutoCAD/DatabaseServices/__init__.py	19692	19737	SymbolTable	42
TextStyleTableRecord	Autodesk.AutoCAD.DatabaseServices	Autodesk/AutoCAD/DatabaseServices/__init__.py	19738	19794	SymbolTableRecord	53
TextTreatment	Autodesk.Revit.DB	Autodesk/Revit/DB/__init__.py	23196	23200		0
TextVerticalMode	Autodesk.AutoCAD.DatabaseServices	Autodesk/AutoCAD/DatabaseServices/__init__.py	19795	19799		0
TextureBrush	System.Drawing	System/Drawing/__init__.py	13526	13857	Brush, ICloneable, IDisposable	0
ThemeChangedEventArgs	Autodesk.Revit.UI.Events	Autodesk/Revit/UI/Events.py	189	195	RevitAPISingleEventArgs	3
ThemeChangedEventHandler	Autodesk.AutoCAD.Internal	Autodesk/AutoCAD/Internal/__init__.py	2756	2764		5
ThemeEngine	Autodesk.AutoCAD.Windows.Data	Autodesk/AutoCAD/Windows/Data/__init__.py	1199	1206		4
ThemeSizeType	System.Windows.Forms.VisualStyles	System/Windows/Forms/VisualStyles.py	2260	2306	Enum, IComparable, IFormattable, IConvertible	0
ThemeSymbolType	Autodesk.Aec.DatabaseServices	Autodesk/Aec/DatabaseServices.py	8893	8897		0
ThemeType	Autodesk.Revit.UI	Autodesk/Revit/UI/__init__.py	993	997		0
ThermalAsset	Autodesk.Revit.DB	Autodesk/Revit/DB/__init__.py	23201	23226		22
ThermalMaterialType	Autodesk.Revit.DB	Autodesk/Revit/DB/__init__.py	23227	23231		0
ThermalProperties	Autodesk.Revit.DB	Autodesk/Revit/DB/__init__.py	23232	23243	APIObject	8
ThinLinesOptions	Autodesk.Revit.UI	Autodesk/Revit/UI/__init__.py	998	1004		3
ThreadExceptionDialog	System.Windows.Forms	System/Windows/Forms/__init__.py	216916	219395	Form, IComponent, IDisposable, IOleControl, IOleObject, IOleInPlaceObject, IOleInPlaceActiveObject, IOleWindow, IViewObject, IViewObject2, IPersist, IPersistStreamInit, IPersistPropertyBag, IPersistStorage, IQuickActivate, ISupportOleDropSource, IDropTarget, ISynchronizeInvoke, IWin32Window, IArrangedElement, IBindableComponent, IContainerControl	0
ThreadStaticAttribute	System	System/__init__.py	34194	34209	Attribute, _Attribute	0
ThreePointAngleConstraint	Autodesk.AutoCAD.DatabaseServices	Autodesk/AutoCAD/DatabaseServices/__init__.py	19800	19819	AngularConstraint	16
ThumbnailGenerateState	Autodesk.AutoCAD.Internal	Autodesk/AutoCAD/Internal/__init__.py	2765	2769		0
ThumbnailGenerateTask	Autodesk.AutoCAD.Internal	Autodesk/AutoCAD/Internal/__init__.py	2770	2781		8
ThumbnailGenerateTaskQueue	Autodesk.AutoCAD.Internal	Autodesk/AutoCAD/Internal/__init__.py	2782	2796		10
ThumbnailGeneratorPurpose	Autodesk.Navisworks.Api.Interop	Autodesk/Navisworks/Api/Interop/__init__.py	7942	7946		0
ThumbnailTaskDescriber	Autodesk.AutoCAD.Internal	Autodesk/AutoCAD/Internal/__init__.py	2797	2805	TaskDescriber	5
TickStyle	System.Windows.Forms	System/Windows/Forms/__init__.py	219396	219443	Enum, IComparable, IFormattable, IConvertible	0
Tile	Autodesk.Revit.DB.Visual	Autodesk/Revit/DB/Visual.py	915	947		29
TileBrickType	Autodesk.Revit.DB.Visual	Autodesk/Revit/DB/Visual.py	948	952		0
TileDirectionType	Autodesk.Civil.Settings	Autodesk/Civil/Settings.py	7345	7349		0
TilePattern	Autodesk.Revit.DB	Autodesk/Revit/DB/__init__.py	23244	23280	ElementType	33
TilePatterns	Autodesk.Revit.DB	Autodesk/Revit/DB/__init__.py	23281	23286	APIObject	2
TilePatternsBuiltIn	Autodesk.Revit.DB	Autodesk/Revit/DB/__init__.py	23287	23291		0
Tiling	Autodesk.AutoCAD.GraphicsInterface	Autodesk/AutoCAD/GraphicsInterface.py	1417	1421		0
TimeOfConcentrationCalculationMethod	Autodesk.Civil.DatabaseServices	Autodesk/Civil/DatabaseServices/__init__.py	24388	24392		0
TimeSpan	System	System/__init__.py	34254	35192	object, IComparable, IComparable[TimeSpan], IEquatable[TimeSpan], IFormattable	0
TimeUnitType	Autodesk.Civil	Autodesk/Civil/__init__.py	1742	1746		0
TimeZone	Autodesk.AutoCAD.DatabaseServices	Autodesk/AutoCAD/DatabaseServices/__init__.py	19820	19824		0
TimeZone	System	System/__init__.py	35193	35326	object	0
TimeZoneInfo	System	System/__init__.py	35327	35949	object, IEquatable[TimeZoneInfo], ISerializable, IDeserializationCallback	0
TimeZoneNotFoundException	System	System/__init__.py	35950	35993	Exception, ISerializable, _Exception	0
TimeoutException	System	System/__init__.py	34210	34253	SystemException, ISerializable, _Exception	0
Timer	System.Windows.Forms	System/Windows/Forms/__init__.py	219444	219661	Component, IComponent, IDisposable	0
TinSurface	Autodesk.Civil.DatabaseServices	Autodesk/Civil/DatabaseServices/__init__.py	24393	24586	Surface	184
TinSurfaceEdge	Autodesk.Civil.DatabaseServices	Autodesk/Civil/DatabaseServices/__init__.py	24587	24599	TinSurfaceObject	9
TinSurfaceEdgeCollection	Autodesk.Civil.DatabaseServices	Autodesk/Civil/DatabaseServices/__init__.py	24600	24607		4
TinSurfaceEdgeEnumerator	Autodesk.Civil.DatabaseServices	Autodesk/Civil/DatabaseServices/__init__.py	24608	24616		5
TinSurfaceObject	Autodesk.Civil.DatabaseServices	Autodesk/Civil/DatabaseServices/__init__.py	24617	24625		5
TinSurfaceProperties	Autodesk.Civil.DatabaseServices	Autodesk/Civil/DatabaseServices/__init__.py	24626	24634		5
TinSurfaceTriangle	Autodesk.Civil.DatabaseServices	Autodesk/Civil/DatabaseServices/__init__.py	24635	24647	TinSurfaceObject	9
TinSurfaceTriangleCollection	Autodesk.Civil.DatabaseServices	Autodesk/Civil/DatabaseServices/__init__.py	24648	24655		4
TinSurfaceTriangleEnumerator	Autodesk.Civil.DatabaseServices	Autodesk/Civil/DatabaseServices/__init__.py	24656	24664		5
TinSurfaceVertex	Autodesk.Civil.DatabaseServices	Autodesk/Civil/DatabaseServices/__init__.py	24665	24674	TinSurfaceObject	6
TinSurfaceVertexCollection	Autodesk.Civil.DatabaseServices	Autodesk/Civil/DatabaseServices/__init__.py	24675	24682		4
TinSurfaceVertexEnumerator	Autodesk.Civil.DatabaseServices	Autodesk/Civil/DatabaseServices/__init__.py	24683	24691		5
TinVolumeSurface	Autodesk.Civil.DatabaseServices	Autodesk/Civil/DatabaseServices/__init__.py	24692	24826	Surface	130
ToggleButton	Autodesk.Revit.UI	Autodesk/Revit/UI/__init__.py	1005	1022	PushButton	14
ToggleButtonData	Autodesk.Revit.UI	Autodesk/Revit/UI/__init__.py	1023	1037	PushButtonData	11
Tolerance	Autodesk.AutoCAD.Geometry	Autodesk/AutoCAD/Geometry.py	2008	2014		3
ToneOperatorParameters	Autodesk.AutoCAD.GraphicsInterface	Autodesk/AutoCAD/GraphicsInterface.py	1422	1440	RXObject	15
Tool	Autodesk.Navisworks.Api	Autodesk/Navisworks/Api/__init__.py	2121	2125		0
ToolAttribute	Autodesk.AutoCAD.Windows.ToolPalette	Autodesk/AutoCAD/Windows/ToolPalette.py	143	149	Attribute	3
ToolBar	System.Windows.Forms	System/Windows/Forms/__init__.py	219662	222028	Control, IComponent, IDisposable, IOleControl, IOleObject, IOleInPlaceObject, IOleInPlaceActiveObject, IOleWindow, IViewObject, IViewObject2, IPersist, IPersistStreamInit, IPersistPropertyBag, IPersistStorage, IQuickActivate, ISupportOleDropSource, IDropTarget, ISynchronizeInvoke, IWin32Window, IArrangedElement, IBindableComponent	0
ToolBarAppearance	System.Windows.Forms	System/Windows/Forms/__init__.py	222029	222074	Enum, IComparable, IFormattable, IConvertible	0
ToolBarButton	System.Windows.Forms	System/Windows/Forms/__init__.py	222075	222403	Component, IComponent, IDisposable	0
ToolBarButtonClickEventArgs	System.Windows.Forms	System/Windows/Forms/__init__.py	222404	222431	EventArgs	0
ToolBarButtonClickEventHandler	System.Windows.Forms	System/Windows/Forms/__init__.py	222432	222536	MulticastDelegate, ICloneable, ISerializable	0
ToolBarButtonStyle	System.Windows.Forms	System/Windows/Forms/__init__.py	222537	222584	Enum, IComparable, IFormattable, IConvertible	0
ToolBarState	System.Windows.Forms.VisualStyles	System/Windows/Forms/VisualStyles.py	2307	2356	Enum, IComparable, IFormattable, IConvertible	0
ToolBarTextAlign	System.Windows.Forms	System/Windows/Forms/__init__.py	222585	222630	Enum, IComparable, IFormattable, IConvertible	0
ToolEditFlags	Autodesk.AutoCAD.Windows.ToolPalette	Autodesk/AutoCAD/Windows/ToolPalette.py	150	154		0
ToolItemInfo	Autodesk.AutoCAD.Windows.ToolPalette	Autodesk/AutoCAD/Windows/ToolPalette.py	155	159		0
ToolPlugin	Autodesk.Navisworks.Api.Plugins	Autodesk/Navisworks/Api/Plugins.py	626	652	Plugin	23
ToolPluginRecord	Autodesk.Navisworks.Api.Plugins	Autodesk/Navisworks/Api/Plugins.py	653	674	PluginRecord	18
ToolReactorManager	Autodesk.AutoCAD.Windows.ToolPalette	Autodesk/AutoCAD/Windows/ToolPalette.py	160	168		4
ToolStrip	System.Windows.Forms	System/Windows/Forms/__init__.py	12530	15629	ScrollableControl, IComponent, IDisposable, IOleControl, IOleObject, IOleInPlaceObject, IOleInPlaceActiveObject, IOleWindow, IViewObject, IViewObject2, IPersist, IPersistStreamInit, IPersistPropertyBag, IPersistStorage, IQuickActivate, ISupportOleDropSource, IDropTarget, ISynchronizeInvoke, IWin32Window, IArrangedElement, IBindableComponent, ISupportToolStripPanel	0
ToolStripArrowRenderEventArgs	System.Windows.Forms	System/Windows/Forms/__init__.py	222631	222710	EventArgs	0
ToolStripArrowRenderEventHandler	System.Windows.Forms	System/Windows/Forms/__init__.py	222711	222815	MulticastDelegate, ICloneable, ISerializable	0
ToolStripButton	System.Windows.Forms	System/Windows/Forms/__init__.py	224446	225310	ToolStripItem, IComponent, IDisposable, IDropTarget, ISupportOleDropSource, IArrangedElement	0
ToolStripComboBox	System.Windows.Forms	System/Windows/Forms/__init__.py	226543	227915	ToolStripControlHost, IComponent, IDisposable, IDropTarget, ISupportOleDropSource, IArrangedElement	0
ToolStripContainer	System.Windows.Forms	System/Windows/Forms/__init__.py	227916	230349	ContainerControl, IComponent, IDisposable, IOleControl, IOleObject, IOleInPlaceObject, IOleInPlaceActiveObject, IOleWindow, IViewObject, IViewObject2, IPersist, IPersistStreamInit, IPersistPropertyBag, IPersistStorage, IQuickActivate, ISupportOleDropSource, IDropTarget, ISynchronizeInvoke, IWin32Window, IArrangedElement, IBindableComponent, IContainerControl	0
ToolStripContentPanel	System.Windows.Forms	System/Windows/Forms/__init__.py	230350	232767	Panel, IComponent, IDisposable, IOleControl, IOleObject, IOleInPlaceObject, IOleInPlaceActiveObject, IOleWindow, IViewObject, IViewObject2, IPersist, IPersistStreamInit, IPersistPropertyBag, IPersistStorage, IQuickActivate, ISupportOleDropSource, IDropTarget, ISynchronizeInvoke, IWin32Window, IArrangedElement, IBindableComponent	0
ToolStripContentPanelRenderEventArgs	System.Windows.Forms	System/Windows/Forms/__init__.py	232768	232817	EventArgs	0
ToolStripContentPanelRenderEventHandler	System.Windows.Forms	System/Windows/Forms/__init__.py	232818	232922	MulticastDelegate, ICloneable, ISerializable	0
ToolStripControlHost	System.Windows.Forms	System/Windows/Forms/__init__.py	225311	226542	ToolStripItem, IComponent, IDisposable, IDropTarget, ISupportOleDropSource, IArrangedElement	0
ToolStripDefaultRenderer	Autodesk.AutoCAD.Internal.Forms	Autodesk/AutoCAD/Internal/Forms.py	25	31	ToolStripSystemRenderer	3
ToolStripDropDown	System.Windows.Forms	System/Windows/Forms/__init__.py	43663	46611	ToolStrip, IComponent, IDisposable, IOleControl, IOleObject, IOleInPlaceObject, IOleInPlaceActiveObject, IOleWindow, IViewObject, IViewObject2, IPersist, IPersistStreamInit, IPersistPropertyBag, IPersistStorage, IQuickActivate, ISupportOleDropSource, IDropTarget, ISynchronizeInvoke, IWin32Window, IArrangedElement, IBindableComponent, ISupportToolStripPanel	0
ToolStripDropDownButton	System.Windows.Forms	System/Windows/Forms/__init__.py	233810	234661	ToolStripDropDownItem, IComponent, IDisposable, IDropTarget, ISupportOleDropSource, IArrangedElement	0
ToolStripDropDownCloseReason	System.Windows.Forms	System/Windows/Forms/__init__.py	234793	234841	Enum, IComparable, IFormattable, IConvertible	0
ToolStripDropDownClosedEventArgs	System.Windows.Forms	System/Windows/Forms/__init__.py	234662	234687	EventArgs	0
ToolStripDropDownClosedEventHandler	System.Windows.Forms	System/Windows/Forms/__init__.py	234688	234792	MulticastDelegate, ICloneable, ISerializable	0
ToolStripDropDownClosingEventArgs	System.Windows.Forms	System/Windows/Forms/__init__.py	234842	234867	CancelEventArgs	0
ToolStripDropDownClosingEventHandler	System.Windows.Forms	System/Windows/Forms/__init__.py	234868	234972	MulticastDelegate, ICloneable, ISerializable	0
ToolStripDropDownDirection	System.Windows.Forms	System/Windows/Forms/__init__.py	234973	235023	Enum, IComparable, IFormattable, IConvertible	0
ToolStripDropDownItem	System.Windows.Forms	System/Windows/Forms/__init__.py	232923	233809	ToolStripItem, IComponent, IDisposable, IDropTarget, ISupportOleDropSource, IArrangedElement	0
ToolStripDropDownItemAccessibleObject	System.Windows.Forms	System/Windows/Forms/__init__.py	235024	235158	ToolStripItemAccessibleObject, IMarshal, IReflect, IAccessible, IEnumVariant, IOleWindow	0
ToolStripDropDownMenu	System.Windows.Forms	System/Windows/Forms/__init__.py	46612	49123	ToolStripDropDown, IComponent, IDisposable, IOleControl, IOleObject, IOleInPlaceObject, IOleInPlaceActiveObject, IOleWindow, IViewObject, IViewObject2, IPersist, IPersistStreamInit, IPersistPropertyBag, IPersistStorage, IQuickActivate, ISupportOleDropSource, IDropTarget, ISynchronizeInvoke, IWin32Window, IArrangedElement, IBindableComponent, ISupportToolStripPanel	0
ToolStripGripDisplayStyle	System.Windows.Forms	System/Windows/Forms/__init__.py	235159	235204	Enum, IComparable, IFormattable, IConvertible	0
ToolStripGripRenderEventArgs	System.Windows.Forms	System/Windows/Forms/__init__.py	235281	235328	ToolStripRenderEventArgs	0
ToolStripGripRenderEventHandler	System.Windows.Forms	System/Windows/Forms/__init__.py	235329	235433	MulticastDelegate, ICloneable, ISerializable	0
ToolStripGripStyle	System.Windows.Forms	System/Windows/Forms/__init__.py	235434	235479	Enum, IComparable, IFormattable, IConvertible	0
ToolStripItem	System.Windows.Forms	System/Windows/Forms/__init__.py	222816	224445	Component, IComponent, IDisposable, IDropTarget, ISupportOleDropSource, IArrangedElement	0
ToolStripItemAlignment	System.Windows.Forms	System/Windows/Forms/__init__.py	235480	235525	Enum, IComparable, IFormattable, IConvertible	0
ToolStripItemClickedEventArgs	System.Windows.Forms	System/Windows/Forms/__init__.py	235526	235551	EventArgs	0
ToolStripItemClickedEventHandler	System.Windows.Forms	System/Windows/Forms/__init__.py	235552	235656	MulticastDelegate, ICloneable, ISerializable	0
ToolStripItemCollection	System.Windows.Forms	System/Windows/Forms/__init__.py	235657	235998	ArrangedElementCollection, IList, ICollection, IEnumerable	0
ToolStripItemDesignerAvailability	System.Windows.Forms.Design	System/Windows/Forms/Design.py	5567	5616	Enum, IComparable, IFormattable, IConvertible	0
ToolStripItemDesignerAvailabilityAttribute	System.Windows.Forms.Design	System/Windows/Forms/Design.py	5617	5697	Attribute, _Attribute	0
ToolStripItemDisplayStyle	System.Windows.Forms	System/Windows/Forms/__init__.py	235999	236046	Enum, IComparable, IFormattable, IConvertible	0
ToolStripItemEventArgs	System.Windows.Forms	System/Windows/Forms/__init__.py	236047	236076	EventArgs	0
ToolStripItemEventHandler	System.Windows.Forms	System/Windows/Forms/__init__.py	236077	236181	MulticastDelegate, ICloneable, ISerializable	0
ToolStripItemImageRenderEventArgs	System.Windows.Forms	System/Windows/Forms/__init__.py	236234	236276	ToolStripItemRenderEventArgs	0
ToolStripItemImageRenderEventHandler	System.Windows.Forms	System/Windows/Forms/__init__.py	236277	236381	MulticastDelegate, ICloneable, ISerializable	0
ToolStripItemImageScaling	System.Windows.Forms	System/Windows/Forms/__init__.py	236382	236427	Enum, IComparable, IFormattable, IConvertible	0
ToolStripItemOverflow	System.Windows.Forms	System/Windows/Forms/__init__.py	236428	236474	Enum, IComparable, IFormattable, IConvertible	0
ToolStripItemPlacement	System.Windows.Forms	System/Windows/Forms/__init__.py	236475	236521	Enum, IComparable, IFormattable, IConvertible	0
ToolStripItemRenderEventArgs	System.Windows.Forms	System/Windows/Forms/__init__.py	236182	236233	EventArgs	0
ToolStripItemRenderEventHandler	System.Windows.Forms	System/Windows/Forms/__init__.py	236522	236626	MulticastDelegate, ICloneable, ISerializable	0
ToolStripItemTextRenderEventArgs	System.Windows.Forms	System/Windows/Forms/__init__.py	236627	236725	ToolStripItemRenderEventArgs	0
ToolStripItemTextRenderEventHandler	System.Windows.Forms	System/Windows/Forms/__init__.py	236726	236830	MulticastDelegate, ICloneable, ISerializable	0
ToolStripLabel	System.Windows.Forms	System/Windows/Forms/__init__.py	236831	237670	ToolStripItem, IComponent, IDisposable, IDropTarget, ISupportOleDropSource, IArrangedElement	0
ToolStripLayoutStyle	System.Windows.Forms	System/Windows/Forms/__init__.py	237671	237719	Enum, IComparable, IFormattable, IConvertible	0
ToolStripManager	System.Windows.Forms	System/Windows/Forms/__init__.py	237720	237958	object	0
ToolStripManagerRenderMode	System.Windows.Forms	System/Windows/Forms/__init__.py	237959	238005	Enum, IComparable, IFormattable, IConvertible	0
ToolStripMenuItem	System.Windows.Forms	System/Windows/Forms/__init__.py	238006	238977	ToolStripDropDownItem, IComponent, IDisposable, IDropTarget, ISupportOleDropSource, IArrangedElement	0
ToolStripOverflow	System.Windows.Forms	System/Windows/Forms/__init__.py	238978	241468	ToolStripDropDown, IComponent, IDisposable, IOleControl, IOleObject, IOleInPlaceObject, IOleInPlaceActiveObject, IOleWindow, IViewObject, IViewObject2, IPersist, IPersistStreamInit, IPersistPropertyBag, IPersistStorage, IQuickActivate, ISupportOleDropSource, IDropTarget, ISynchronizeInvoke, IWin32Window, IArrangedElement, IBindableComponent, ISupportToolStripPanel	0
ToolStripOverflowButton	System.Windows.Forms	System/Windows/Forms/__init__.py	241469	242297	ToolStripDropDownButton, IComponent, IDisposable, IDropTarget, ISupportOleDropSource, IArrangedElement	0
ToolStripPanel	System.Windows.Forms	System/Windows/Forms/__init__.py	242298	244790	ContainerControl, IComponent, IDisposable, IOleControl, IOleObject, IOleInPlaceObject, IOleInPlaceActiveObject, IOleWindow, IViewObject, IViewObject2, IPersist, IPersistStreamInit, IPersistPropertyBag, IPersistStorage, IQuickActivate, ISupportOleDropSource, IDropTarget, ISynchronizeInvoke, IWin32Window, IArrangedElement, IBindableComponent, IContainerControl	0
ToolStripPanelRenderEventArgs	System.Windows.Forms	System/Windows/Forms/__init__.py	244791	244840	EventArgs	0
ToolStripPanelRenderEventHandler	System.Windows.Forms	System/Windows/Forms/__init__.py	244841	244945	MulticastDelegate, ICloneable, ISerializable	0
ToolStripPanelRow	System.Windows.Forms	System/Windows/Forms/__init__.py	244946	245272	Component, IComponent, IDisposable, IArrangedElement	0
ToolStripProfessionalRenderer	System.Windows.Forms	System/Windows/Forms/__init__.py	245896	245940	ToolStripRenderer	0
ToolStripProgressBar	System.Windows.Forms	System/Windows/Forms/__init__.py	245941	246976	ToolStripControlHost, IComponent, IDisposable, IDropTarget, ISupportOleDropSource, IArrangedElement	0
ToolStripRenderEventArgs	System.Windows.Forms	System/Windows/Forms/__init__.py	235205	235280	EventArgs	0
ToolStripRenderEventHandler	System.Windows.Forms	System/Windows/Forms/__init__.py	246977	247081	MulticastDelegate, ICloneable, ISerializable	0
ToolStripRenderMode	System.Windows.Forms	System/Windows/Forms/__init__.py	247082	247129	Enum, IComparable, IFormattable, IConvertible	0
ToolStripRenderer	System.Windows.Forms	System/Windows/Forms/__init__.py	245273	245895	object	0
ToolStripSeparator	System.Windows.Forms	System/Windows/Forms/__init__.py	247130	248123	ToolStripItem, IComponent, IDisposable, IDropTarget, ISupportOleDropSource, IArrangedElement	0
ToolStripSeparatorRenderEventArgs	System.Windows.Forms	System/Windows/Forms/__init__.py	248124	248149	ToolStripItemRenderEventArgs	0
ToolStripSeparatorRenderEventHandler	System.Windows.Forms	System/Windows/Forms/__init__.py	248150	248254	MulticastDelegate, ICloneable, ISerializable	0
ToolStripSplitButton	System.Windows.Forms	System/Windows/Forms/__init__.py	248255	249271	ToolStripDropDownItem, IComponent, IDisposable, IDropTarget, ISupportOleDropSource, IArrangedElement	0
ToolStripStatusLabel	System.Windows.Forms	System/Windows/Forms/__init__.py	249272	250081	ToolStripLabel, IComponent, IDisposable, IDropTarget, ISupportOleDropSource, IArrangedElement	0
ToolStripStatusLabelBorderSides	System.Windows.Forms	System/Windows/Forms/__init__.py	250082	250131	Enum, IComparable, IFormattable, IConvertible	0
ToolStripSystemRenderer	System.Windows.Forms	System/Windows/Forms/__init__.py	250132	250140	ToolStripRenderer	0
ToolStripTextBox	System.Windows.Forms	System/Windows/Forms/__init__.py	250141	251587	ToolStripControlHost, IComponent, IDisposable, IDropTarget, ISupportOleDropSource, IArrangedElement	0
ToolStripTextDirection	System.Windows.Forms	System/Windows/Forms/__init__.py	251588	251635	Enum, IComparable, IFormattable, IConvertible	0
ToolTip	System.Windows.Forms	System/Windows/Forms/__init__.py	251636	252202	Component, IComponent, IDisposable, IExtenderProvider	0
ToolTipIcon	System.Windows.Forms	System/Windows/Forms/__init__.py	252203	252250	Enum, IComparable, IFormattable, IConvertible	0
ToolTipsAttribute	Autodesk.Navisworks.Api.Plugins	Autodesk/Navisworks/Api/Plugins.py	675	680	Attribute	2
ToolTipsRecord	Autodesk.Navisworks.Api.Plugins	Autodesk/Navisworks/Api/Plugins.py	681	685		1
ToolboxBitmapAttribute	System.Drawing	System/Drawing/__init__.py	13858	14110	Attribute, _Attribute	0
ToolboxComponentsCreatedEventArgs	System.Drawing.Design	System/Drawing/Design.py	1011	1036	EventArgs	0
ToolboxComponentsCreatedEventHandler	System.Drawing.Design	System/Drawing/Design.py	1037	1141	MulticastDelegate, ICloneable, ISerializable	0
ToolboxComponentsCreatingEventArgs	System.Drawing.Design	System/Drawing/Design.py	1142	1167	EventArgs	0
ToolboxComponentsCreatingEventHandler	System.Drawing.Design	System/Drawing/Design.py	1168	1272	MulticastDelegate, ICloneable, ISerializable	0
ToolboxItem	System.Drawing.Design	System/Drawing/Design.py	1273	1767	object, ISerializable	0
ToolboxItemCollection	System.Drawing.Design	System/Drawing/Design.py	1768	1857	ReadOnlyCollectionBase, ICollection, IEnumerable	0
ToolboxItemCreatorCallback	System.Drawing.Design	System/Drawing/Design.py	1858	1962	MulticastDelegate, ICloneable, ISerializable	0
TooltipResult	Autodesk.Navisworks.Api	Autodesk/Navisworks/Api/__init__.py	2126	2131		2
TooltipTaskDescriber	Autodesk.AutoCAD.Internal	Autodesk/AutoCAD/Internal/__init__.py	2806	2814	TaskDescriber	5
TopRail	Autodesk.Revit.DB.Architecture	Autodesk/Revit/DB/Architecture.py	1403	1435	ContinuousRail	29
TopRailType	Autodesk.Revit.DB.Architecture	Autodesk/Revit/DB/Architecture.py	1436	1482	ContinuousRailType	43
TopographyEditScope	Autodesk.Revit.DB.Architecture	Autodesk/Revit/DB/Architecture.py	1483	1490	EditScope	4
TopographyLinkType	Autodesk.Revit.DB.Architecture	Autodesk/Revit/DB/Architecture.py	1491	1526	ElementType	32
TopographySurface	Autodesk.Revit.DB.Architecture	Autodesk/Revit/DB/Architecture.py	1527	1584	Element	50
Toposolid	Autodesk.Revit.DB	Autodesk/Revit/DB/__init__.py	23292	23345	CeilingAndFloor	44
ToposolidType	Autodesk.Revit.DB	Autodesk/Revit/DB/__init__.py	23346	23382	HostObjAttributes	33
Torus	Autodesk.AutoCAD.Geometry	Autodesk/AutoCAD/Geometry.py	2015	2043	Surface	24
TorusSurface	Autodesk.Aec.Modeler	Autodesk/Aec/Modeler.py	544	560	RevolutionSurface	13
Trace	Autodesk.AutoCAD.DatabaseServices	Autodesk/AutoCAD/DatabaseServices/__init__.py	19825	19903	Entity	75
TraceSheet	Autodesk.AutoCAD.Internal	Autodesk/AutoCAD/Internal/__init__.py	2815	2827		9
TraceUtils	Autodesk.AutoCAD.Internal	Autodesk/AutoCAD/Internal/__init__.py	2828	2843		6
TrackBar	System.Windows.Forms	System/Windows/Forms/__init__.py	252251	254655	Control, IComponent, IDisposable, IOleControl, IOleObject, IOleInPlaceObject, IOleInPlaceActiveObject, IOleWindow, IViewObject, IViewObject2, IPersist, IPersistStreamInit, IPersistPropertyBag, IPersistStorage, IQuickActivate, ISupportOleDropSource, IDropTarget, ISynchronizeInvoke, IWin32Window, IArrangedElement, IBindableComponent, ISupportInitialize	0
TrackBarRenderer	System.Windows.Forms	System/Windows/Forms/__init__.py	254656	254942	object	0
TrackBarThumbState	System.Windows.Forms.VisualStyles	System/Windows/Forms/VisualStyles.py	2357	2404	Enum, IComparable, IFormattable, IConvertible	0
TrackDistanceCalculationMode	Autodesk.Civil.DatabaseServices	Autodesk/Civil/DatabaseServices/__init__.py	24827	24831		0
TrackingContext	Autodesk.Navisworks.Internal.ApiImplementation	Autodesk/Navisworks/Internal/ApiImplementation/__init__.py	372	381		6
TransactWithCentralOptions	Autodesk.Revit.DB	Autodesk/Revit/DB/__init__.py	23383	23390		4
Transaction	Autodesk.AutoCAD.DatabaseServices	Autodesk/AutoCAD/DatabaseServices/__init__.py	19904	19917	RXObject	10
Transaction	Autodesk.Navisworks.Api	Autodesk/Navisworks/Api/__init__.py	2132	2141		6
Transaction	Autodesk.Revit.DB	Autodesk/Revit/DB/__init__.py	23391	23406		12
TransactionAttribute	Autodesk.Revit.Attributes	Autodesk/Revit/Attributes.py	25	30	Attribute	2
TransactionGroup	Autodesk.Revit.DB	Autodesk/Revit/DB/__init__.py	23407	23422		12
TransactionManager	Autodesk.AutoCAD.ApplicationServices	Autodesk/AutoCAD/ApplicationServices/__init__.py	837	849	TransactionManager	9
TransactionManager	Autodesk.AutoCAD.DatabaseServices	Autodesk/AutoCAD/DatabaseServices/__init__.py	19918	19933	RXObject	12
TransactionMode	Autodesk.Revit.Attributes	Autodesk/Revit/Attributes.py	31	35		0
TransactionStatus	Autodesk.Revit.DB	Autodesk/Revit/DB/__init__.py	23423	23427		0
TransfType	Autodesk.Aec.Modeler	Autodesk/Aec/Modeler.py	561	565		0
TransferredProjectStandardsEventArgs	Autodesk.Revit.UI.Events	Autodesk/Revit/UI/Events.py	196	204	RevitAPISingleEventArgs	5
TransferringProjectStandardsEventArgs	Autodesk.Revit.UI.Events	Autodesk/Revit/UI/Events.py	205	215	RevitAPIPreDocEventArgs	7
Transform	Autodesk.Revit.DB	Autodesk/Revit/DB/__init__.py	23428	23459	APIObject	24
Transform1D	Autodesk.Revit.DB	Autodesk/Revit/DB/__init__.py	23460	23477		14
Transform2D	Autodesk.Revit.DB	Autodesk/Revit/DB/__init__.py	23478	23504		22
Transform3D	Autodesk.Navisworks.Api	Autodesk/Navisworks/Api/__init__.py	2142	2173	NativeHandle	22
Transform3DComponents	Autodesk.Navisworks.Api	Autodesk/Navisworks/Api/__init__.py	2174	2190	NativeHandle	11
TransformOverrule	Autodesk.AutoCAD.DatabaseServices	Autodesk/AutoCAD/DatabaseServices/__init__.py	19934	19950	Overrule	13
TransformWithBoundary	Autodesk.Revit.DB	Autodesk/Revit/DB/__init__.py	23505	23512		4
Transient	Autodesk.AutoCAD.EditorInput	Autodesk/AutoCAD/EditorInput.py	1399	1411	Drawable	9
TransientDrawingMode	Autodesk.AutoCAD.GraphicsInterface	Autodesk/AutoCAD/GraphicsInterface.py	1441	1445		0
TransientElementCreationException	Autodesk.Revit.Exceptions	Autodesk/Revit/Exceptions.py	818	831	InvalidOperationException	10
TransientManager	Autodesk.AutoCAD.GraphicsInterface	Autodesk/AutoCAD/GraphicsInterface.py	1446	1461	DisposableWrapper	12
TransitionDescriptionBase	Autodesk.Civil.DatabaseServices	Autodesk/Civil/DatabaseServices/__init__.py	24832	24838	CivilWrapper<AeccDbAlignment>	3
TransitionInputType	Autodesk.Civil	Autodesk/Civil/__init__.py	1747	1751		0
TransitionType	Autodesk.Civil	Autodesk/Civil/__init__.py	1752	1756		0
TranslationRotationValue	Autodesk.Revit.DB.Structure	Autodesk/Revit/DB/Structure/__init__.py	4212	4216		0
TransmissionData	Autodesk.Revit.DB	Autodesk/Revit/DB/__init__.py	23513	23533		13
TransmittedModelException	Autodesk.Revit.Exceptions	Autodesk/Revit/Exceptions.py	832	845	InvalidOperationException	10
TransmittedModelOptions	Autodesk.Revit.DB	Autodesk/Revit/DB/__init__.py	23534	23538		0
Transparency	Autodesk.AutoCAD.Colors	Autodesk/AutoCAD/Colors.py	128	141		10
TransparencyCollection	Autodesk.AutoCAD.Colors	Autodesk/AutoCAD/Colors.py	142	164		19
TransparencyCollectionEnumerator	Autodesk.AutoCAD.Colors	Autodesk/AutoCAD/Colors.py	165	171		3
TransparencyItem	Autodesk.AutoCAD.Windows.Data	Autodesk/AutoCAD/Windows/Data/__init__.py	1207	1213		3
TransparencyMethod	Autodesk.AutoCAD.Colors	Autodesk/AutoCAD/Colors.py	172	176		0
TransparencyMode	Autodesk.AutoCAD.GraphicsInterface	Autodesk/AutoCAD/GraphicsInterface.py	1462	1466		0
TrayItem	Autodesk.AutoCAD.Windows	Autodesk/AutoCAD/Windows/__init__.py	539	551	StatusBarItem	9
TrayItemBubbleWindow	Autodesk.AutoCAD.Windows	Autodesk/AutoCAD/Windows/__init__.py	552	564	DisposableWrapper	9
TrayItemBubbleWindowCloseReason	Autodesk.AutoCAD.Windows	Autodesk/AutoCAD/Windows/__init__.py	565	569		0
TrayItemBubbleWindowClosedEventArgs	Autodesk.AutoCAD.Windows	Autodesk/AutoCAD/Windows/__init__.py	570	574	EventArgs	1
TrayItemBubbleWindowClosedEventHandler	Autodesk.AutoCAD.Windows	Autodesk/AutoCAD/Windows/__init__.py	575	583		5
TrayItemCollection	Autodesk.AutoCAD.Windows	Autodesk/AutoCAD/Windows/__init__.py	584	600		13
TreadNosingPosition	Autodesk.Revit.DB.Architecture	Autodesk/Revit/DB/Architecture.py	1585	1589		0
TreeNode	System.Windows.Forms	System/Windows/Forms/__init__.py	254943	255616	MarshalByRefObject, ICloneable, ISerializable	0
TreeNodeCollection	System.Windows.Forms	System/Windows/Forms/__init__.py	255617	256112	object, IList, ICollection, IEnumerable	0
TreeNodeCollectionBase	Autodesk.Civil.DatabaseServices	Autodesk/Civil/DatabaseServices/__init__.py	24839	24854	TreeOidWrapper	12
TreeNodeConverter	System.Windows.Forms	System/Windows/Forms/__init__.py	256113	256161	TypeConverter	0
TreeNodeMouseClickEventArgs	System.Windows.Forms	System/Windows/Forms/__init__.py	256162	256187	MouseEventArgs	0
TreeNodeMouseClickEventHandler	System.Windows.Forms	System/Windows/Forms/__init__.py	256188	256292	MulticastDelegate, ICloneable, ISerializable	0
TreeNodeMouseHoverEventArgs	System.Windows.Forms	System/Windows/Forms/__init__.py	256293	256318	EventArgs	0
TreeNodeMouseHoverEventHandler	System.Windows.Forms	System/Windows/Forms/__init__.py	256319	256423	MulticastDelegate, ICloneable, ISerializable	0
TreeNodeStates	System.Windows.Forms	System/Windows/Forms/__init__.py	256424	256476	Enum, IComparable, IFormattable, IConvertible	0
TreeOidWrapper	Autodesk.Civil	Autodesk/Civil/__init__.py	1757	1763	DisposableWrapper	3
TreeView	System.Windows.Forms	System/Windows/Forms/__init__.py	256477	259383	Control, IComponent, IDisposable, IOleControl, IOleObject, IOleInPlaceObject, IOleInPlaceActiveObject, IOleWindow, IViewObject, IViewObject2, IPersist, IPersistStreamInit, IPersistPropertyBag, IPersistStorage, IQuickActivate, ISupportOleDropSource, IDropTarget, ISynchronizeInvoke, IWin32Window, IArrangedElement, IBindableComponent	0
TreeViewAction	System.Windows.Forms	System/Windows/Forms/__init__.py	259384	259432	Enum, IComparable, IFormattable, IConvertible	0
TreeViewCancelEventArgs	System.Windows.Forms	System/Windows/Forms/__init__.py	259433	259469	CancelEventArgs	0
TreeViewCancelEventHandler	System.Windows.Forms	System/Windows/Forms/__init__.py	259470	259574	MulticastDelegate, ICloneable, ISerializable	0
TreeViewDrawMode	System.Windows.Forms	System/Windows/Forms/__init__.py	259575	259621	Enum, IComparable, IFormattable, IConvertible	0
TreeViewEventArgs	System.Windows.Forms	System/Windows/Forms/__init__.py	259622	259664	EventArgs	0
TreeViewEventHandler	System.Windows.Forms	System/Windows/Forms/__init__.py	259665	259769	MulticastDelegate, ICloneable, ISerializable	0
TreeViewHitTestInfo	System.Windows.Forms	System/Windows/Forms/__init__.py	259770	259806	object	0
TreeViewHitTestLocations	System.Windows.Forms	System/Windows/Forms/__init__.py	259807	259861	Enum, IComparable, IFormattable, IConvertible	0
TreeViewImageIndexConverter	System.Windows.Forms	System/Windows/Forms/__init__.py	259862	259920	ImageIndexConverter	0
TreeViewImageKeyConverter	System.Windows.Forms	System/Windows/Forms/__init__.py	259921	259969	ImageKeyConverter	0
TriOrQuadFacet	Autodesk.Revit.DB	Autodesk/Revit/DB/__init__.py	23539	23547		5
TriangleInShellComponent	Autodesk.Revit.DB	Autodesk/Revit/DB/__init__.py	23548	23556		5
TriangulatedShellComponent	Autodesk.Revit.DB	Autodesk/Revit/DB/__init__.py	23557	23569		9
TriangulatedSolidOrShell	Autodesk.Revit.DB	Autodesk/Revit/DB/__init__.py	23570	23577		4
TriangulationInterface	Autodesk.Revit.DB	Autodesk/Revit/DB/__init__.py	23578	23583		2
TriangulationInterfaceForTriangulatedShellComponent	Autodesk.Revit.DB	Autodesk/Revit/DB/__init__.py	23584	23588	TriangulationInterface	1
TriangulationInterfaceForTriangulatedSolidOrShell	Autodesk.Revit.DB	Autodesk/Revit/DB/__init__.py	23589	23593	TriangulationInterface	1
TrueColorPicker	Autodesk.AutoCAD.Internal	Autodesk/AutoCAD/Internal/__init__.py	2844	2928	ComboBoxWrapper	81
TrueSizeScalingType	System.Windows.Forms.VisualStyles	System/Windows/Forms/VisualStyles.py	2405	2451	Enum, IComparable, IFormattable, IConvertible	0
TrueValues	Autodesk.AutoCAD.Windows.Data	Autodesk/AutoCAD/Windows/Data/__init__.py	1214	1221		4
Truss	Autodesk.Revit.DB.Structure	Autodesk/Revit/DB/Structure/__init__.py	4217	4260	Element	38
TrussChordLocation	Autodesk.Revit.DB.Structure	Autodesk/Revit/DB/Structure/__init__.py	4261	4265		0
TrussCurveType	Autodesk.Revit.DB.Structure	Autodesk/Revit/DB/Structure/__init__.py	4266	4270		0
TrussMemberInfo	Autodesk.Revit.DB.Structure	Autodesk/Revit/DB/Structure/__init__.py	4271	4277		3
TrussMemberType	Autodesk.Revit.DB.Structure	Autodesk/Revit/DB/Structure/__init__.py	4278	4282		0
TrussType	Autodesk.Revit.DB.Structure	Autodesk/Revit/DB/Structure/__init__.py	4283	4321	FamilySymbol	35
TupleExtensions	System	System/__init__.py	35994	36143	object	0
Turnout	Autodesk.Civil.DatabaseServices	Autodesk/Civil/DatabaseServices/__init__.py	24855	24996	Entity	135
TurnoutCatalog	Autodesk.Civil.DatabaseServices	Autodesk/Civil/DatabaseServices/__init__.py	24997	25111	Entity	111
TurnoutCatalogManager	Autodesk.Civil.DatabaseServices	Autodesk/Civil/DatabaseServices/__init__.py	25112	25124		8
TurnoutCreationParams	Autodesk.Civil.DatabaseServices	Autodesk/Civil/DatabaseServices/__init__.py	25125	25146		18
TurnoutCriticalPointType	Autodesk.Civil.DatabaseServices	Autodesk/Civil/DatabaseServices/__init__.py	25147	25151		0
TurnoutDirectionType	Autodesk.Civil.DatabaseServices	Autodesk/Civil/DatabaseServices/__init__.py	25152	25156		0
TurnoutSideType	Autodesk.Civil.DatabaseServices	Autodesk/Civil/DatabaseServices/__init__.py	25157	25161		0
Type	System	System/__init__.py	36144	39448	MemberInfo, ICustomAttributeProvider, _MemberInfo, _Type, IReflect	0
TypeAccessException	System	System/__init__.py	39449	39492	TypeLoadException, ISerializable, _Exception	0
TypeAffinity	Autodesk.Navisworks.Internal.ApiImplementation.Data	Autodesk/Navisworks/Internal/ApiImplementation/Data.py	24	28		0
TypeBinding	Autodesk.Revit.DB	Autodesk/Revit/DB/__init__.py	23594	23599	ElementBinding	2
TypeCode	System	System/__init__.py	39493	39554	Enum, IComparable, IFormattable, IConvertible	0
TypeDescriptionProvider	Autodesk.AutoCAD.ComponentModel	Autodesk/AutoCAD/ComponentModel.py	47	52	TypeDescriptionProvider	2
TypeDescriptor	Autodesk.AutoCAD.ComponentModel	Autodesk/AutoCAD/ComponentModel.py	53	63		7
TypeInfoBool	Autodesk.Civil.Runtime	Autodesk/Civil/Runtime.py	590	594		0
TypeInfoDouble	Autodesk.Civil.Runtime	Autodesk/Civil/Runtime.py	595	599		0
TypeInfoLong	Autodesk.Civil.Runtime	Autodesk/Civil/Runtime.py	600	604		0
TypeInitializationException	System	System/__init__.py	39688	39755	SystemException, ISerializable, _Exception	0
TypeLoadException	System	System/__init__.py	24824	24908	SystemException, ISerializable, _Exception	0
TypeManager	Autodesk.AutoCAD.ComponentModel	Autodesk/AutoCAD/ComponentModel.py	64	69		2
TypeOfCoordinates	Autodesk.AutoCAD.DatabaseServices	Autodesk/AutoCAD/DatabaseServices/__init__.py	19951	19955		0
TypeUnloadedException	System	System/__init__.py	39756	39799	SystemException, ISerializable, _Exception	0
TypeValidationEventArgs	System.Windows.Forms	System/Windows/Forms/__init__.py	259970	260041	EventArgs	0
TypeValidationEventHandler	System.Windows.Forms	System/Windows/Forms/__init__.py	260042	260146	MulticastDelegate, ICloneable, ISerializable	0
TypedReference	System	System/__init__.py	39555	39687	object	0
TypedValue	Autodesk.AutoCAD.DatabaseServices	Autodesk/AutoCAD/DatabaseServices/__init__.py	19956	19964		5
UDP	Autodesk.Civil.DatabaseServices	Autodesk/Civil/DatabaseServices/__init__.py	25162	25172		7
UDPBoolean	Autodesk.Civil.DatabaseServices	Autodesk/Civil/DatabaseServices/__init__.py	25173	25185	UDP	9
UDPClassification	Autodesk.Civil.DatabaseServices	Autodesk/Civil/DatabaseServices/__init__.py	25186	25194		5
UDPClassificationApplyType	Autodesk.Civil.DatabaseServices	Autodesk/Civil/DatabaseServices/__init__.py	25195	25199		0
UDPClassificationCollection	Autodesk.Civil.DatabaseServices	Autodesk/Civil/DatabaseServices/__init__.py	25200	25213		9
UDPCollection	Autodesk.Civil.DatabaseServices	Autodesk/Civil/DatabaseServices/__init__.py	25214	25225		8
UDPDouble	Autodesk.Civil.DatabaseServices	Autodesk/Civil/DatabaseServices/__init__.py	25226	25242	UDP	13
UDPEnumeration	Autodesk.Civil.DatabaseServices	Autodesk/Civil/DatabaseServices/__init__.py	25243	25255	UDP	9
UDPInteger	Autodesk.Civil.DatabaseServices	Autodesk/Civil/DatabaseServices/__init__.py	25256	25271	UDP	12
UDPString	Autodesk.Civil.DatabaseServices	Autodesk/Civil/DatabaseServices/__init__.py	25272	25283	UDP	8
UIApplication	Autodesk.Revit.UI	Autodesk/Revit/UI/__init__.py	1038	1067		25
UIControlledApplication	Autodesk.Revit.UI	Autodesk/Revit/UI/__init__.py	1068	1088		17
UICues	System.Windows.Forms	System/Windows/Forms/__init__.py	260147	260197	Enum, IComparable, IFormattable, IConvertible	0
UICuesEventArgs	System.Windows.Forms	System/Windows/Forms/__init__.py	260198	260267	EventArgs	0
UICuesEventHandler	System.Windows.Forms	System/Windows/Forms/__init__.py	260268	260372	MulticastDelegate, ICloneable, ISerializable	0
UIDocument	Autodesk.Revit.UI	Autodesk/Revit/UI/__init__.py	1089	1116		23
UIFabricationUtils	Autodesk.Revit.UI	Autodesk/Revit/UI/__init__.py	1117	1132		6
UIFontInfo	Autodesk.AutoCAD.Windows.Data	Autodesk/AutoCAD/Windows/Data/__init__.py	1222	1231		4
UISaveAsOptions	Autodesk.Revit.UI	Autodesk/Revit/UI/__init__.py	1133	1139		3
UITheme	Autodesk.Revit.UI	Autodesk/Revit/UI/__init__.py	1140	1144		0
UIThemeManager	Autodesk.Revit.UI	Autodesk/Revit/UI/__init__.py	1145	1153		4
UITypeEditor	System.Drawing.Design	System/Drawing/Design.py	1963	2153	object	0
UITypeEditorEditStyle	System.Drawing.Design	System/Drawing/Design.py	2154	2201	Enum, IComparable, IFormattable, IConvertible	0
UIView	Autodesk.Revit.UI	Autodesk/Revit/UI/__init__.py	1154	1167		10
UInt16	System	System/__init__.py	39800	40348	object, IComparable, IFormattable, IConvertible, IComparable[UInt16], IEquatable[UInt16]	0
UInt32	System	System/__init__.py	40349	40897	object, IComparable, IFormattable, IConvertible, IComparable[UInt32], IEquatable[UInt32]	0
UInt32Collection	Autodesk.AutoCAD.Geometry	Autodesk/AutoCAD/Geometry.py	2044	2066		19
UInt32CollectionEnumerator	Autodesk.AutoCAD.Geometry	Autodesk/AutoCAD/Geometry.py	2067	2073		3
UInt64	System	System/__init__.py	40898	41444	object, IComparable, IFormattable, IConvertible, IComparable[UInt64], IEquatable[UInt64]	0
UIntPtr	System	System/__init__.py	41445	41618	object, ISerializable	0
UV	Autodesk.Revit.DB	Autodesk/Revit/DB/__init__.py	23600	23624		21
UVGridlineType	Autodesk.Revit.DB	Autodesk/Revit/DB/__init__.py	23625	23629		0
UVLayoutModeType	Autodesk.Aec.DatabaseServices	Autodesk/Aec/DatabaseServices.py	8898	8902		0
UcsEventArgs	Autodesk.AutoCAD.Internal.Reactors	Autodesk/AutoCAD/Internal/Reactors.py	196	200	EventArgs	1
UcsEventHandler	Autodesk.AutoCAD.Internal.Reactors	Autodesk/AutoCAD/Internal/Reactors.py	201	209		5
UcsEventManager	Autodesk.AutoCAD.Internal.Reactors	Autodesk/AutoCAD/Internal/Reactors.py	210	215		1
UcsTable	Autodesk.AutoCAD.DatabaseServices	Autodesk/AutoCAD/DatabaseServices/__init__.py	19965	20010	SymbolTable	42
UcsTableRecord	Autodesk.AutoCAD.DatabaseServices	Autodesk/AutoCAD/DatabaseServices/__init__.py	20011	20062	SymbolTableRecord	48
UiCallback	Autodesk.AutoCAD.Internal	Autodesk/AutoCAD/Internal/__init__.py	2929	2937		5
UnauthenticatedException	Autodesk.Revit.Exceptions	Autodesk/Revit/Exceptions.py	846	859	ApplicationException	10
UnauthorizedAccessException	System	System/__init__.py	41619	41662	SystemException, ISerializable, _Exception	0
UnderlayDefinition	Autodesk.AutoCAD.DatabaseServices	Autodesk/AutoCAD/DatabaseServices/__init__.py	20063	20116	DBObject	49
UnderlayFile	Autodesk.AutoCAD.DatabaseServices	Autodesk/AutoCAD/DatabaseServices/__init__.py	20117	20124	DisposableWrapper	4
UnderlayHost	Autodesk.AutoCAD.DatabaseServices	Autodesk/AutoCAD/DatabaseServices/__init__.py	20125	20133		5
UnderlayItem	Autodesk.AutoCAD.DatabaseServices	Autodesk/AutoCAD/DatabaseServices/__init__.py	20134	20145	DisposableWrapper	8
UnderlayItemCollection	Autodesk.AutoCAD.DatabaseServices	Autodesk/AutoCAD/DatabaseServices/__init__.py	20146	20153		4
UnderlayLayer	Autodesk.AutoCAD.DatabaseServices	Autodesk/AutoCAD/DatabaseServices/__init__.py	20154	20162	DisposableWrapper	5
UnderlayLayerCollection	Autodesk.AutoCAD.DatabaseServices	Autodesk/AutoCAD/DatabaseServices/__init__.py	20163	20170		4
UnderlayLayerState	Autodesk.AutoCAD.DatabaseServices	Autodesk/AutoCAD/DatabaseServices/__init__.py	20171	20175		0
UnderlayOrientation	Autodesk.Revit.DB	Autodesk/Revit/DB/__init__.py	23630	23634		0
UnderlayReference	Autodesk.AutoCAD.DatabaseServices	Autodesk/AutoCAD/DatabaseServices/__init__.py	20176	20278	Entity	99
UndoBoundaryEnum	Autodesk.AutoCAD.Internal	Autodesk/AutoCAD/Internal/__init__.py	2938	2942		0
UndoCommand	Autodesk.AutoCAD.Windows.Data	Autodesk/AutoCAD/Windows/Data/__init__.py	1232	1236	IPECommandBase	1
UndoOperation	Autodesk.Revit.DB.Events	Autodesk/Revit/DB/Events.py	450	454		0
UnhandledExceptionEventArgs	System	System/__init__.py	41663	41699	EventArgs	0
UnhandledExceptionEventHandler	System	System/__init__.py	41700	41804	MulticastDelegate, ICloneable, ISerializable	0
UnhandledExceptionFilter	Autodesk.AutoCAD.Runtime	Autodesk/AutoCAD/Runtime.py	624	629		1
UnhandledExceptionMode	System.Windows.Forms	System/Windows/Forms/__init__.py	260373	260419	Enum, IComparable, IFormattable, IConvertible	0
UnifiedBitmap	Autodesk.Revit.DB.Visual	Autodesk/Revit/DB/Visual.py	953	969		13
UniqueString	Autodesk.AutoCAD	Autodesk/AutoCAD/__init__.py	3	8		1
Unit	Autodesk.AutoCAD.DatabaseServices	Autodesk/AutoCAD/DatabaseServices/__init__.py	20279	20283		0
Unit	Autodesk.AutoCAD.Internal.Calculator	Autodesk/AutoCAD/Internal/Calculator.py	147	151		0
UnitConversion	Autodesk.Navisworks.Api	Autodesk/Navisworks/Api/__init__.py	2191	2202	NativeHandle	5
UnitFormatUtils	Autodesk.Revit.DB	Autodesk/Revit/DB/__init__.py	23635	23642		2
UnitGroup	Autodesk.Navisworks.Api.Schema	Autodesk/Navisworks/Api/Schema.py	289	293		0
UnitStatus	Autodesk.Aec	Autodesk/Aec/__init__.py	23	27		0
UnitSystem	Autodesk.Revit.DB	Autodesk/Revit/DB/__init__.py	23643	23647		0
UnitType	Autodesk.Aec.DatabaseServices	Autodesk/Aec/DatabaseServices.py	8903	8921	ImpObject	15
UnitType	Autodesk.AutoCAD.DatabaseServices	Autodesk/AutoCAD/DatabaseServices/__init__.py	20284	20288		0
UnitTypeAttribute	Autodesk.AutoCAD.DatabaseServices	Autodesk/AutoCAD/DatabaseServices/__init__.py	20289	20294	Attribute	2
UnitTypeId	Autodesk.Revit.DB	Autodesk/Revit/DB/__init__.py	23648	23984		333
UnitUtils	Autodesk.Revit.DB	Autodesk/Revit/DB/__init__.py	23985	24016		14
UnitVariable	Autodesk.Aec.DatabaseServices	Autodesk/Aec/DatabaseServices.py	8922	8937	ImpObject	11
UnitVector3D	Autodesk.Navisworks.Api	Autodesk/Navisworks/Api/__init__.py	2203	2236	NativeHandle	27
Units	Autodesk.Navisworks.Api	Autodesk/Navisworks/Api/__init__.py	2237	2241		0
Units	Autodesk.Revit.DB	Autodesk/Revit/DB/__init__.py	24017	24031		9
UnitsConverter	Autodesk.AutoCAD.DatabaseServices	Autodesk/AutoCAD/DatabaseServices/__init__.py	20295	20303	TypeConverter	4
UnitsType	Autodesk.AutoCAD.Internal.DatabaseServices	Autodesk/AutoCAD/Internal/DatabaseServices.py	854	858		0
UnitsValue	Autodesk.AutoCAD.DatabaseServices	Autodesk/AutoCAD/DatabaseServices/__init__.py	20304	20308		0
UnknownCommandEventArgs	Autodesk.AutoCAD.ApplicationServices	Autodesk/AutoCAD/ApplicationServices/__init__.py	850	854	EventArgs	1
UnknownCommandEventHandler	Autodesk.AutoCAD.ApplicationServices	Autodesk/AutoCAD/ApplicationServices/__init__.py	855	863		5
UnmanagedResource	Autodesk.AutoCAD.Internal	Autodesk/AutoCAD/Internal/__init__.py	2943	2951		3
UnspecifiedCurve	Autodesk.Aec.Modeler	Autodesk/Aec/Modeler.py	566	575	Curve	6
UnspecifiedSurface	Autodesk.Aec.Modeler	Autodesk/Aec/Modeler.py	576	585	Surface	6
UpDownBase	System.Windows.Forms	System/Windows/Forms/__init__.py	108544	111138	ContainerControl, IComponent, IDisposable, IOleControl, IOleObject, IOleInPlaceObject, IOleInPlaceActiveObject, IOleWindow, IViewObject, IViewObject2, IPersist, IPersistStreamInit, IPersistPropertyBag, IPersistStorage, IQuickActivate, ISupportOleDropSource, IDropTarget, ISynchronizeInvoke, IWin32Window, IArrangedElement, IBindableComponent, IContainerControl	0
UpDownEventArgs	System.Windows.Forms	System/Windows/Forms/__init__.py	260420	260445	EventArgs	0
UpDownEventHandler	System.Windows.Forms	System/Windows/Forms/__init__.py	260446	260550	MulticastDelegate, ICloneable, ISerializable	0
UpdateAction	Autodesk.AutoCAD.DatabaseServices	Autodesk/AutoCAD/DatabaseServices/__init__.py	20309	20313		0
UpdateDirection	Autodesk.AutoCAD.DatabaseServices	Autodesk/AutoCAD/DatabaseServices/__init__.py	20314	20318		0
UpdateFilesEventStateWatcher	Autodesk.Navisworks.Internal.ApiImplementation	Autodesk/Navisworks/Internal/ApiImplementation/__init__.py	382	392	LcOpSwigStateWatcher	5
UpdateOption	Autodesk.AutoCAD.DatabaseServices	Autodesk/AutoCAD/DatabaseServices/__init__.py	20319	20323		0
UpdateTitleBarEventHandler	Autodesk.AutoCAD.Internal	Autodesk/AutoCAD/Internal/__init__.py	2952	2960		5
UpdateUIEventHandler	Autodesk.AutoCAD.Internal	Autodesk/AutoCAD/Internal/__init__.py	2961	2969		5
UpdaterData	Autodesk.Revit.DB	Autodesk/Revit/DB/__init__.py	24032	24042		7
UpdaterId	Autodesk.Revit.DB	Autodesk/Revit/DB/__init__.py	24043	24050		4
UpdaterInfo	Autodesk.Revit.DB	Autodesk/Revit/DB/__init__.py	24051	24060		6
UpdaterRegistry	Autodesk.Revit.DB	Autodesk/Revit/DB/__init__.py	24061	24092		15
UppercaseCommand	Autodesk.AutoCAD.Windows.Data	Autodesk/AutoCAD/Windows/Data/__init__.py	1237	1241	IPECommandBase	1
Uri	System	System/__init__.py	41805	42723	object, ISerializable	0
UriBuilder	System	System/__init__.py	42724	42928	object	0
UriComponents	System	System/__init__.py	42929	42989	Enum, IComparable, IFormattable, IConvertible	0
UriFormat	System	System/__init__.py	42990	43036	Enum, IComparable, IFormattable, IConvertible	0
UriFormatException	System	System/__init__.py	43037	43080	FormatException, ISerializable, _Exception	0
UriHostNameType	System	System/__init__.py	43081	43129	Enum, IComparable, IFormattable, IConvertible	0
UriIdnScope	System	System/__init__.py	43130	43176	Enum, IComparable, IFormattable, IConvertible	0
UriKind	System	System/__init__.py	43177	43223	Enum, IComparable, IFormattable, IConvertible	0
UriParser	System	System/__init__.py	25660	25808	object	0
UriPartial	System	System/__init__.py	43224	43271	Enum, IComparable, IFormattable, IConvertible	0
UriTypeConverter	System	System/__init__.py	43272	43400	TypeConverter	0
UserConfigurationManager	Autodesk.AutoCAD.ApplicationServices	Autodesk/AutoCAD/ApplicationServices/__init__.py	864	871	MarshalByRefObject	4
UserControl	System.Windows.Forms	System/Windows/Forms/__init__.py	260551	262810	ContainerControl, IComponent, IDisposable, IOleControl, IOleObject, IOleInPlaceObject, IOleInPlaceActiveObject, IOleWindow, IViewObject, IViewObject2, IPersist, IPersistStreamInit, IPersistPropertyBag, IPersistStorage, IQuickActivate, ISupportOleDropSource, IDropTarget, ISynchronizeInvoke, IWin32Window, IArrangedElement, IBindableComponent, IContainerControl	0
UserInputControls	Autodesk.AutoCAD.EditorInput	Autodesk/AutoCAD/EditorInput.py	1412	1416		0
UserMessageEventArgs	Autodesk.Navisworks.Api	Autodesk/Navisworks/Api/__init__.py	2242	2251	EventArgs	6
UserParameterType	Autodesk.AutoCAD.Internal.DatabaseServices	Autodesk/AutoCAD/Internal/DatabaseServices.py	859	863		0
Utilities	Autodesk.AutoCAD.Runtime	Autodesk/AutoCAD/Runtime.py	630	643		5
Utility	Autodesk.Aec.DatabaseServices	Autodesk/Aec/DatabaseServices.py	8938	8957		8
Utility	Autodesk.Aec.Modeler	Autodesk/Aec/Modeler.py	586	647		29
Utility	Autodesk.Civil	Autodesk/Civil/__init__.py	1764	1769		1
Utils	Autodesk.AutoCAD.Internal	Autodesk/AutoCAD/Internal/__init__.py	2970	3398		218
VSDisplayShadowType	Autodesk.AutoCAD.GraphicsInterface	Autodesk/AutoCAD/GraphicsInterface.py	1467	1471		0
VSDisplayStyles	Autodesk.AutoCAD.GraphicsInterface	Autodesk/AutoCAD/GraphicsInterface.py	1472	1476		0
VSEdgeJitterAmount	Autodesk.AutoCAD.GraphicsInterface	Autodesk/AutoCAD/GraphicsInterface.py	1477	1481		0
VSEdgeLinePattern	Autodesk.AutoCAD.GraphicsInterface	Autodesk/AutoCAD/GraphicsInterface.py	1482	1486		0
VSEdgeModel	Autodesk.AutoCAD.GraphicsInterface	Autodesk/AutoCAD/GraphicsInterface.py	1487	1491		0
VSEdgeModifiers	Autodesk.AutoCAD.GraphicsInterface	Autodesk/AutoCAD/GraphicsInterface.py	1492	1496		0
VSEdgeStyles	Autodesk.AutoCAD.GraphicsInterface	Autodesk/AutoCAD/GraphicsInterface.py	1497	1501		0
VSFaceColorMode	Autodesk.AutoCAD.GraphicsInterface	Autodesk/AutoCAD/GraphicsInterface.py	1502	1506		0
VSFaceLightingModel	Autodesk.AutoCAD.GraphicsInterface	Autodesk/AutoCAD/GraphicsInterface.py	1507	1511		0
VSFaceLightingQuality	Autodesk.AutoCAD.GraphicsInterface	Autodesk/AutoCAD/GraphicsInterface.py	1512	1516		0
VSFaceModifiers	Autodesk.AutoCAD.GraphicsInterface	Autodesk/AutoCAD/GraphicsInterface.py	1517	1521		0
VScrollBar	System.Windows.Forms	System/Windows/Forms/__init__.py	262910	265038	ScrollBar, IComponent, IDisposable, IOleControl, IOleObject, IOleInPlaceObject, IOleInPlaceActiveObject, IOleWindow, IViewObject, IViewObject2, IPersist, IPersistStreamInit, IPersistPropertyBag, IPersistStorage, IQuickActivate, ISupportOleDropSource, IDropTarget, ISynchronizeInvoke, IWin32Window, IArrangedElement, IBindableComponent	0
VScrollProperties	System.Windows.Forms	System/Windows/Forms/__init__.py	265039	265060	ScrollProperties	0
ValidateCurveLoopsOptions	Autodesk.Revit.DB	Autodesk/Revit/DB/__init__.py	24093	24098		2
ValidateIssueResult	Autodesk.Navisworks.Api.Interop	Autodesk/Navisworks/Api/Interop/__init__.py	7947	7951		0
ValidationConstraints	System.Windows.Forms	System/Windows/Forms/__init__.py	262811	262860	Enum, IComparable, IFormattable, IConvertible	0
ValidationStatus	Autodesk.Revit.DB.Fabrication	Autodesk/Revit/DB/Fabrication.py	146	150		0
ValidityCheckingLevel	Autodesk.Aec.Modeler	Autodesk/Aec/Modeler.py	648	652		0
ValueAtPoint	Autodesk.Revit.DB.Analysis	Autodesk/Revit/DB/Analysis.py	1682	1686	ValueAtPointBase	1
ValueAtPointBase	Autodesk.Revit.DB	Autodesk/Revit/DB/__init__.py	24099	24108		6
ValueAtPointFlags	Autodesk.Revit.DB	Autodesk/Revit/DB/__init__.py	24109	24113		0
ValueParsingOptions	Autodesk.Revit.DB	Autodesk/Revit/DB/__init__.py	24114	24122		5
ValueToNamedValueConverter	Autodesk.AutoCAD.Windows.Data	Autodesk/AutoCAD/Windows/Data/__init__.py	1242	1247		2
ValueType	System	System/__init__.py	43401	43410	object	0
ValueTypeEnum	Autodesk.AutoCAD.Internal.Calculator	Autodesk/AutoCAD/Internal/Calculator.py	152	156		0
Variable	Autodesk.AutoCAD.Runtime	Autodesk/AutoCAD/Runtime.py	644	660	DisposableWrapper	13
VariableChangedEventArgs	Autodesk.AutoCAD.Runtime	Autodesk/AutoCAD/Runtime.py	661	667	EventArgs	3
VariableChangedEventHandler	Autodesk.AutoCAD.Runtime	Autodesk/AutoCAD/Runtime.py	668	676		5
VariableChangingEventArgs	Autodesk.AutoCAD.Runtime	Autodesk/AutoCAD/Runtime.py	677	685	EventArgs	5
VariableChangingEventHandler	Autodesk.AutoCAD.Runtime	Autodesk/AutoCAD/Runtime.py	686	694		5
Variables	Autodesk.AutoCAD.Runtime	Autodesk/AutoCAD/Runtime.py	695	705	DisposableWrapper	7
VariantData	Autodesk.Navisworks.Api	Autodesk/Navisworks/Api/__init__.py	2252	2343	NativeHandle	66
VariantDataCollection	Autodesk.Navisworks.Api	Autodesk/Navisworks/Api/__init__.py	2344	2359	NativeHandle	10
VariantDataType	Autodesk.Navisworks.Api	Autodesk/Navisworks/Api/__init__.py	2360	2364		0
VariantType	Autodesk.AutoCAD.GraphicsInterface	Autodesk/AutoCAD/GraphicsInterface.py	1522	1526		0
Vector2D	Autodesk.Navisworks.Api	Autodesk/Navisworks/Api/__init__.py	2365	2401	NativeHandle	30
Vector2d	Autodesk.AutoCAD.Geometry	Autodesk/AutoCAD/Geometry.py	2074	2107		30
Vector2dCollection	Autodesk.AutoCAD.Geometry	Autodesk/AutoCAD/Geometry.py	2108	2130		19
Vector2dCollectionEnumerator	Autodesk.AutoCAD.Geometry	Autodesk/AutoCAD/Geometry.py	2131	2137		3
Vector3D	Autodesk.Navisworks.Api	Autodesk/Navisworks/Api/__init__.py	2402	2441	NativeHandle	33
Vector3d	Autodesk.AutoCAD.Geometry	Autodesk/AutoCAD/Geometry.py	2138	2178		37
Vector3dCollection	Autodesk.AutoCAD.Geometry	Autodesk/AutoCAD/Geometry.py	2179	2201		19
Vector3dCollectionEnumerator	Autodesk.AutoCAD.Geometry	Autodesk/AutoCAD/Geometry.py	2202	2208		3
VectorAtPoint	Autodesk.Revit.DB.Analysis	Autodesk/Revit/DB/Analysis.py	1687	1691	ValueAtPointBase	1
VectorEditor	Autodesk.Navisworks.Internal.ApiImplementation.Schema	Autodesk/Navisworks/Internal/ApiImplementation/Schema.py	65	73	ArrayAccess	5
VectorField	Autodesk.Navisworks.Api.Schema	Autodesk/Navisworks/Api/Schema.py	294	311	ComplexField	12
VectorFieldCollectionType	Autodesk.Navisworks.Api.Schema	Autodesk/Navisworks/Api/Schema.py	312	316		0
VectorMeasurementType	Autodesk.Civil	Autodesk/Civil/__init__.py	1770	1774		0
VectorReader	Autodesk.Navisworks.Internal.ApiImplementation.Schema	Autodesk/Navisworks/Internal/ApiImplementation/Schema.py	74	82	ArrayAccess	5
VectorSimpleEditor	Autodesk.Navisworks.Internal.ApiImplementation.Schema	Autodesk/Navisworks/Internal/ApiImplementation/Schema.py	83	92	VectorEditor	6
VectorSimpleReader	Autodesk.Navisworks.Internal.ApiImplementation.Schema	Autodesk/Navisworks/Internal/ApiImplementation/Schema.py	93	102	VectorReader	6
VendorIdAttribute	Autodesk.Revit.DB.Macros	Autodesk/Revit/DB/Macros.py	81	86	Attribute	2
Version	System	System/__init__.py	43411	43758	object, ICloneable, IComparable, IComparable[Version], IEquatable[Version]	0
VersionAccessor	Autodesk.Navisworks.Api.Interop	Autodesk/Navisworks/Api/Interop/__init__.py	7952	7956		1
Vertex	Autodesk.Aec.Modeler	Autodesk/Aec/Modeler.py	653	665	Entity	9
Vertex	Autodesk.AutoCAD.DatabaseServices	Autodesk/AutoCAD/DatabaseServices/__init__.py	20324	20398	Entity	71
Vertex	Autodesk.Revit.DB.DirectContext3D	Autodesk/Revit/DB/DirectContext3D.py	202	207		2
Vertex2d	Autodesk.AutoCAD.DatabaseServices	Autodesk/AutoCAD/DatabaseServices/__init__.py	20399	20480	Vertex	78
Vertex2dType	Autodesk.AutoCAD.DatabaseServices	Autodesk/AutoCAD/DatabaseServices/__init__.py	20481	20485		0
Vertex3dType	Autodesk.AutoCAD.DatabaseServices	Autodesk/AutoCAD/DatabaseServices/__init__.py	20486	20490		0
VertexBuffer	Autodesk.Revit.DB.DirectContext3D	Autodesk/Revit/DB/DirectContext3D.py	208	221		10
VertexCollection	Autodesk.Aec.Modeler	Autodesk/Aec/Modeler.py	666	680		11
VertexData	Autodesk.AutoCAD.GraphicsInterface	Autodesk/AutoCAD/GraphicsInterface.py	1527	1537		7
VertexFormat	Autodesk.Revit.DB.DirectContext3D	Autodesk/Revit/DB/DirectContext3D.py	222	228		3
VertexFormatBits	Autodesk.Revit.DB.DirectContext3D	Autodesk/Revit/DB/DirectContext3D.py	229	233		0
VertexIndexPair	Autodesk.Revit.DB	Autodesk/Revit/DB/__init__.py	24123	24128		2
VertexIndexPairArray	Autodesk.Revit.DB	Autodesk/Revit/DB/__init__.py	24129	24142	APIObject	10
VertexIndexPairArrayIterator	Autodesk.Revit.DB	Autodesk/Revit/DB/__init__.py	24143	24150	APIObject	4
VertexPair	Autodesk.Revit.DB	Autodesk/Revit/DB/__init__.py	24151	24158		4
VertexPosition	Autodesk.Revit.DB.DirectContext3D	Autodesk/Revit/DB/DirectContext3D.py	234	241	Vertex	3
VertexPositionColored	Autodesk.Revit.DB.DirectContext3D	Autodesk/Revit/DB/DirectContext3D.py	242	251	Vertex	5
VertexPositionNormal	Autodesk.Revit.DB.DirectContext3D	Autodesk/Revit/DB/DirectContext3D.py	252	260	Vertex	4
VertexPositionNormalColored	Autodesk.Revit.DB.DirectContext3D	Autodesk/Revit/DB/DirectContext3D.py	261	271	Vertex	6
VertexProperties	Autodesk.Navisworks.Api	Autodesk/Navisworks/Api/__init__.py	2442	2446		0
VertexRef	Autodesk.AutoCAD.DatabaseServices	Autodesk/AutoCAD/DatabaseServices/__init__.py	20491	20502	SubentRef	8
VertexStream	Autodesk.Revit.DB.DirectContext3D	Autodesk/Revit/DB/DirectContext3D.py	272	277		2
VertexStreamPosition	Autodesk.Revit.DB.DirectContext3D	Autodesk/Revit/DB/DirectContext3D.py	278	284	VertexStream	3
VertexStreamPositionColored	Autodesk.Revit.DB.DirectContext3D	Autodesk/Revit/DB/DirectContext3D.py	285	291	VertexStream	3
VertexStreamPositionNormal	Autodesk.Revit.DB.DirectContext3D	Autodesk/Revit/DB/DirectContext3D.py	292	298	VertexStream	3
VertexStreamPositionNormalColored	Autodesk.Revit.DB.DirectContext3D	Autodesk/Revit/DB/DirectContext3D.py	299	305	VertexStream	3
VertexSurfaceData	Autodesk.Aec.Modeler	Autodesk/Aec/Modeler.py	681	691	Entity	7
VertexSurfaceDataCollection	Autodesk.Aec.Modeler	Autodesk/Aec/Modeler.py	692	706		11
VerticalAlignment	System.Windows.Forms.VisualStyles	System/Windows/Forms/VisualStyles.py	2452	2498	Enum, IComparable, IFormattable, IConvertible	0
VerticalAlignmentStyle	Autodesk.Revit.DB	Autodesk/Revit/DB/__init__.py	24159	24163		0
VerticalConstraint	Autodesk.AutoCAD.DatabaseServices	Autodesk/AutoCAD/DatabaseServices/__init__.py	20503	20518	ParallelConstraint	12
VerticalCurveType	Autodesk.Civil.DatabaseServices	Autodesk/Civil/DatabaseServices/__init__.py	25284	25288		0
VerticalGeometryBandLabelGroup	Autodesk.Civil.DatabaseServices	Autodesk/Civil/DatabaseServices/__init__.py	25289	25429	ProfileBandLabelGroup	135
VerticalGeometryBandStyle	Autodesk.Civil.DatabaseServices.Styles	Autodesk/Civil/DatabaseServices/Styles.py	6932	7005	BandStyle	70
VerticalGeometryDisplayStyleType	Autodesk.Civil.DatabaseServices.Styles	Autodesk/Civil/DatabaseServices/Styles.py	7006	7010		0
VerticalTextAlignment	Autodesk.Revit.DB	Autodesk/Revit/DB/__init__.py	24164	24168		0
View	Autodesk.AutoCAD.GraphicsSystem	Autodesk/AutoCAD/GraphicsSystem.py	324	396	DisposableWrapper	68
View	Autodesk.Navisworks.Api	Autodesk/Navisworks/Api/__init__.py	2447	2475		25
View	Autodesk.Revit.DB	Autodesk/Revit/DB/__init__.py	24169	24339	Element	165
View	System.Windows.Forms	System/Windows/Forms/__init__.py	262861	262909	Enum, IComparable, IFormattable, IConvertible	0
View2DRibbonItemData	Autodesk.AutoCAD.Windows.Data	Autodesk/AutoCAD/Windows/Data/__init__.py	1248	1254		3
View3D	Autodesk.Revit.DB	Autodesk/Revit/DB/__init__.py	24340	24438	View	93
ViewActivatedEventArgs	Autodesk.Revit.UI.Events	Autodesk/Revit/UI/Events.py	216	225	RevitAPIPostDocEventArgs	6
ViewActivatingEventArgs	Autodesk.Revit.UI.Events	Autodesk/Revit/UI/Events.py	226	234	RevitAPIPreDocEventArgs	5
ViewAnchor	Autodesk.Revit.DB	Autodesk/Revit/DB/__init__.py	24439	24443		0
ViewBorder	Autodesk.AutoCAD.DatabaseServices	Autodesk/AutoCAD/DatabaseServices/__init__.py	20519	20604	Entity	82
ViewChange	Autodesk.Navisworks.Api	Autodesk/Navisworks/Api/__init__.py	2476	2480		0
ViewChangeEventArgs	Autodesk.AutoCAD.Internal.Reactors	Autodesk/AutoCAD/Internal/Reactors.py	216	221	EventArgs	2
ViewContextMode	Autodesk.Navisworks.Api.Interop	Autodesk/Navisworks/Api/Interop/__init__.py	7957	7961		0
ViewCropRegionShapeManager	Autodesk.Revit.DB	Autodesk/Revit/DB/__init__.py	24444	24473		26
ViewDependentCombination	Autodesk.Aec.DatabaseServices	Autodesk/Aec/DatabaseServices.py	8958	8963		2
ViewDependentCombinationCollection	Autodesk.Aec.DatabaseServices	Autodesk/Aec/DatabaseServices.py	8964	8978		11
ViewDetailLevel	Autodesk.Revit.DB	Autodesk/Revit/DB/__init__.py	24474	24478		0
ViewDirection	Autodesk.Aec.DatabaseServices	Autodesk/Aec/DatabaseServices.py	8979	8983		0
ViewDiscipline	Autodesk.Revit.DB	Autodesk/Revit/DB/__init__.py	24479	24483		0
ViewDisplayBackground	Autodesk.Revit.DB	Autodesk/Revit/DB/__init__.py	24484	24505		15
ViewDisplayBackgroundImageFlags	Autodesk.Revit.DB	Autodesk/Revit/DB/__init__.py	24506	24510		0
ViewDisplayBackgroundType	Autodesk.Revit.DB	Autodesk/Revit/DB/__init__.py	24511	24515		0
ViewDisplayDepthCueing	Autodesk.Revit.DB	Autodesk/Revit/DB/__init__.py	24516	24526		7
ViewDisplayEdges	Autodesk.Revit.DB	Autodesk/Revit/DB/__init__.py	24527	24531		0
ViewDisplayModel	Autodesk.Revit.DB	Autodesk/Revit/DB/__init__.py	24532	24542		7
ViewDisplaySketchyLines	Autodesk.Revit.DB	Autodesk/Revit/DB/__init__.py	24543	24551		5
ViewDrafting	Autodesk.Revit.DB	Autodesk/Revit/DB/__init__.py	24552	24620	View	64
ViewDuplicateOption	Autodesk.Revit.DB	Autodesk/Revit/DB/__init__.py	24621	24625		0
ViewEventArgs	Autodesk.AutoCAD.GraphicsSystem	Autodesk/AutoCAD/GraphicsSystem.py	397	401	EventArgs	1
ViewEventArgs	Autodesk.Navisworks.Api	Autodesk/Navisworks/Api/__init__.py	2481	2485	EventArgs	1
ViewExportedEventArgs	Autodesk.Revit.DB.Events	Autodesk/Revit/DB/Events.py	455	463	RevitAPIPostDocEventArgs	5
ViewExportingEventArgs	Autodesk.Revit.DB.Events	Autodesk/Revit/DB/Events.py	464	471	RevitAPIPreDocEventArgs	4
ViewFamily	Autodesk.Revit.DB	Autodesk/Revit/DB/__init__.py	24626	24630		0
ViewFamilyType	Autodesk.Revit.DB	Autodesk/Revit/DB/__init__.py	24631	24669	ElementType	35
ViewFinalChangeEventHandler	Autodesk.AutoCAD.Internal.Reactors	Autodesk/AutoCAD/Internal/Reactors.py	222	230		5
ViewFinalChangeEventManager	Autodesk.AutoCAD.Internal.Reactors	Autodesk/AutoCAD/Internal/Reactors.py	231	236		1
ViewFrame	Autodesk.Civil.DatabaseServices	Autodesk/Civil/DatabaseServices/__init__.py	25430	25553	GeoEntity	120
ViewFrameAngleType	Autodesk.Civil	Autodesk/Civil/__init__.py	1775	1779		0
ViewFrameGroup	Autodesk.Civil.DatabaseServices	Autodesk/Civil/DatabaseServices/__init__.py	25554	25679	GeoEntity	122
ViewFrameLabelGroup	Autodesk.Civil.DatabaseServices	Autodesk/Civil/DatabaseServices/__init__.py	25680	25820	AutoFeatureLabelGroup	135
ViewFrameLabelLocationType	Autodesk.Civil	Autodesk/Civil/__init__.py	1780	1784		0
ViewFrameStyle	Autodesk.Civil.DatabaseServices.Styles	Autodesk/Civil/DatabaseServices/Styles.py	7011	7065	StyleBase	51
ViewFrameStyleCollection	Autodesk.Civil.DatabaseServices.Styles	Autodesk/Civil/DatabaseServices/Styles.py	7066	7076	StyleCollectionBase	7
ViewHVACLoadsReport	Autodesk.Revit.DB.Analysis	Autodesk/Revit/DB/Analysis.py	1692	1762	View	66
ViewNavigationToolSettings	Autodesk.Revit.DB	Autodesk/Revit/DB/__init__.py	24670	24704	Element	30
ViewNode	Autodesk.Revit.DB	Autodesk/Revit/DB/__init__.py	24705	24713	RenderNode	5
ViewOrientation3D	Autodesk.Revit.DB	Autodesk/Revit/DB/__init__.py	24714	24722		5
ViewPlacementOnSheetStatus	Autodesk.Revit.DB	Autodesk/Revit/DB/__init__.py	24723	24727		0
ViewPlan	Autodesk.Revit.DB	Autodesk/Revit/DB/__init__.py	24728	24808	View	75
ViewPlanType	Autodesk.Revit.DB	Autodesk/Revit/DB/__init__.py	24809	24813		0
ViewPosition	Autodesk.Revit.DB	Autodesk/Revit/DB/__init__.py	24814	24849	Element	31
ViewPrintedEventArgs	Autodesk.Revit.DB.Events	Autodesk/Revit/DB/Events.py	472	482	RevitAPIPostDocEventArgs	7
ViewPrintingEventArgs	Autodesk.Revit.DB.Events	Autodesk/Revit/DB/Events.py	483	493	RevitAPIPreDocEventArgs	7
ViewRedrawRequests	Autodesk.Navisworks.Api	Autodesk/Navisworks/Api/__init__.py	2486	2490		0
ViewRepBlockReference	Autodesk.AutoCAD.DatabaseServices	Autodesk/AutoCAD/DatabaseServices/__init__.py	20605	20695	BlockReference	87
ViewResizeEventArgs	Autodesk.AutoCAD.Internal.Reactors	Autodesk/AutoCAD/Internal/Reactors.py	237	245	EventArgs	5
ViewResizeEventHandler	Autodesk.AutoCAD.Internal.Reactors	Autodesk/AutoCAD/Internal/Reactors.py	246	254		5
ViewSchedule	Autodesk.Revit.DB	Autodesk/Revit/DB/__init__.py	24850	25008	TableView	130
ViewScheduleExportOptions	Autodesk.Revit.DB	Autodesk/Revit/DB/__init__.py	25009	25019		7
ViewSection	Autodesk.Revit.DB	Autodesk/Revit/DB/__init__.py	25020	25101	View	71
ViewSet	Autodesk.Revit.DB	Autodesk/Revit/DB/__init__.py	25102	25115	APIObject	10
ViewSetIterator	Autodesk.Revit.DB	Autodesk/Revit/DB/__init__.py	25116	25123	APIObject	4
ViewShapeBuilder	Autodesk.Revit.DB	Autodesk/Revit/DB/__init__.py	25124	25138	ShapeBuilder	8
ViewSheet	Autodesk.Revit.DB	Autodesk/Revit/DB/__init__.py	25139	25226	View	82
ViewSheetSet	Autodesk.Revit.DB	Autodesk/Revit/DB/__init__.py	25227	25262	Element	32
ViewSheetSetting	Autodesk.Revit.DB	Autodesk/Revit/DB/__init__.py	25263	25275	APIObject	9
ViewStyleType	Autodesk.AutoCAD.DatabaseServices	Autodesk/AutoCAD/DatabaseServices/__init__.py	20696	20700		0
ViewSystemsAnalysisReport	Autodesk.Revit.DB.Analysis	Autodesk/Revit/DB/Analysis.py	1763	1843	View	74
ViewTable	Autodesk.AutoCAD.DatabaseServices	Autodesk/AutoCAD/DatabaseServices/__init__.py	20701	20746	SymbolTable	42
ViewTableRecord	Autodesk.AutoCAD.DatabaseServices	Autodesk/AutoCAD/DatabaseServices/__init__.py	20747	20830	AbstractViewTableRecord	80
ViewTemplateApplicationOption	Autodesk.Revit.DB	Autodesk/Revit/DB/__init__.py	25276	25280		0
ViewToBeDestroyedEventHandler	Autodesk.AutoCAD.GraphicsSystem	Autodesk/AutoCAD/GraphicsSystem.py	402	410		5
ViewToBeUpdatedEventHandler	Autodesk.AutoCAD.GraphicsSystem	Autodesk/AutoCAD/GraphicsSystem.py	411	419		5
ViewType	Autodesk.Revit.DB	Autodesk/Revit/DB/__init__.py	25281	25285		0
ViewUpdateEventArgs	Autodesk.AutoCAD.GraphicsSystem	Autodesk/AutoCAD/GraphicsSystem.py	420	425	EventArgs	2
ViewUpdateFlags	Autodesk.AutoCAD.GraphicsSystem	Autodesk/AutoCAD/GraphicsSystem.py	426	430		0
ViewUtil	Autodesk.AutoCAD.Internal	Autodesk/AutoCAD/Internal/__init__.py	3399	3409		4
ViewWasCreatedEventHandler	Autodesk.AutoCAD.GraphicsSystem	Autodesk/AutoCAD/GraphicsSystem.py	431	439		5
ViewWasUpdatedEventHandler	Autodesk.AutoCAD.GraphicsSystem	Autodesk/AutoCAD/GraphicsSystem.py	440	448		5
Viewpoint	Autodesk.Navisworks.Api	Autodesk/Navisworks/Api/__init__.py	2491	2549	NativeHandle	53
ViewpointDistanceType	Autodesk.Navisworks.Api	Autodesk/Navisworks/Api/__init__.py	2550	2554		0
ViewpointImageFit	Autodesk.Navisworks.Api	Autodesk/Navisworks/Api/__init__.py	2555	2559		0
ViewpointLighting	Autodesk.Navisworks.Api	Autodesk/Navisworks/Api/__init__.py	2560	2564		0
ViewpointProjection	Autodesk.Navisworks.Api	Autodesk/Navisworks/Api/__init__.py	2565	2569		0
ViewpointRenderStyle	Autodesk.Navisworks.Api	Autodesk/Navisworks/Api/__init__.py	2570	2574		0
ViewpointStereoProjection	Autodesk.Navisworks.Api	Autodesk/Navisworks/Api/__init__.py	2575	2579		0
Viewport	Autodesk.AutoCAD.DatabaseServices	Autodesk/AutoCAD/DatabaseServices/__init__.py	20831	20984	Entity	150
Viewport	Autodesk.AutoCAD.GraphicsInterface	Autodesk/AutoCAD/GraphicsInterface.py	1538	1563	RXObject	22
Viewport	Autodesk.Revit.DB	Autodesk/Revit/DB/__init__.py	25286	25336	Element	45
ViewportBorderProperties	Autodesk.AutoCAD.GraphicsSystem	Autodesk/AutoCAD/GraphicsSystem.py	449	454		2
ViewportDraw	Autodesk.AutoCAD.GraphicsInterface	Autodesk/AutoCAD/GraphicsInterface.py	1564	1582	CommonDraw	15
ViewportGeometry	Autodesk.AutoCAD.GraphicsInterface	Autodesk/AutoCAD/GraphicsInterface.py	1583	1596	Geometry	10
ViewportRotation	Autodesk.Revit.DB	Autodesk/Revit/DB/__init__.py	25337	25341		0
ViewportTable	Autodesk.AutoCAD.DatabaseServices	Autodesk/AutoCAD/DatabaseServices/__init__.py	20985	21030	SymbolTable	42
ViewportTableRecord	Autodesk.AutoCAD.DatabaseServices	Autodesk/AutoCAD/DatabaseServices/__init__.py	21031	21128	AbstractViewTableRecord	94
ViewportTraits	Autodesk.AutoCAD.GraphicsInterface	Autodesk/AutoCAD/GraphicsInterface.py	1597	1632	DrawableTraits	32
Views2DCommands	Autodesk.AutoCAD.Windows.Data	Autodesk/AutoCAD/Windows/Data/__init__.py	1255	1366		108
ViewsExportedByContextEventArgs	Autodesk.Revit.DB.Events	Autodesk/Revit/DB/Events.py	494	502	RevitAPIPostDocEventArgs	5
ViewsExportingByContextEventArgs	Autodesk.Revit.DB.Events	Autodesk/Revit/DB/Events.py	503	510	RevitAPIPreDocEventArgs	4
VirtualPrinterType	Autodesk.Revit.DB	Autodesk/Revit/DB/__init__.py	25342	25346		0
Visibility	Autodesk.AutoCAD.DatabaseServices	Autodesk/AutoCAD/DatabaseServices/__init__.py	21129	21133		0
Visibility	Autodesk.Revit.DB	Autodesk/Revit/DB/__init__.py	25347	25351		0
VisibilityOverrides	Autodesk.Navisworks.Api	Autodesk/Navisworks/Api/__init__.py	2580	2584		1
VisibilityOverrule	Autodesk.AutoCAD.DatabaseServices	Autodesk/AutoCAD/DatabaseServices/__init__.py	21134	21147	Overrule	10
VisibleInViewFilter	Autodesk.Revit.DB	Autodesk/Revit/DB/__init__.py	25352	25357	ElementQuickFilter	2
VisualStyle	Autodesk.AutoCAD.GraphicsInterface	Autodesk/AutoCAD/GraphicsInterface.py	1633	1646	RXObject	10
VisualStyleElement	System.Windows.Forms.VisualStyles	System/Windows/Forms/VisualStyles.py	2499	2590	object	0
VisualStyleEventManager	Autodesk.AutoCAD.Internal.Reactors	Autodesk/AutoCAD/Internal/Reactors.py	255	262		3
VisualStyleInformation	System.Windows.Forms.VisualStyles	System/Windows/Forms/VisualStyles.py	2591	2610	object	0
VisualStyleOperation	Autodesk.AutoCAD.GraphicsInterface	Autodesk/AutoCAD/GraphicsInterface.py	1647	1651		0
VisualStyleProperty	Autodesk.AutoCAD.GraphicsInterface	Autodesk/AutoCAD/GraphicsInterface.py	1652	1656		0
VisualStyleRenderer	System.Windows.Forms.VisualStyles	System/Windows/Forms/VisualStyles.py	2611	3403	object	0
VisualStyleSet	Autodesk.AutoCAD.Internal	Autodesk/AutoCAD/Internal/__init__.py	3410	3419	RXObject	6
VisualStyleState	System.Windows.Forms.VisualStyles	System/Windows/Forms/VisualStyles.py	3404	3452	Enum, IComparable, IFormattable, IConvertible	0
VisualStyleTraits	Autodesk.AutoCAD.GraphicsInterface	Autodesk/AutoCAD/GraphicsInterface.py	1657	1684	DrawableTraits	24
VisualStyleType	Autodesk.AutoCAD.GraphicsInterface	Autodesk/AutoCAD/GraphicsInterface.py	1685	1689		0
Visuals	Autodesk.AutoCAD.Windows	Autodesk/AutoCAD/Windows/__init__.py	601	607		3
Void	System	System/__init__.py	43759	43764	object	0
VoltageType	Autodesk.Revit.DB.Electrical	Autodesk/Revit/DB/Electrical.py	1747	1786	ElementType	36
VoltageTypeSet	Autodesk.Revit.DB.Electrical	Autodesk/Revit/DB/Electrical.py	1787	1800	APIObject	10
VoltageTypeSetIterator	Autodesk.Revit.DB.Electrical	Autodesk/Revit/DB/Electrical.py	1801	1808	APIObject	4
VolumeLayoutTool	Autodesk.Aec.DatabaseServices	Autodesk/Aec/DatabaseServices.py	8984	9100	CellLayoutTool	113
VolumeSurfaceProperties	Autodesk.Civil.DatabaseServices	Autodesk/Civil/DatabaseServices/__init__.py	25821	25834		10
VolumeSurfaceType	Autodesk.Civil	Autodesk/Civil/__init__.py	1785	1789		0
VolumeTableType	Autodesk.Civil.DatabaseServices	Autodesk/Civil/DatabaseServices/__init__.py	25835	25839		0
VolumeUnitType	Autodesk.Civil	Autodesk/Civil/__init__.py	1790	1794		0
VsESWDictionaryEventHandler	Autodesk.AutoCAD.Internal.Reactors	Autodesk/AutoCAD/Internal/Reactors.py	263	271		5
VsESWObjectEventHandler	Autodesk.AutoCAD.Internal.Reactors	Autodesk/AutoCAD/Internal/Reactors.py	272	280		5
WPFDocumentWindow	Autodesk.AutoCAD.Windows	Autodesk/AutoCAD/Windows/__init__.py	608	626	DocumentWindow	15
WSUtils	Autodesk.AutoCAD.Internal	Autodesk/AutoCAD/Internal/__init__.py	3420	3439		8
Wall	Autodesk.Revit.DB	Autodesk/Revit/DB/__init__.py	25358	25421	HostObject	58
WallBreaklineCreationData	Autodesk.Civil.DatabaseServices	Autodesk/Civil/DatabaseServices/__init__.py	25840	25844		0
WallBreaklineCreationDataEx	Autodesk.Civil.DatabaseServices	Autodesk/Civil/DatabaseServices/__init__.py	25845	25849		0
WallCrossSection	Autodesk.Revit.DB	Autodesk/Revit/DB/__init__.py	25422	25426		0
WallFoundation	Autodesk.Revit.DB	Autodesk/Revit/DB/__init__.py	25427	25460	HostObject	29
WallFoundationType	Autodesk.Revit.DB	Autodesk/Revit/DB/__init__.py	25461	25495	HostObjAttributes	31
WallFunction	Autodesk.Revit.DB	Autodesk/Revit/DB/__init__.py	25496	25500		0
WallKind	Autodesk.Revit.DB	Autodesk/Revit/DB/__init__.py	25501	25505		0
WallLocationLine	Autodesk.Revit.DB	Autodesk/Revit/DB/__init__.py	25506	25510		0
WallPaint	Autodesk.Revit.DB.Visual	Autodesk/Revit/DB/Visual.py	970	978		5
WallSide	Autodesk.Revit.DB	Autodesk/Revit/DB/__init__.py	25511	25515		0
WallSweep	Autodesk.Revit.DB	Autodesk/Revit/DB/__init__.py	25516	25552	HostObject	31
WallSweepInfo	Autodesk.Revit.DB	Autodesk/Revit/DB/__init__.py	25553	25574		18
WallSweepOrientation	Autodesk.Revit.DB	Autodesk/Revit/DB/__init__.py	25575	25579		0
WallSweepType	Autodesk.Revit.DB	Autodesk/Revit/DB/__init__.py	25580	25584		0
WallType	Autodesk.Revit.DB	Autodesk/Revit/DB/__init__.py	25585	25623	HostObjAttributes	35
WallUtils	Autodesk.Revit.DB	Autodesk/Revit/DB/__init__.py	25624	25633		3
WallpaintApplicationType	Autodesk.Revit.DB.Visual	Autodesk/Revit/DB/Visual.py	979	983		0
WallpaintFinishType	Autodesk.Revit.DB.Visual	Autodesk/Revit/DB/Visual.py	984	988		0
WarpMode	System.Drawing.Drawing2D	System/Drawing/Drawing2D.py	5098	5143	Enum, IComparable, IFormattable, IConvertible	0
Water	Autodesk.Revit.DB.Visual	Autodesk/Revit/DB/Visual.py	989	999		7
WaterChillerType	Autodesk.Revit.DB.Mechanical	Autodesk/Revit/DB/Mechanical.py	1324	1328		0
WaterLoopData	Autodesk.Revit.DB.Mechanical	Autodesk/Revit/DB/Mechanical.py	1329	1337		5
WaterLoopType	Autodesk.Revit.DB.Mechanical	Autodesk/Revit/DB/Mechanical.py	1338	1342		0
WaterTintEnableType	Autodesk.Revit.DB.Visual	Autodesk/Revit/DB/Visual.py	1000	1004		0
WaterType	Autodesk.Revit.DB.Visual	Autodesk/Revit/DB/Visual.py	1005	1009		0
WaterdropObjectType	Autodesk.Civil	Autodesk/Civil/__init__.py	1795	1799		0
WatershedBaseStyle	Autodesk.Civil.DatabaseServices.Styles	Autodesk/Civil/DatabaseServices/Styles.py	7077	7086	CivilWrapper<AeccDbSurfaceStyle>	6
WatershedBoundaryPointStyle	Autodesk.Civil.DatabaseServices.Styles	Autodesk/Civil/DatabaseServices/Styles.py	7087	7099	WatershedDrainPointStyle	9
WatershedBoundarySegmentStyle	Autodesk.Civil.DatabaseServices.Styles	Autodesk/Civil/DatabaseServices/Styles.py	7100	7113	WatershedDrainSegmentStyle	10
WatershedDepressionStyle	Autodesk.Civil.DatabaseServices.Styles	Autodesk/Civil/DatabaseServices/Styles.py	7114	7130	WatershedDrainPointSegmentStyle	13
WatershedDrainPointSegmentStyle	Autodesk.Civil.DatabaseServices.Styles	Autodesk/Civil/DatabaseServices/Styles.py	7131	7147	WatershedBaseStyle	13
WatershedDrainPointStyle	Autodesk.Civil.DatabaseServices.Styles	Autodesk/Civil/DatabaseServices/Styles.py	7148	7160	WatershedBaseStyle	9
WatershedDrainSegmentStyle	Autodesk.Civil.DatabaseServices.Styles	Autodesk/Civil/DatabaseServices/Styles.py	7161	7174	WatershedBaseStyle	10
WatershedFlatAreaStyle	Autodesk.Civil.DatabaseServices.Styles	Autodesk/Civil/DatabaseServices/Styles.py	7175	7184	WatershedBaseStyle	6
WatershedMultipleDrainNotchStyle	Autodesk.Civil.DatabaseServices.Styles	Autodesk/Civil/DatabaseServices/Styles.py	7185	7198	WatershedDrainSegmentStyle	10
WatershedMultipleDrainStyle	Autodesk.Civil.DatabaseServices.Styles	Autodesk/Civil/DatabaseServices/Styles.py	7199	7211	WatershedDrainPointStyle	9
WatershedType	Autodesk.Civil	Autodesk/Civil/__init__.py	1800	1804		0
Wave	Autodesk.Revit.DB.Visual	Autodesk/Revit/DB/Visual.py	1010	1028		15
WaveDistributionType	Autodesk.Revit.DB.Visual	Autodesk/Revit/DB/Visual.py	1029	1033		0
WblockNoticeEventArgs	Autodesk.AutoCAD.DatabaseServices	Autodesk/AutoCAD/DatabaseServices/__init__.py	21148	21153	EventArgs	2
WblockNoticeEventHandler	Autodesk.AutoCAD.DatabaseServices	Autodesk/AutoCAD/DatabaseServices/__init__.py	21154	21162		5
WebBrowser	System.Windows.Forms	System/Windows/Forms/__init__.py	267394	270199	WebBrowserBase, IComponent, IDisposable, IOleControl, IOleObject, IOleInPlaceObject, IOleInPlaceActiveObject, IOleWindow, IViewObject, IViewObject2, IPersist, IPersistStreamInit, IPersistPropertyBag, IPersistStorage, IQuickActivate, ISupportOleDropSource, IDropTarget, ISynchronizeInvoke, IWin32Window, IArrangedElement, IBindableComponent	0
WebBrowserBase	System.Windows.Forms	System/Windows/Forms/__init__.py	265061	267393	Control, IComponent, IDisposable, IOleControl, IOleObject, IOleInPlaceObject, IOleInPlaceActiveObject, IOleWindow, IViewObject, IViewObject2, IPersist, IPersistStreamInit, IPersistPropertyBag, IPersistStorage, IQuickActivate, ISupportOleDropSource, IDropTarget, ISynchronizeInvoke, IWin32Window, IArrangedElement, IBindableComponent	0
WebBrowserDocumentCompletedEventArgs	System.Windows.Forms	System/Windows/Forms/__init__.py	270200	270225	EventArgs	0
WebBrowserDocumentCompletedEventHandler	System.Windows.Forms	System/Windows/Forms/__init__.py	270226	270330	MulticastDelegate, ICloneable, ISerializable	0
WebBrowserEncryptionLevel	System.Windows.Forms	System/Windows/Forms/__init__.py	270331	270381	Enum, IComparable, IFormattable, IConvertible	0
WebBrowserNavigatedEventArgs	System.Windows.Forms	System/Windows/Forms/__init__.py	270382	270407	EventArgs	0
WebBrowserNavigatedEventHandler	System.Windows.Forms	System/Windows/Forms/__init__.py	270408	270512	MulticastDelegate, ICloneable, ISerializable	0
WebBrowserNavigatingEventArgs	System.Windows.Forms	System/Windows/Forms/__init__.py	270513	270549	CancelEventArgs	0
WebBrowserNavigatingEventHandler	System.Windows.Forms	System/Windows/Forms/__init__.py	270550	270654	MulticastDelegate, ICloneable, ISerializable	0
WebBrowserProgressChangedEventArgs	System.Windows.Forms	System/Windows/Forms/__init__.py	270655	270691	EventArgs	0
WebBrowserProgressChangedEventHandler	System.Windows.Forms	System/Windows/Forms/__init__.py	270692	270796	MulticastDelegate, ICloneable, ISerializable	0
WebBrowserReadyState	System.Windows.Forms	System/Windows/Forms/__init__.py	270797	270845	Enum, IComparable, IFormattable, IConvertible	0
WebBrowserRefreshOption	System.Windows.Forms	System/Windows/Forms/__init__.py	270846	270893	Enum, IComparable, IFormattable, IConvertible	0
WebBrowserSiteBase	System.Windows.Forms	System/Windows/Forms/__init__.py	270894	270930	object, IOleControlSite, IOleClientSite, IOleInPlaceSite, ISimpleFrameSite, IPropertyNotifySink, IDisposable	0
WebFileType	Autodesk.AutoCAD.GraphicsInterface	Autodesk/AutoCAD/GraphicsInterface.py	1690	1694		0
WebLightTraits	Autodesk.AutoCAD.GraphicsInterface	Autodesk/AutoCAD/GraphicsInterface.py	1695	1737	PointLightTraits	39
WebServiceMultipartRequest	Autodesk.AutoCAD.Internal	Autodesk/AutoCAD/Internal/__init__.py	3440	3448		5
WebServicePostRequest	Autodesk.AutoCAD.Internal	Autodesk/AutoCAD/Internal/__init__.py	3449	3455		3
WebSymmetry	Autodesk.AutoCAD.GraphicsInterface	Autodesk/AutoCAD/GraphicsInterface.py	1738	1742		0
WhoHasInfo	Autodesk.AutoCAD.ApplicationServices	Autodesk/AutoCAD/ApplicationServices/__init__.py	872	879		4
WideningByMethod	Autodesk.Civil	Autodesk/Civil/__init__.py	1805	1809		0
WideningSide	Autodesk.Civil	Autodesk/Civil/__init__.py	1810	1814		0
WidthMeasuredAt	Autodesk.Revit.DB	Autodesk/Revit/DB/__init__.py	25634	25638		0
WidthOffsetTarget	Autodesk.Civil.DatabaseServices	Autodesk/Civil/DatabaseServices/__init__.py	25850	25856	CivilWrapper<AeccWidthOffsetTarget>	3
WinderPathResult	Autodesk.Revit.DB.Architecture	Autodesk/Revit/DB/Architecture.py	1590	1594		0
Window	Autodesk.AutoCAD.Windows	Autodesk/AutoCAD/Windows/__init__.py	627	646	DisposableWrapper	14
WindowExtension	Autodesk.AutoCAD.Windows	Autodesk/AutoCAD/Windows/__init__.py	647	662		6
WindowsFormsComponentEditor	System.Windows.Forms.Design	System/Windows/Forms/Design.py	5698	5789	ComponentEditor	0
WindowsFormsSection	System.Windows.Forms	System/Windows/Forms/__init__.py	270931	270971	ConfigurationSection	0
WindowsFormsSynchronizationContext	System.Windows.Forms	System/Windows/Forms/__init__.py	270972	271076	SynchronizationContext, IDisposable	0
Wipeout	Autodesk.AutoCAD.DatabaseServices	Autodesk/AutoCAD/DatabaseServices/__init__.py	21163	21260	RasterImage	94
Wire	Autodesk.Revit.DB.Electrical	Autodesk/Revit/DB/Electrical.py	1809	1863	MEPCurve	49
WireConduitType	Autodesk.Revit.DB.Electrical	Autodesk/Revit/DB/Electrical.py	1864	1869	APIObject	2
WireConduitTypeSet	Autodesk.Revit.DB.Electrical	Autodesk/Revit/DB/Electrical.py	1870	1883	APIObject	10
WireConduitTypeSetIterator	Autodesk.Revit.DB.Electrical	Autodesk/Revit/DB/Electrical.py	1884	1891	APIObject	4
WireDistributionDirection	Autodesk.Revit.DB.Structure	Autodesk/Revit/DB/Structure/__init__.py	4322	4326		0
WireSet	Autodesk.Revit.DB.Electrical	Autodesk/Revit/DB/Electrical.py	1892	1905	APIObject	10
WireSetIterator	Autodesk.Revit.DB.Electrical	Autodesk/Revit/DB/Electrical.py	1906	1913	APIObject	4
WireType	Autodesk.Revit.DB.Electrical	Autodesk/Revit/DB/Electrical.py	1914	1957	ElementType	40
WireTypeSet	Autodesk.Revit.DB.Electrical	Autodesk/Revit/DB/Electrical.py	1958	1971	APIObject	10
WireTypeSetIterator	Autodesk.Revit.DB.Electrical	Autodesk/Revit/DB/Electrical.py	1972	1979	APIObject	4
WireframeBuilder	Autodesk.Revit.DB	Autodesk/Revit/DB/__init__.py	25639	25650	ShapeBuilder	6
WiringType	Autodesk.Revit.DB.Electrical	Autodesk/Revit/DB/Electrical.py	1980	1984		0
WmfPlaceableFileHeader	System.Drawing.Imaging	System/Drawing/Imaging.py	3764	3891	object	0
Wood	Autodesk.Revit.DB.Visual	Autodesk/Revit/DB/Visual.py	1034	1047		10
WoodPoreType	Autodesk.Revit.DB.Visual	Autodesk/Revit/DB/Visual.py	1048	1052		0
WoodTexture	Autodesk.AutoCAD.GraphicsInterface	Autodesk/AutoCAD/GraphicsInterface.py	1743	1758	ProceduralTexture	12
Workset	Autodesk.Revit.DB	Autodesk/Revit/DB/__init__.py	25651	25666	WorksetPreview	11
WorksetConfiguration	Autodesk.Revit.DB	Autodesk/Revit/DB/__init__.py	25667	25674		4
WorksetConfigurationOption	Autodesk.Revit.DB	Autodesk/Revit/DB/__init__.py	25675	25679		0
WorksetDefaultVisibilitySettings	Autodesk.Revit.DB	Autodesk/Revit/DB/__init__.py	25680	25714	Element	30
WorksetFilter	Autodesk.Revit.DB	Autodesk/Revit/DB/__init__.py	25715	25722		4
WorksetId	Autodesk.Revit.DB	Autodesk/Revit/DB/__init__.py	25723	25732		6
WorksetKind	Autodesk.Revit.DB	Autodesk/Revit/DB/__init__.py	25733	25737		0
WorksetKindFilter	Autodesk.Revit.DB	Autodesk/Revit/DB/__init__.py	25738	25745	WorksetFilter	4
WorksetPreview	Autodesk.Revit.DB	Autodesk/Revit/DB/__init__.py	25746	25756		7
WorksetTable	Autodesk.Revit.DB	Autodesk/Revit/DB/__init__.py	25757	25773		9
WorksetVisibility	Autodesk.Revit.DB	Autodesk/Revit/DB/__init__.py	25774	25778		0
WorksharedOperationProgressChangedEventArgs	Autodesk.Revit.DB.Events	Autodesk/Revit/DB/Events.py	511	518	RevitAPISingleEventArgs	4
WorksharingDisplayGraphicSettings	Autodesk.Revit.DB	Autodesk/Revit/DB/__init__.py	25779	25787		5
WorksharingDisplayMode	Autodesk.Revit.DB	Autodesk/Revit/DB/__init__.py	25788	25792		0
WorksharingDisplaySettings	Autodesk.Revit.DB	Autodesk/Revit/DB/__init__.py	25793	25833	Element	36
WorksharingSaveAsOptions	Autodesk.Revit.DB	Autodesk/Revit/DB/__init__.py	25834	25842		5
WorksharingTooltipInfo	Autodesk.Revit.DB	Autodesk/Revit/DB/__init__.py	25843	25852		6
WorksharingUtils	Autodesk.Revit.DB	Autodesk/Revit/DB/__init__.py	25853	25874		10
WorkspaceCollection	Autodesk.AutoCAD.Windows.Data	Autodesk/AutoCAD/Windows/Data/__init__.py	1367	1379	ObservableCollection	9
WorkspaceEventArgs	Autodesk.AutoCAD.Internal.Reactors	Autodesk/AutoCAD/Internal/Reactors.py	281	288	EventArgs	4
WorkspaceRestoreEventHandler	Autodesk.AutoCAD.Internal.Reactors	Autodesk/AutoCAD/Internal/Reactors.py	289	297		5
WorkspaceRibbonSaveEventHandler	Autodesk.AutoCAD.Internal.Reactors	Autodesk/AutoCAD/Internal/Reactors.py	298	306		5
WorkspaceSettingsSavedEventHandler	Autodesk.AutoCAD.Internal.Reactors	Autodesk/AutoCAD/Internal/Reactors.py	307	315		5
WorldDraw	Autodesk.AutoCAD.GraphicsInterface	Autodesk/AutoCAD/GraphicsInterface.py	1759	1773	CommonDraw	11
WorldGeometry	Autodesk.AutoCAD.GraphicsInterface	Autodesk/AutoCAD/GraphicsInterface.py	1774	1784	Geometry	7
WrapMode	System.Drawing.Drawing2D	System/Drawing/Drawing2D.py	5144	5193	Enum, IComparable, IFormattable, IConvertible	0
WrapperAttribute	Autodesk.AutoCAD.Runtime	Autodesk/AutoCAD/Runtime.py	706	711	Attribute	2
WrongUserException	Autodesk.Revit.Exceptions	Autodesk/Revit/Exceptions.py	860	873	InvalidOperationException	10
XReferenceSubCommandType	Autodesk.Aec.DatabaseServices	Autodesk/Aec/DatabaseServices.py	9101	9105		0
XYZ	Autodesk.Revit.DB	Autodesk/Revit/DB/__init__.py	25875	25905		26
XYZPoint	Autodesk.AutoCAD.Internal.Calculator	Autodesk/AutoCAD/Internal/Calculator.py	157	165		5
Xline	Autodesk.AutoCAD.DatabaseServices	Autodesk/AutoCAD/DatabaseServices/__init__.py	21261	21346	Curve	82
Xrecord	Autodesk.AutoCAD.DatabaseServices	Autodesk/AutoCAD/DatabaseServices/__init__.py	21347	21396	DBObject	46
XrecordEnumerator	Autodesk.AutoCAD.DatabaseServices	Autodesk/AutoCAD/DatabaseServices/__init__.py	21397	21410	RXObject	10
XrefBeginOperationEventArgs	Autodesk.AutoCAD.DatabaseServices	Autodesk/AutoCAD/DatabaseServices/__init__.py	21411	21416	EventArgs	2
XrefBeginOperationEventHandler	Autodesk.AutoCAD.DatabaseServices	Autodesk/AutoCAD/DatabaseServices/__init__.py	21417	21425		5
XrefComandeeredEventArgs	Autodesk.AutoCAD.DatabaseServices	Autodesk/AutoCAD/DatabaseServices/__init__.py	21426	21431	EventArgs	2
XrefComandeeredEventHandler	Autodesk.AutoCAD.DatabaseServices	Autodesk/AutoCAD/DatabaseServices/__init__.py	21432	21440		5
XrefFileLock	Autodesk.AutoCAD.ApplicationServices	Autodesk/AutoCAD/ApplicationServices/__init__.py	880	899	DisposableWrapper	11
XrefGraph	Autodesk.AutoCAD.DatabaseServices	Autodesk/AutoCAD/DatabaseServices/__init__.py	21441	21453	Graph	9
XrefGraphNode	Autodesk.AutoCAD.DatabaseServices	Autodesk/AutoCAD/DatabaseServices/__init__.py	21454	21474	GraphNode	17
XrefNotificationStatus	Autodesk.AutoCAD.DatabaseServices	Autodesk/AutoCAD/DatabaseServices/__init__.py	21475	21479		0
XrefObjectId	Autodesk.AutoCAD.DatabaseServices	Autodesk/AutoCAD/DatabaseServices/__init__.py	21480	21493		9
XrefOperation	Autodesk.AutoCAD.DatabaseServices	Autodesk/AutoCAD/DatabaseServices/__init__.py	21494	21498		0
XrefPreXrefLockFileEventArgs	Autodesk.AutoCAD.DatabaseServices	Autodesk/AutoCAD/DatabaseServices/__init__.py	21499	21503	EventArgs	1
XrefPreXrefLockFileEventHandler	Autodesk.AutoCAD.DatabaseServices	Autodesk/AutoCAD/DatabaseServices/__init__.py	21504	21512		5
XrefRedirectedEventArgs	Autodesk.AutoCAD.DatabaseServices	Autodesk/AutoCAD/DatabaseServices/__init__.py	21513	21518	EventArgs	2
XrefRedirectedEventHandler	Autodesk.AutoCAD.DatabaseServices	Autodesk/AutoCAD/DatabaseServices/__init__.py	21519	21527		5
XrefStatus	Autodesk.AutoCAD.DatabaseServices	Autodesk/AutoCAD/DatabaseServices/__init__.py	21528	21532		0
XrefSubCommandAbortedEventHandler	Autodesk.AutoCAD.DatabaseServices	Autodesk/AutoCAD/DatabaseServices/__init__.py	21533	21541		5
XrefSubCommandEndEventHandler	Autodesk.AutoCAD.DatabaseServices	Autodesk/AutoCAD/DatabaseServices/__init__.py	21542	21550		5
XrefSubCommandEventArgs	Autodesk.AutoCAD.DatabaseServices	Autodesk/AutoCAD/DatabaseServices/__init__.py	21551	21558	EventArgs	4
XrefSubCommandStartEventHandler	Autodesk.AutoCAD.DatabaseServices	Autodesk/AutoCAD/DatabaseServices/__init__.py	21559	21567		5
XrefVetoableSubCommandEventArgs	Autodesk.AutoCAD.DatabaseServices	Autodesk/AutoCAD/DatabaseServices/__init__.py	21568	21576	XrefSubCommandEventArgs	5
YAlignment	Autodesk.Aec.DatabaseServices	Autodesk/Aec/DatabaseServices.py	9106	9110		0
YJustification	Autodesk.Revit.DB.Structure	Autodesk/Revit/DB/Structure/__init__.py	4327	4331		0
YZJustificationOption	Autodesk.Revit.DB.Structure	Autodesk/Revit/DB/Structure/__init__.py	4332	4336		0
ZJustification	Autodesk.Revit.DB.Structure	Autodesk/Revit/DB/Structure/__init__.py	4337	4341		0
ZipExtractor	Autodesk.AutoCAD.Internal	Autodesk/AutoCAD/Internal/__init__.py	3456	3463		4
Zone	Autodesk.Revit.DB.Mechanical	Autodesk/Revit/DB/Mechanical.py	1343	1380	Element	33
ZoneElementDomainData	Autodesk.Revit.DB.Mechanical	Autodesk/Revit/DB/Mechanical.py	1381	1386		2
ZoneEquipment	Autodesk.Revit.DB.Mechanical	Autodesk/Revit/DB/Mechanical.py	1387	1424	Element	31
ZoneEquipmentBehavior	Autodesk.Revit.DB.Mechanical	Autodesk/Revit/DB/Mechanical.py	1425	1429		0
ZoneEquipmentData	Autodesk.Revit.DB.Mechanical	Autodesk/Revit/DB/Mechanical.py	1430	1445		12
ZoneEquipmentHvacType	Autodesk.Revit.DB.Mechanical	Autodesk/Revit/DB/Mechanical.py	1446	1450		0
ZoneGeometricDefinition	Autodesk.Revit.DB.Analysis	Autodesk/Revit/DB/Analysis.py	1844	1848		0
ZoomFitType	Autodesk.Revit.DB	Autodesk/Revit/DB/__init__.py	25906	25910		0
ZoomType	Autodesk.Revit.DB	Autodesk/Revit/DB/__init__.py	25911	25915		0
_AppDomain	System	System/__init__.py	1860	3098		0
_InwControlEvents	Autodesk.Navisworks.Api.Interop.ComApi	Autodesk/Navisworks/Api/Interop/ComApi.py	3892	3923		28
_InwControlEvents_Event	Autodesk.Navisworks.Api.Interop.ComApi	Autodesk/Navisworks/Api/Interop/ComApi.py	3924	3983		56
_InwControlEvents_OnCertificateDownloadEventHandler	Autodesk.Navisworks.Api.Interop.ComApi	Autodesk/Navisworks/Api/Interop/ComApi.py	3984	3990		3
_InwControlEvents_OnContextMenuEventHandler	Autodesk.Navisworks.Api.Interop.ComApi	Autodesk/Navisworks/Api/Interop/ComApi.py	3991	3997		3
_InwControlEvents_OnContextMenuExEventHandler	Autodesk.Navisworks.Api.Interop.ComApi	Autodesk/Navisworks/Api/Interop/ComApi.py	3998	4004		3
_InwControlEvents_OnEnableContextMenuCmdEventHandler	Autodesk.Navisworks.Api.Interop.ComApi	Autodesk/Navisworks/Api/Interop/ComApi.py	4005	4011		3
_InwControlEvents_OnEnableContextMenuCmdExEventHandler	Autodesk.Navisworks.Api.Interop.ComApi	Autodesk/Navisworks/Api/Interop/ComApi.py	4012	4018		3
_InwControlEvents_OnEnableUserNavModeEventHandler	Autodesk.Navisworks.Api.Interop.ComApi	Autodesk/Navisworks/Api/Interop/ComApi.py	4019	4025		3
_InwControlEvents_OnEnableUserNavModeExEventHandler	Autodesk.Navisworks.Api.Interop.ComApi	Autodesk/Navisworks/Api/Interop/ComApi.py	4026	4032		3
_InwControlEvents_OnFileDownloadEventHandler	Autodesk.Navisworks.Api.Interop.ComApi	Autodesk/Navisworks/Api/Interop/ComApi.py	4033	4039		3
_InwControlEvents_OnFileErrorEventHandler	Autodesk.Navisworks.Api.Interop.ComApi	Autodesk/Navisworks/Api/Interop/ComApi.py	4040	4046		3
_InwControlEvents_OnFileOpenEventHandler	Autodesk.Navisworks.Api.Interop.ComApi	Autodesk/Navisworks/Api/Interop/ComApi.py	4047	4053		3
_InwControlEvents_OnKeyDownEventHandler	Autodesk.Navisworks.Api.Interop.ComApi	Autodesk/Navisworks/Api/Interop/ComApi.py	4054	4060		3
_InwControlEvents_OnKeyDownExEventHandler	Autodesk.Navisworks.Api.Interop.ComApi	Autodesk/Navisworks/Api/Interop/ComApi.py	4061	4067		3
_InwControlEvents_OnKeyUpEventHandler	Autodesk.Navisworks.Api.Interop.ComApi	Autodesk/Navisworks/Api/Interop/ComApi.py	4068	4074		3
_InwControlEvents_OnKeyUpExEventHandler	Autodesk.Navisworks.Api.Interop.ComApi	Autodesk/Navisworks/Api/Interop/ComApi.py	4075	4081		3
_InwControlEvents_OnLButtonDownEventHandler	Autodesk.Navisworks.Api.Interop.ComApi	Autodesk/Navisworks/Api/Interop/ComApi.py	4082	4088		3
_InwControlEvents_OnLButtonUpEventHandler	Autodesk.Navisworks.Api.Interop.ComApi	Autodesk/Navisworks/Api/Interop/ComApi.py	4089	4095		3
_InwControlEvents_OnMButtonDownEventHandler	Autodesk.Navisworks.Api.Interop.ComApi	Autodesk/Navisworks/Api/Interop/ComApi.py	4096	4102		3
_InwControlEvents_OnMButtonUpEventHandler	Autodesk.Navisworks.Api.Interop.ComApi	Autodesk/Navisworks/Api/Interop/ComApi.py	4103	4109		3
_InwControlEvents_OnMouseMoveEventHandler	Autodesk.Navisworks.Api.Interop.ComApi	Autodesk/Navisworks/Api/Interop/ComApi.py	4110	4116		3
_InwControlEvents_OnMouseWheelEventHandler	Autodesk.Navisworks.Api.Interop.ComApi	Autodesk/Navisworks/Api/Interop/ComApi.py	4117	4123		3
_InwControlEvents_OnNavModeChangedEventHandler	Autodesk.Navisworks.Api.Interop.ComApi	Autodesk/Navisworks/Api/Interop/ComApi.py	4124	4130		3
_InwControlEvents_OnOutOfMemoryEventHandler	Autodesk.Navisworks.Api.Interop.ComApi	Autodesk/Navisworks/Api/Interop/ComApi.py	4131	4137		3
_InwControlEvents_OnProgressErrorEventHandler	Autodesk.Navisworks.Api.Interop.ComApi	Autodesk/Navisworks/Api/Interop/ComApi.py	4138	4144		3
_InwControlEvents_OnProgressPublishedEventHandler	Autodesk.Navisworks.Api.Interop.ComApi	Autodesk/Navisworks/Api/Interop/ComApi.py	4145	4151		3
_InwControlEvents_OnSecurityCheckedEventHandler	Autodesk.Navisworks.Api.Interop.ComApi	Autodesk/Navisworks/Api/Interop/ComApi.py	4152	4158		3
_InwControlEvents_OnSecurityErrorEventHandler	Autodesk.Navisworks.Api.Interop.ComApi	Autodesk/Navisworks/Api/Interop/ComApi.py	4159	4165		3
_InwControlEvents_OnUserContextMenuCmdEventHandler	Autodesk.Navisworks.Api.Interop.ComApi	Autodesk/Navisworks/Api/Interop/ComApi.py	4166	4172		3
_InwControlEvents_OnXRefResolveEventHandler	Autodesk.Navisworks.Api.Interop.ComApi	Autodesk/Navisworks/Api/Interop/ComApi.py	4173	4179		3
_InwControlEvents_SinkHelper	Autodesk.Navisworks.Api.Interop.ComApi	Autodesk/Navisworks/Api/Interop/ComApi.py	4180	4211		28
_InwOpStateEvents	Autodesk.Navisworks.Api.Interop.ComApi	Autodesk/Navisworks/Api/Interop/ComApi.py	4212	4224		9
_InwOpStateEvents_Event	Autodesk.Navisworks.Api.Interop.ComApi	Autodesk/Navisworks/Api/Interop/ComApi.py	4225	4246		18
_InwOpStateEvents_OnCurrentAnimationChangedEventHandler	Autodesk.Navisworks.Api.Interop.ComApi	Autodesk/Navisworks/Api/Interop/ComApi.py	4247	4253		3
_InwOpStateEvents_OnCurrentSceneChangedEventHandler	Autodesk.Navisworks.Api.Interop.ComApi	Autodesk/Navisworks/Api/Interop/ComApi.py	4254	4260		3
_InwOpStateEvents_OnCurrentSceneChangingEventHandler	Autodesk.Navisworks.Api.Interop.ComApi	Autodesk/Navisworks/Api/Interop/ComApi.py	4261	4267		3
_InwOpStateEvents_OnCurrentSelectionChangedEventHandler	Autodesk.Navisworks.Api.Interop.ComApi	Autodesk/Navisworks/Api/Interop/ComApi.py	4268	4274		3
_InwOpStateEvents_OnCurrentViewChangedEventHandler	Autodesk.Navisworks.Api.Interop.ComApi	Autodesk/Navisworks/Api/Interop/ComApi.py	4275	4281		3
_InwOpStateEvents_OnCustomChangedEventHandler	Autodesk.Navisworks.Api.Interop.ComApi	Autodesk/Navisworks/Api/Interop/ComApi.py	4282	4288		3
_InwOpStateEvents_OnPlanViewChangedEventHandler	Autodesk.Navisworks.Api.Interop.ComApi	Autodesk/Navisworks/Api/Interop/ComApi.py	4289	4295		3
_InwOpStateEvents_OnSavedViewsChangedEventHandler	Autodesk.Navisworks.Api.Interop.ComApi	Autodesk/Navisworks/Api/Interop/ComApi.py	4296	4302		3
_InwOpStateEvents_OnSectionViewChangedEventHandler	Autodesk.Navisworks.Api.Interop.ComApi	Autodesk/Navisworks/Api/Interop/ComApi.py	4303	4309		3
_InwOpStateEvents_SinkHelper	Autodesk.Navisworks.Api.Interop.ComApi	Autodesk/Navisworks/Api/Interop/ComApi.py	4310	4322		9
_InwScriptParserEvents	Autodesk.Navisworks.Api.Interop.ComApi	Autodesk/Navisworks/Api/Interop/ComApi.py	4323	4327		1
_InwScriptParserEvents_Event	Autodesk.Navisworks.Api.Interop.ComApi	Autodesk/Navisworks/Api/Interop/ComApi.py	4328	4333		2
_InwScriptParserEvents_OnScriptErrorEventHandler	Autodesk.Navisworks.Api.Interop.ComApi	Autodesk/Navisworks/Api/Interop/ComApi.py	4334	4340		3
_InwScriptParserEvents_SinkHelper	Autodesk.Navisworks.Api.Interop.ComApi	Autodesk/Navisworks/Api/Interop/ComApi.py	4341	4345		1
eRefFace	Autodesk.Revit.Creation	Autodesk/Revit/Creation.py	142	146		0
gbXMLBuildingHVACSystem	Autodesk.Revit.DB.Analysis	Autodesk/Revit/DB/Analysis.py	1849	1853		0
gbXMLBuildingOperatingSchedule	Autodesk.Revit.DB.Analysis	Autodesk/Revit/DB/Analysis.py	1854	1858		0
gbXMLBuildingType	Autodesk.Revit.DB.Analysis	Autodesk/Revit/DB/Analysis.py	1859	1863		0
gbXMLConditionType	Autodesk.Revit.DB.Analysis	Autodesk/Revit/DB/Analysis.py	1864	1868		0
gbXMLExportBuildingEnvelope	Autodesk.Revit.DB.Analysis	Autodesk/Revit/DB/Analysis.py	1869	1873		0
gbXMLExportComplexity	Autodesk.Revit.DB.Analysis	Autodesk/Revit/DB/Analysis.py	1874	1878		0
gbXMLOpeningType	Autodesk.Revit.DB.Analysis	Autodesk/Revit/DB/Analysis.py	1879	1883		0
gbXMLServiceType	Autodesk.Revit.DB.Analysis	Autodesk/Revit/DB/Analysis.py	1884	1888		0
gbXMLSpaceType	Autodesk.Revit.DB.Analysis	Autodesk/Revit/DB/Analysis.py	1889	1893		0
gbXMLSurfaceType	Autodesk.Revit.DB.Analysis	Autodesk/Revit/DB/Analysis.py	1894	1898		0
getBlockSyncFolderFromServerHandler	Autodesk.AutoCAD.Internal	Autodesk/AutoCAD/Internal/__init__.py	3464	3472		5
getConsentStatusHandler	Autodesk.AutoCAD.Internal	Autodesk/AutoCAD/Internal/__init__.py	3473	3481		5
getOnBoardingCompletedHandler	Autodesk.AutoCAD.Internal	Autodesk/AutoCAD/Internal/__init__.py	3482	3490		5
getValueAsStringHandler	Autodesk.AutoCAD.Internal	Autodesk/AutoCAD/Internal/__init__.py	3491	3499		5
mgBlockPreviewInfo	Autodesk.AutoCAD.Internal	Autodesk/AutoCAD/Internal/__init__.py	3500	3505		2
nwControlMDI	Autodesk.Navisworks.Api.Interop.ComApi	Autodesk/Navisworks/Api/Interop/ComApi.py	4346	4350		0
nwControlMDIClass	Autodesk.Navisworks.Api.Interop.ComApi	Autodesk/Navisworks/Api/Interop/ComApi.py	4351	4436	__ComObject	82
nwControlProp	Autodesk.Navisworks.Api.Interop.ComApi	Autodesk/Navisworks/Api/Interop/ComApi.py	4437	4441		0
nwControlPropClass	Autodesk.Navisworks.Api.Interop.ComApi	Autodesk/Navisworks/Api/Interop/ComApi.py	4442	4446	__ComObject	0
nwControlSDI	Autodesk.Navisworks.Api.Interop.ComApi	Autodesk/Navisworks/Api/Interop/ComApi.py	4447	4451		0
nwControlSDIClass	Autodesk.Navisworks.Api.Interop.ComApi	Autodesk/Navisworks/Api/Interop/ComApi.py	4452	4537	__ComObject	82
nwEAngularUnits	Autodesk.Navisworks.Api.Interop.ComApi	Autodesk/Navisworks/Api/Interop/ComApi.py	4538	4542		0
nwEAnimCmdFlags	Autodesk.Navisworks.Api.Interop.ComApi	Autodesk/Navisworks/Api/Interop/ComApi.py	4543	4547		0
nwEAnimSmoothing	Autodesk.Navisworks.Api.Interop.ComApi	Autodesk/Navisworks/Api/Interop/ComApi.py	4548	4552		0
nwEAnimationCmd	Autodesk.Navisworks.Api.Interop.ComApi	Autodesk/Navisworks/Api/Interop/ComApi.py	4553	4557		0
nwECameraMode	Autodesk.Navisworks.Api.Interop.ComApi	Autodesk/Navisworks/Api/Interop/ComApi.py	4558	4562		0
nwECanTake	Autodesk.Navisworks.Api.Interop.ComApi	Autodesk/Navisworks/Api/Interop/ComApi.py	4563	4567		0
nwECaps	Autodesk.Navisworks.Api.Interop.ComApi	Autodesk/Navisworks/Api/Interop/ComApi.py	4568	4572		0
nwEClashIgnore	Autodesk.Navisworks.Api.Interop.ComApi	Autodesk/Navisworks/Api/Interop/ComApi.py	4573	4577		0
nwEClashTestIntersectionMethod	Autodesk.Navisworks.Api.Interop.ComApi	Autodesk/Navisworks/Api/Interop/ComApi.py	4578	4582		0
nwEClashTestStatus	Autodesk.Navisworks.Api.Interop.ComApi	Autodesk/Navisworks/Api/Interop/ComApi.py	4583	4587		0
nwEClashTestToleranceType	Autodesk.Navisworks.Api.Interop.ComApi	Autodesk/Navisworks/Api/Interop/ComApi.py	4588	4592		0
nwEClashTestType	Autodesk.Navisworks.Api.Interop.ComApi	Autodesk/Navisworks/Api/Interop/ComApi.py	4593	4597		0
nwEClipPlaneAlignment	Autodesk.Navisworks.Api.Interop.ComApi	Autodesk/Navisworks/Api/Interop/ComApi.py	4598	4602		0
nwECommentStatus	Autodesk.Navisworks.Api.Interop.ComApi	Autodesk/Navisworks/Api/Interop/ComApi.py	4603	4607		0
nwEExportStatus	Autodesk.Navisworks.Api.Interop.ComApi	Autodesk/Navisworks/Api/Interop/ComApi.py	4608	4612		0
nwEFileAction	Autodesk.Navisworks.Api.Interop.ComApi	Autodesk/Navisworks/Api/Interop/ComApi.py	4613	4617		0
nwEFileAsType	Autodesk.Navisworks.Api.Interop.ComApi	Autodesk/Navisworks/Api/Interop/ComApi.py	4618	4622		0
nwEFindCondition	Autodesk.Navisworks.Api.Interop.ComApi	Autodesk/Navisworks/Api/Interop/ComApi.py	4623	4627		0
nwELighting	Autodesk.Navisworks.Api.Interop.ComApi	Autodesk/Navisworks/Api/Interop/ComApi.py	4628	4632		0
nwELinearUnits	Autodesk.Navisworks.Api.Interop.ComApi	Autodesk/Navisworks/Api/Interop/ComApi.py	4633	4637		0
nwENavigationMode	Autodesk.Navisworks.Api.Interop.ComApi	Autodesk/Navisworks/Api/Interop/ComApi.py	4638	4642		0
nwEObjectType	Autodesk.Navisworks.Api.Interop.ComApi	Autodesk/Navisworks/Api/Interop/ComApi.py	4643	4647		0
nwEParadigm	Autodesk.Navisworks.Api.Interop.ComApi	Autodesk/Navisworks/Api/Interop/ComApi.py	4648	4652		0
nwEPickFlags	Autodesk.Navisworks.Api.Interop.ComApi	Autodesk/Navisworks/Api/Interop/ComApi.py	4653	4657		0
nwEProjection	Autodesk.Navisworks.Api.Interop.ComApi	Autodesk/Navisworks/Api/Interop/ComApi.py	4658	4662		0
nwEPublishFlags	Autodesk.Navisworks.Api.Interop.ComApi	Autodesk/Navisworks/Api/Interop/ComApi.py	4663	4667		0
nwERenderStyle	Autodesk.Navisworks.Api.Interop.ComApi	Autodesk/Navisworks/Api/Interop/ComApi.py	4668	4672		0
nwESavedViewType	Autodesk.Navisworks.Api.Interop.ComApi	Autodesk/Navisworks/Api/Interop/ComApi.py	4673	4677		0
nwESearchMode	Autodesk.Navisworks.Api.Interop.ComApi	Autodesk/Navisworks/Api/Interop/ComApi.py	4678	4682		0
nwESecurityAction	Autodesk.Navisworks.Api.Interop.ComApi	Autodesk/Navisworks/Api/Interop/ComApi.py	4683	4687		0
nwESelTreeBottom	Autodesk.Navisworks.Api.Interop.ComApi	Autodesk/Navisworks/Api/Interop/ComApi.py	4688	4692		0
nwESelTreeGroupMode	Autodesk.Navisworks.Api.Interop.ComApi	Autodesk/Navisworks/Api/Interop/ComApi.py	4693	4697		0
nwESelTreeIcon	Autodesk.Navisworks.Api.Interop.ComApi	Autodesk/Navisworks/Api/Interop/ComApi.py	4698	4702		0
nwESelTreeIconMode	Autodesk.Navisworks.Api.Interop.ComApi	Autodesk/Navisworks/Api/Interop/ComApi.py	4703	4707		0
nwESelTreeNameMode	Autodesk.Navisworks.Api.Interop.ComApi	Autodesk/Navisworks/Api/Interop/ComApi.py	4708	4712		0
nwESelTreeTextFormat	Autodesk.Navisworks.Api.Interop.ComApi	Autodesk/Navisworks/Api/Interop/ComApi.py	4713	4717		0
nwESelTreeTextFormatMode	Autodesk.Navisworks.Api.Interop.ComApi	Autodesk/Navisworks/Api/Interop/ComApi.py	4718	4722		0
nwESelTreeTop	Autodesk.Navisworks.Api.Interop.ComApi	Autodesk/Navisworks/Api/Interop/ComApi.py	4723	4727		0
nwESelectionBehaviour	Autodesk.Navisworks.Api.Interop.ComApi	Autodesk/Navisworks/Api/Interop/ComApi.py	4728	4732		0
nwEStdName	Autodesk.Navisworks.Api.Interop.ComApi	Autodesk/Navisworks/Api/Interop/ComApi.py	4733	4737		0
nwETestResultStatus	Autodesk.Navisworks.Api.Interop.ComApi	Autodesk/Navisworks/Api/Interop/ComApi.py	4738	4742		0
nwEURLDisplayType	Autodesk.Navisworks.Api.Interop.ComApi	Autodesk/Navisworks/Api/Interop/ComApi.py	4743	4747		0
nwEUtilObjType	Autodesk.Navisworks.Api.Interop.ComApi	Autodesk/Navisworks/Api/Interop/ComApi.py	4748	4752		0
nwEVertexProperty	Autodesk.Navisworks.Api.Interop.ComApi	Autodesk/Navisworks/Api/Interop/ComApi.py	4753	4757		0
nwOpState	Autodesk.Navisworks.Api.Interop.ComApi	Autodesk/Navisworks/Api/Interop/ComApi.py	4758	4762		0
nwOpStateClass	Autodesk.Navisworks.Api.Interop.ComApi	Autodesk/Navisworks/Api/Interop/ComApi.py	4763	4885	__ComObject	119
nwScriptParser	Autodesk.Navisworks.Api.Interop.ComApi	Autodesk/Navisworks/Api/Interop/ComApi.py	4886	4890		0
nwScriptParserClass	Autodesk.Navisworks.Api.Interop.ComApi	Autodesk/Navisworks/Api/Interop/ComApi.py	4891	4903	__ComObject	9
nwUtilityObject	Autodesk.Navisworks.Api.Interop.ComApi	Autodesk/Navisworks/Api/Interop/ComApi.py	4904	4908		0
nwUtilityObjectClass	Autodesk.Navisworks.Api.Interop.ComApi	Autodesk/Navisworks/Api/Interop/ComApi.py	4909	4914	__ComObject	2
nwVerIndependentControl	Autodesk.Navisworks.Api.Interop.ComApi	Autodesk/Navisworks/Api/Interop/ComApi.py	4915	4919		0
nwVerIndependentControlClass	Autodesk.Navisworks.Api.Interop.ComApi	Autodesk/Navisworks/Api/Interop/ComApi.py	4920	5005	__ComObject	82
nwVerIndependentScriptParser	Autodesk.Navisworks.Api.Interop.ComApi	Autodesk/Navisworks/Api/Interop/ComApi.py	5006	5010		0
nwVerIndependentScriptParserClass	Autodesk.Navisworks.Api.Interop.ComApi	Autodesk/Navisworks/Api/Interop/ComApi.py	5011	5023	__ComObject	9
nwVerIndependentState	Autodesk.Navisworks.Api.Interop.ComApi	Autodesk/Navisworks/Api/Interop/ComApi.py	5024	5028		0
nwVerIndependentStateClass	Autodesk.Navisworks.Api.Interop.ComApi	Autodesk/Navisworks/Api/Interop/ComApi.py	5029	5151	__ComObject	119
nwiFactoryDelegate	Autodesk.Navisworks.Internal.ApiImplementation	Autodesk/Navisworks/Internal/ApiImplementation/__init__.py	393	401		5
outputMessageHandler	Autodesk.AutoCAD.Internal	Autodesk/AutoCAD/Internal/__init__.py	3506	3514		5
setConsentStatusHandler	Autodesk.AutoCAD.Internal	Autodesk/AutoCAD/Internal/__init__.py	3515	3523		5
setOnBoardingCompletedHandler	Autodesk.AutoCAD.Internal	Autodesk/AutoCAD/Internal/__init__.py	3524	3532		5
setValueAsStringHandler	Autodesk.AutoCAD.Internal	Autodesk/AutoCAD/Internal/__init__.py	3533	3541		5
